method,path,file,line,handler,module,guards,public,roles,kind,svcCall,hasFrontendCaller
GET,/api/admin/cron-status,modules/admin/presentation/controllers/admin-cron-status.controller.ts,30,getCronStatus,admin,"JwtAuthGuard, RolesGuard",false,UserRole.SUPER_ADMIN,UserRole.DIRECTOR,svc,cronStatusService.getAllStatuses,false
GET,/api/admin/roles,modules/admin/presentation/controllers/admin-extra.controller.ts,27,getRoles,admin,"JwtAuthGuard, RolesGuard",false,,svc,svc.getRoles,false
GET,/api/admin/logs,modules/admin/presentation/controllers/admin-extra.controller.ts,33,getLogs,admin,"JwtAuthGuard, RolesGuard",false,,svc,svc.getLogs,false
GET,/api/admin/audit,modules/admin/presentation/controllers/admin-extra.controller.ts,42,getAudit,admin,"JwtAuthGuard, RolesGuard",false,,svc,svc.getAudit,true
GET,/api/admin/audit-filtered,modules/admin/presentation/controllers/admin-extra.controller.ts,48,getAuditFiltered,admin,"JwtAuthGuard, RolesGuard",false,,svc,svc.getLogsFiltered,true
GET,/api/admin/audit-tables,modules/admin/presentation/controllers/admin-extra.controller.ts,67,getAuditTables,admin,"JwtAuthGuard, RolesGuard",false,,svc,svc.getDistinctTables,true
GET,/api/admin/system,modules/admin/presentation/controllers/admin-extra.controller.ts,73,getSystemStatus,admin,"JwtAuthGuard, RolesGuard",false,,svc,svc.getSystemStatus,false
GET,/api/admin/system/alerts/:id,modules/admin/presentation/controllers/admin-extra.controller.ts,79,getAlert,admin,"JwtAuthGuard, RolesGuard",false,,svc,svc.getAlertById,false
POST,/api/admin/login,modules/admin/presentation/controllers/admin-extra.controller.ts,85,adminLogin,admin,"JwtAuthGuard, RolesGuard",false,,real?,,false
GET,/api/admin/queues/status,modules/admin/presentation/controllers/admin-queue.controller.ts,27,getStatus,admin,"JwtAuthGuard, RolesGuard",false,,svc,svc.getStatus,true
GET,/api/admin/queues/failed,modules/admin/presentation/controllers/admin-queue.controller.ts,34,getAllFailed,admin,"JwtAuthGuard, RolesGuard",false,,svc,svc.getAllFailed,true
GET,/api/admin/queues/failed/:queue,modules/admin/presentation/controllers/admin-queue.controller.ts,41,getFailedByQueue,admin,"JwtAuthGuard, RolesGuard",false,,svc,svc.getFailedByQueue,true
POST,/api/admin/queues/retry/:queue/:jobId,modules/admin/presentation/controllers/admin-queue.controller.ts,49,retryJob,admin,"JwtAuthGuard, RolesGuard",false,,svc,svc.retryJob,true
DELETE,/api/admin/queues/failed/:id,modules/admin/presentation/controllers/admin-queue.controller.ts,58,deleteFailedJob,admin,"JwtAuthGuard, RolesGuard",false,,svc,svc.deleteFailedJob,true
GET,/api/admin/settings,modules/admin/presentation/controllers/admin-settings.controller.ts,54,getSettings,admin,"JwtAuthGuard, RolesGuard",false,UserRole.SUPER_ADMIN,UserRole.DIRECTOR,svc,settingsRepo.getSettings,false
PATCH,/api/admin/settings,modules/admin/presentation/controllers/admin-settings.controller.ts,77,updateSettings,admin,"JwtAuthGuard, RolesGuard",false,UserRole.SUPER_ADMIN,svc,updateSettingsHandler.execute,false
POST,/api/admin/users,modules/admin/presentation/controllers/admin-users.controller.ts,47,createUser,admin,"JwtAuthGuard, RolesGuard",false,UserRole.SUPER_ADMIN,UserRole.DIRECTOR,svc,createUserHandler.execute,true
GET,/api/admin/users,modules/admin/presentation/controllers/admin-users.controller.ts,70,listUsers,admin,"JwtAuthGuard, RolesGuard",false,UserRole.SUPER_ADMIN,UserRole.DIRECTOR,svc,listUsersHandler.execute,true
PATCH,/api/admin/users/:id/role,modules/admin/presentation/controllers/admin-users.controller.ts,94,updateUserRole,admin,"JwtAuthGuard, RolesGuard",false,UserRole.SUPER_ADMIN,svc,updateUserRoleHandler.execute,true
DELETE,/api/admin/users/:id,modules/admin/presentation/controllers/admin-users.controller.ts,109,deleteUser,admin,"JwtAuthGuard, RolesGuard",false,UserRole.SUPER_ADMIN,svc,userRepo.softDelete,true
GET,/api/agents/director/briefing,modules/agents/agents.controller.ts,73,briefing,agents,"JwtAuthGuard, RolesGuard",false,'director','super_admin','admin','ceo',svc,director.getDailyBriefing,true
POST,/api/agents/director/ask,modules/agents/agents.controller.ts,77,ask,agents,"JwtAuthGuard, RolesGuard",false,'director','super_admin','admin','ceo',svc,director.askAdvisor,true
GET,/api/agents/director/module-health,modules/agents/agents.controller.ts,84,moduleHealth,agents,"JwtAuthGuard, RolesGuard",false,'director','super_admin','admin','ceo',svc,director.getModuleHealth,true
GET,/api/agents/crm/score-leads,modules/agents/agents.controller.ts,89,?,agents,"JwtAuthGuard, RolesGuard",false,'director','super_admin','admin','ceo',real?,,true
POST,/api/agents/crm/proposal/:leadId,modules/agents/agents.controller.ts,90,?,agents,"JwtAuthGuard, RolesGuard",false,,real?,,false
GET,/api/agents/crm/customer360/:id,modules/agents/agents.controller.ts,91,?,agents,"JwtAuthGuard, RolesGuard",false,,real?,,false
GET,/api/agents/crm/churn/:id,modules/agents/agents.controller.ts,92,?,agents,"JwtAuthGuard, RolesGuard",false,,real?,,false
GET,/api/agents/production/monitor,modules/agents/agents.controller.ts,95,?,agents,"JwtAuthGuard, RolesGuard",false,,real?,,true
GET,/api/agents/production/oee,modules/agents/agents.controller.ts,96,?,agents,"JwtAuthGuard, RolesGuard",false,,real?,,true
GET,/api/agents/production/bottleneck,modules/agents/agents.controller.ts,97,?,agents,"JwtAuthGuard, RolesGuard",false,,real?,,true
GET,/api/agents/production/shift-report/:shiftId,modules/agents/agents.controller.ts,98,?,agents,"JwtAuthGuard, RolesGuard",false,,real?,,false
GET,/api/agents/inventory/forecast/:materialId,modules/agents/agents.controller.ts,101,?,agents,"JwtAuthGuard, RolesGuard",false,,real?,,false
GET,/api/agents/inventory/critical,modules/agents/agents.controller.ts,102,?,agents,"JwtAuthGuard, RolesGuard",false,,real?,,true
GET,/api/agents/inventory/abc,modules/agents/agents.controller.ts,103,?,agents,"JwtAuthGuard, RolesGuard",false,,real?,,false
GET,/api/agents/inventory/rolls,modules/agents/agents.controller.ts,104,?,agents,"JwtAuthGuard, RolesGuard",false,,real?,,true
GET,/api/agents/inventory/rolls/fifo,modules/agents/agents.controller.ts,105,?,agents,"JwtAuthGuard, RolesGuard",false,,real?,,true
POST,/api/agents/inventory/rolls/scan,modules/agents/agents.controller.ts,106,?,agents,"JwtAuthGuard, RolesGuard",false,,real?,,true
POST,/api/agents/inventory/rolls/use,modules/agents/agents.controller.ts,110,?,agents,"JwtAuthGuard, RolesGuard",false,,real?,,true
GET,/api/agents/inventory/rolls/qr/:dbId,modules/agents/agents.controller.ts,114,?,agents,"JwtAuthGuard, RolesGuard",false,,real?,,true
GET,/api/agents/finance/cashflow,modules/agents/agents.controller.ts,117,?,agents,"JwtAuthGuard, RolesGuard",false,,real?,,true
GET,/api/agents/finance/overdue,modules/agents/agents.controller.ts,118,bonusDefault,agents,"JwtAuthGuard, RolesGuard",false,,svc,i18n.t,false
GET,/api/agents/finance/fraud,modules/agents/agents.controller.ts,119,bonusDefault,agents,"JwtAuthGuard, RolesGuard",false,,svc,i18n.t,false
GET,/api/agents/supplier/scores,modules/agents/agents.controller.ts,122,bonusDefault,agents,"JwtAuthGuard, RolesGuard",false,,svc,i18n.t,true
GET,/api/agents/supplier/risks,modules/agents/agents.controller.ts,123,bonusDefault,agents,"JwtAuthGuard, RolesGuard",false,,svc,i18n.t,true
GET,/api/agents/hr/performance,modules/agents/agents.controller.ts,126,bonusDefault,agents,"JwtAuthGuard, RolesGuard",false,,svc,i18n.t,true
GET,/api/agents/hr/performance/:id,modules/agents/agents.controller.ts,127,bonusDefault,agents,"JwtAuthGuard, RolesGuard",false,,svc,i18n.t,true
GET,/api/agents/hr/churn,modules/agents/agents.controller.ts,128,bonusDefault,agents,"JwtAuthGuard, RolesGuard",false,,svc,i18n.t,true
GET,/api/agents/hr/churn/:id,modules/agents/agents.controller.ts,129,bonusDefault,agents,"JwtAuthGuard, RolesGuard",false,,svc,i18n.t,true
GET,/api/agents/hr/bonus,modules/agents/agents.controller.ts,130,bonusDefault,agents,"JwtAuthGuard, RolesGuard",false,,svc,i18n.t,true
GET,/api/agents/hr/bonus/:id,modules/agents/agents.controller.ts,138,bonus,agents,"JwtAuthGuard, RolesGuard",false,,svc,i18n.t,true
GET,/api/agents/quality/trend,modules/agents/agents.controller.ts,148,?,agents,"JwtAuthGuard, RolesGuard",false,,real?,,true
GET,/api/agents/quality/quarantine,modules/agents/agents.controller.ts,149,?,agents,"JwtAuthGuard, RolesGuard",false,,real?,,true
GET,/api/agents/security/access-attempts,modules/agents/agents.controller.ts,152,?,agents,"JwtAuthGuard, RolesGuard",false,,real?,,true
GET,/api/agents/security/audit-anomalies,modules/agents/agents.controller.ts,153,?,agents,"JwtAuthGuard, RolesGuard",false,,real?,,false
GET,/api/agents/marketing/roi/:campaignId,modules/agents/agents.controller.ts,156,?,agents,"JwtAuthGuard, RolesGuard",false,,real?,,false
POST,/api/agents/marketing/content,modules/agents/agents.controller.ts,157,?,agents,"JwtAuthGuard, RolesGuard",false,,real?,,false
GET,/api/agents/marketing/segments,modules/agents/agents.controller.ts,161,?,agents,"JwtAuthGuard, RolesGuard",false,,real?,,true
GET,/api/agents/lms/progress/:id,modules/agents/agents.controller.ts,164,?,agents,"JwtAuthGuard, RolesGuard",false,,real?,,false
GET,/api/agents/lms/expiry,modules/agents/agents.controller.ts,165,?,agents,"JwtAuthGuard, RolesGuard",false,,real?,,true
GET,/api/agents/iot/sensor,modules/agents/agents.controller.ts,168,scenario,agents,"JwtAuthGuard, RolesGuard",false,'director','super_admin','admin','ceo',svc,strategic.scenarioAnalysis,true
GET,/api/agents/iot/sensor/:machineId,modules/agents/agents.controller.ts,169,scenario,agents,"JwtAuthGuard, RolesGuard",false,'director','super_admin','admin','ceo',svc,strategic.scenarioAnalysis,true
GET,/api/agents/iot/anomaly/:machineId,modules/agents/agents.controller.ts,170,scenario,agents,"JwtAuthGuard, RolesGuard",false,'director','super_admin','admin','ceo',svc,strategic.scenarioAnalysis,false
GET,/api/agents/iot/rul/:machineId,modules/agents/agents.controller.ts,171,scenario,agents,"JwtAuthGuard, RolesGuard",false,'director','super_admin','admin','ceo',svc,strategic.scenarioAnalysis,false
GET,/api/agents/facilities/utility,modules/agents/agents.controller.ts,174,scenario,agents,"JwtAuthGuard, RolesGuard",false,'director','super_admin','admin','ceo',svc,strategic.scenarioAnalysis,true
GET,/api/agents/facilities/maintenance,modules/agents/agents.controller.ts,175,scenario,agents,"JwtAuthGuard, RolesGuard",false,'director','super_admin','admin','ceo',svc,strategic.scenarioAnalysis,true
GET,/api/agents/facilities/supplies,modules/agents/agents.controller.ts,176,scenario,agents,"JwtAuthGuard, RolesGuard",false,'director','super_admin','admin','ceo',svc,strategic.scenarioAnalysis,true
POST,/api/agents/strategic/scenario,modules/agents/agents.controller.ts,179,scenario,agents,"JwtAuthGuard, RolesGuard",false,'director','super_admin','admin','ceo',svc,strategic.scenarioAnalysis,true
GET,/api/agents/strategic/forecast-revenue,modules/agents/agents.controller.ts,186,forecastRev,agents,"JwtAuthGuard, RolesGuard",false,'director','super_admin','admin','cfo','ceo',svc,strategic.forecastRevenue,true
GET,/api/agents/strategic/investment,modules/agents/agents.controller.ts,190,investment,agents,"JwtAuthGuard, RolesGuard",false,'director','super_admin','admin','cfo','ceo',svc,strategic.recommendCapitalInvestment,true
GET,/api/agents/alerts,modules/agents/agents.controller.ts,195,myAlerts,agents,"JwtAuthGuard, RolesGuard",false,'director','super_admin','admin','cfo','ceo',svc,alerts.listForUser,true
POST,/api/agents/alerts/:id/read,modules/agents/agents.controller.ts,201,?,agents,"JwtAuthGuard, RolesGuard",false,,real?,,true
GET,/api/ai/automation/status,modules/ai/presentation/ai-automation.controller.ts,24,getStatus,ai,"RolesGuard",false,'admin','director',svc,automation.getAutomationStatus,true
POST,/api/ai/automation/run-all-pending,modules/ai/presentation/ai-automation.controller.ts,32,runAllPending,ai,"RolesGuard",false,'admin',svc,automation.runAllPendingJobs,true
POST,/api/ai/crm/score-lead/:leadId,modules/ai/presentation/ai-crm.controller.ts,32,scoreLead,ai,"RolesGuard",false,'admin','crm_manager','manager','sales',svc,crmAi.scoreLead,true
POST,/api/ai/crm/deal-probability/:dealId,modules/ai/presentation/ai-crm.controller.ts,40,dealProbability,ai,"RolesGuard",false,'admin','crm_manager','manager','sales',svc,crmAi.predictDealProbability,true
POST,/api/ai/crm/churn-risk/:contactId,modules/ai/presentation/ai-crm.controller.ts,48,churnRisk,ai,"RolesGuard",false,'admin','crm_manager','manager',svc,crmAi.assessChurnRisk,true
POST,/api/ai/crm/email-template,modules/ai/presentation/ai-crm.controller.ts,61,emailTemplate,ai,"RolesGuard",false,'admin','crm_manager','sales','manager',svc,crmAi.generateEmailTemplate,true
POST,/api/ai/crm/next-best-action/:dealId,modules/ai/presentation/ai-crm.controller.ts,73,nextBestAction,ai,"RolesGuard",false,'admin','crm_manager','sales','manager',svc,crmAi.nextBestAction,true
POST,/api/ai/director/kpi-explain,modules/ai/presentation/ai-director.controller.ts,36,explainKpi,ai,"RolesGuard",false,'admin','director','manager','cfo',svc,directorAi.explainKpi,true
POST,/api/ai/director/risk-assess,modules/ai/presentation/ai-director.controller.ts,51,riskAssess,ai,"RolesGuard",false,'admin','director','cfo',svc,directorAi.assessRisks,true
POST,/api/ai/director/strategic-recommendations,modules/ai/presentation/ai-director.controller.ts,63,strategicRecommendations,ai,"RolesGuard",false,'admin','director',svc,directorStrategy.generateStrategicRecommendations,true
GET,/api/ai/director/executive-summary,modules/ai/presentation/ai-director.controller.ts,75,executiveSummary,ai,"RolesGuard",false,'admin','director',svc,directorStrategy.generateExecutiveSummary,false
GET,/api/ai-exam/attempts,modules/ai/presentation/ai-exam.controller.ts,32,getAttempts,ai,"JwtAuthGuard, RolesGuard",false,,svc,service.getAttempts,true
GET,/api/ai-exam/attempt/:id,modules/ai/presentation/ai-exam.controller.ts,38,getAttemptById,ai,"JwtAuthGuard, RolesGuard",false,,svc,service.getAttemptById,true
POST,/api/ai-exam/assign,modules/ai/presentation/ai-exam.controller.ts,44,assignExam,ai,"JwtAuthGuard, RolesGuard",false,,svc,service.assignExam,true
GET,/api/ai-exam/attempt,modules/ai/presentation/ai-exam.controller.ts,52,getAttemptsAlias,ai,"JwtAuthGuard, RolesGuard",false,,svc,service.getAttempts,true
POST,/api/ai-exam/attempt,modules/ai/presentation/ai-exam.controller.ts,58,submitAttempt,ai,"JwtAuthGuard, RolesGuard",false,,svc,service.submitAttempt,true
DELETE,/api/ai-exam/attempt/:id,modules/ai/presentation/ai-exam.controller.ts,66,deleteAttempt,ai,"JwtAuthGuard, RolesGuard",false,,svc,service.deleteAttempt,true
GET,/api/ai/finance/anomalies,modules/ai/presentation/ai-finance.controller.ts,69,detectAnomalies,ai,"RolesGuard",false,'admin','accountant','cfo','director',svc,financeAi.detectAnomalies,true
GET,/api/ai/finance/insights,modules/ai/presentation/ai-finance.controller.ts,78,getInsights,ai,"RolesGuard",false,'admin','accountant','cfo','director','manager',svc,financeAi.detectAnomalies,true
POST,/api/ai/finance/cashflow-forecast,modules/ai/presentation/ai-finance.controller.ts,142,cashflowForecast,ai,"RolesGuard",false,'admin','accountant','cfo','director',svc,financeAi.forecastCashflow,true
POST,/api/ai/finance/budget-variance,modules/ai/presentation/ai-finance.controller.ts,154,budgetVariance,ai,"RolesGuard",false,'admin','accountant','cfo','director','manager',svc,financeAnalysis.explainBudgetVariance,true
POST,/api/ai/finance/classify-invoice,modules/ai/presentation/ai-finance.controller.ts,168,classifyInvoice,ai,"RolesGuard",false,'admin','accountant','cfo',svc,financeAnalysis.classifyInvoice,true
POST,/api/ai/finance/fraud-risk,modules/ai/presentation/ai-finance.controller.ts,180,fraudRisk,ai,"RolesGuard",false,'admin','accountant','cfo','director',svc,financeAnalysis.assessFraudRisk,true
GET,/api/ai-hr/interviews,modules/ai/presentation/ai-hr-new.controller.ts,34,getInterviews,ai,"JwtAuthGuard, RolesGuard",false,,svc,service.getInterviews,true
POST,/api/ai-hr/interviews,modules/ai/presentation/ai-hr-new.controller.ts,40,createInterview,ai,"JwtAuthGuard, RolesGuard",false,,svc,service.createInterview,true
GET,/api/ai-hr/dashboard,modules/ai/presentation/ai-hr-new.controller.ts,48,getDashboard,ai,"JwtAuthGuard, RolesGuard",false,,svc,service.getDashboard,true
GET,/api/ai-hr/providers,modules/ai/presentation/ai-hr-new.controller.ts,54,getProviders,ai,"JwtAuthGuard, RolesGuard",false,,svc,service.getProviders,true
GET,/api/ai-hr/usage/budget,modules/ai/presentation/ai-hr-new.controller.ts,60,getUsageBudget,ai,"JwtAuthGuard, RolesGuard",false,,svc,service.getUsageBudget,true
GET,/api/ai-hr/tasks/:id,modules/ai/presentation/ai-hr-new.controller.ts,66,getTaskById,ai,"JwtAuthGuard, RolesGuard",false,,svc,service.getTaskById,true
POST,/api/ai-hr/tasks/:taskType,modules/ai/presentation/ai-hr-new.controller.ts,73,submitTask,ai,"JwtAuthGuard, RolesGuard",false,,svc,service.submitTask,true
POST,/api/ai/hr/screen/:candidateId,modules/ai/presentation/ai-hr.controller.ts,38,screenCandidate,ai,"RolesGuard",false,'admin','hr_manager','hr','hr_recruiter',svc,hrAi.screenCandidate,true
POST,/api/ai/hr/classify-productivity,modules/ai/presentation/ai-hr.controller.ts,46,classifyProductivity,ai,"RolesGuard",false,'admin','hr_manager','hr','hr_recruiter',svc,hrAi.classifyProductivity,true
POST,/api/ai/hr/interview-questions,modules/ai/presentation/ai-hr.controller.ts,55,generateInterviewQuestions,ai,"RolesGuard",false,'admin','hr_manager','hr','hr_recruiter',svc,hrAi.generateInterviewQuestions,true
POST,/api/ai/hr/analyze-tool-test/:toolTestId,modules/ai/presentation/ai-hr.controller.ts,64,analyzeToolTest,ai,"RolesGuard",false,'admin','hr_manager','hr','hr_recruiter',svc,hrAiExt.analyzeToolTest,true
POST,/api/ai/hr/onboarding-plan,modules/ai/presentation/ai-hr.controller.ts,73,generateOnboardingPlan,ai,"RolesGuard",false,'admin','hr_manager','hr',svc,hrAiExt.generateOnboardingPlan,true
POST,/api/ai/hr/performance-review/:employeeId,modules/ai/presentation/ai-hr.controller.ts,82,performanceReview,ai,"RolesGuard",false,'admin','hr_manager','manager',svc,hrAiExt.performanceReview,true
POST,/api/ai/marketing/generate-content,modules/ai/presentation/ai-marketing.controller.ts,33,generateContent,ai,"RolesGuard",false,'admin','marketing','manager','designer',svc,marketingAi.generateContent,true
POST,/api/ai/marketing/ad-copy,modules/ai/presentation/ai-marketing.controller.ts,47,adCopy,ai,"RolesGuard",false,'admin','marketing','manager',svc,marketingAi.generateAdCopy,true
POST,/api/ai/marketing/sentiment-analyze,modules/ai/presentation/ai-marketing.controller.ts,61,sentimentAnalyze,ai,"RolesGuard",false,'admin','marketing','manager','crm_manager',svc,marketingAi.analyzeSentiment,true
POST,/api/ai/marketing/seo-optimize,modules/ai/presentation/ai-marketing.controller.ts,73,seoOptimize,ai,"RolesGuard",false,'admin','marketing','manager',svc,marketingAi.optimizeSeo,true
GET,/api/ai-planning/dashboard,modules/ai/presentation/ai-planning.controller.ts,40,getDashboard,ai,"JwtAuthGuard, RolesGuard",false,,svc,service.getDashboard,true
GET,/api/ai-planning/plans,modules/ai/presentation/ai-planning.controller.ts,46,getPlans,ai,"JwtAuthGuard, RolesGuard",false,,svc,service.getPlans,true
POST,/api/ai-planning/plans,modules/ai/presentation/ai-planning.controller.ts,52,createPlan,ai,"JwtAuthGuard, RolesGuard",false,,svc,service.createPlan,true
GET,/api/ai-planning/config,modules/ai/presentation/ai-planning.controller.ts,61,getConfig,ai,"JwtAuthGuard, RolesGuard",false,,svc,service.getConfig,true
PUT,/api/ai-planning/config,modules/ai/presentation/ai-planning.controller.ts,67,updateConfig,ai,"JwtAuthGuard, RolesGuard",false,,svc,service.updateConfig,true
PATCH,/api/ai-planning/config,modules/ai/presentation/ai-planning.controller.ts,75,patchConfig,ai,"JwtAuthGuard, RolesGuard",false,,svc,service.updateConfig,true
POST,/api/ai-planning/generate,modules/ai/presentation/ai-planning.controller.ts,85,generatePlan,ai,"JwtAuthGuard, RolesGuard",false,,svc,service.generatePlan,true
GET,/api/ai-planning/plans/:id,modules/ai/presentation/ai-planning.controller.ts,94,getPlanById,ai,"JwtAuthGuard, RolesGuard",false,,svc,service.getPlanById,true
GET,/api/ai-planning/plans/:id/batch-groups,modules/ai/presentation/ai-planning.controller.ts,100,getBatchGroups,ai,"JwtAuthGuard, RolesGuard",false,,svc,service.getBatchGroups,true
POST,/api/ai-planning/plans/:id/approve,modules/ai/presentation/ai-planning.controller.ts,106,approvePlan,ai,"JwtAuthGuard, RolesGuard",false,,svc,service.approvePlan,true
POST,/api/ai-planning/plans/:id/reject,modules/ai/presentation/ai-planning.controller.ts,115,rejectPlan,ai,"JwtAuthGuard, RolesGuard",false,,svc,service.rejectPlan,true
POST,/api/ai-planning/plans/:id/execute,modules/ai/presentation/ai-planning.controller.ts,124,executePlan,ai,"JwtAuthGuard, RolesGuard",false,,svc,service.executePlan,true
POST,/api/ai-planning/plans/:id/reschedule,modules/ai/presentation/ai-planning.controller.ts,132,reschedulePlan,ai,"JwtAuthGuard, RolesGuard",false,,svc,service.reschedulePlan,true
POST,/api/ai-planning/decisions/:id/accept,modules/ai/presentation/ai-planning.controller.ts,141,acceptDecision,ai,"JwtAuthGuard, RolesGuard",false,,svc,service.acceptDecision,true
POST,/api/ai-planning/orders/:orderId/block-material,modules/ai/presentation/ai-planning.controller.ts,149,blockMaterial,ai,"JwtAuthGuard, RolesGuard",false,,svc,service.blockMaterial,true
GET,/api/ai-reservation,modules/ai/presentation/ai-reservation.controller.ts,31,getAll,ai,"JwtAuthGuard, RolesGuard",false,,svc,service.getAll,true
GET,/api/ai-reservation/requests,modules/ai/presentation/ai-reservation.controller.ts,37,getRequests,ai,"JwtAuthGuard, RolesGuard",false,,svc,service.getRequests,true
GET,/api/ai-reservation/dashboard,modules/ai/presentation/ai-reservation.controller.ts,43,getDashboard,ai,"JwtAuthGuard, RolesGuard",false,,svc,service.getDashboard,true
POST,/api/ai-reservation/request,modules/ai/presentation/ai-reservation.controller.ts,49,createRequest,ai,"JwtAuthGuard, RolesGuard",false,,svc,service.createRequest,true
GET,/api/ai-reservation/optimize,modules/ai/presentation/ai-reservation.controller.ts,57,optimizeReservation,ai,"JwtAuthGuard, RolesGuard",false,,svc,service.optimizeReservation,true
POST,/api/ai-reservation/requests/:id/confirm,modules/ai/presentation/ai-reservation.controller.ts,63,confirmRequest,ai,"JwtAuthGuard, RolesGuard",false,,svc,service.confirmRequest,true
POST,/api/ai-reservation/requests/:id/cancel,modules/ai/presentation/ai-reservation.controller.ts,71,cancelRequest,ai,"JwtAuthGuard, RolesGuard",false,,svc,service.cancelRequest,true
GET,/api/ai-reservation/batches,modules/ai/presentation/ai-reservation.controller.ts,79,getBatches,ai,"JwtAuthGuard, RolesGuard",false,,svc,service.getAll,true
POST,/api/ai-reservation/batches,modules/ai/presentation/ai-reservation.controller.ts,85,createBatch,ai,"JwtAuthGuard, RolesGuard",false,,svc,service.createBatch,true
POST,/api/ai/wms/reorder-point,modules/ai/presentation/ai-wms.controller.ts,33,reorderPoint,ai,"RolesGuard",false,'admin','warehouse_manager','manager',svc,wmsAi.calculateReorderPoint,true
POST,/api/ai/wms/optimize-stock,modules/ai/presentation/ai-wms.controller.ts,48,optimizeStock,ai,"RolesGuard",false,'admin','warehouse_manager','manager',svc,wmsAi.optimizeStock,true
POST,/api/ai/wms/delivery-predict,modules/ai/presentation/ai-wms.controller.ts,60,deliveryPredict,ai,"RolesGuard",false,'admin','warehouse_manager','logistics','manager',svc,wmsAi.predictDelivery,true
POST,/api/ai/wms/route-optimize,modules/ai/presentation/ai-wms.controller.ts,75,routeOptimize,ai,"RolesGuard",false,'admin','logistics','driver','manager',svc,wmsAi.optimizeRoute,true
POST,/api/ai/call,modules/ai/presentation/ai.controller.ts,54,?,ai,"RolesGuard",false,,real?,,true
GET,/api/ai/budget,modules/ai/presentation/ai.controller.ts,108,?,ai,"RolesGuard",false,Role.SUPER_ADMIN,Role.DIRECTOR,Role.FINANCE_MANAGER,real?,,false
GET,/api/ai/bottleneck/analysis,modules/ai/presentation/ai.controller.ts,169,getBottleneckAnalysis,ai,"RolesGuard",false,Role.SUPER_ADMIN,Role.DIRECTOR,Role.PRODUCTION_MANAGER,stub/dead,,true
GET,/api/ai/forecast/demand,modules/ai/presentation/ai.controller.ts,176,getDemandForecast,ai,"RolesGuard",false,Role.SUPER_ADMIN,Role.DIRECTOR,Role.PRODUCTION_MANAGER,stub/dead,,true
GET,/api/ai/rush-orders,modules/ai/presentation/ai.controller.ts,184,getRushOrders,ai,"RolesGuard",false,Role.SUPER_ADMIN,Role.DIRECTOR,Role.PRODUCTION_MANAGER,stub/dead,,true
POST,/api/ai/rush-orders/:id/approve,modules/ai/presentation/ai.controller.ts,192,approveRushOrder,ai,"RolesGuard",false,Role.SUPER_ADMIN,Role.DIRECTOR,Role.PRODUCTION_MANAGER,stub/dead,,true
POST,/api/ai/rush-orders/:id/reject,modules/ai/presentation/ai.controller.ts,201,rejectRushOrder,ai,"RolesGuard",false,Role.SUPER_ADMIN,Role.DIRECTOR,Role.PRODUCTION_MANAGER,stub/dead,,true
GET,/api/ai/shift/recommendations,modules/ai/presentation/ai.controller.ts,211,getShiftRecommendations,ai,"RolesGuard",false,Role.SUPER_ADMIN,Role.DIRECTOR,Role.PRODUCTION_MANAGER,Role.HR_MANAGER,real?,,true
POST,/api/forecast/run,modules/ai/presentation/forecast-ext.controller.ts,70,runAll,ai,"JwtAuthGuard, PermissionGuard",false,,svc,weeklyJob.scheduleForecastJobs,false
POST,/api/forecast/:id/ema,modules/ai/presentation/forecast-ext.controller.ts,79,ema,ai,"JwtAuthGuard, PermissionGuard",false,,svc,forecastSvc.forecastEma,false
POST,/api/forecast/:id/hw,modules/ai/presentation/forecast-ext.controller.ts,88,hw,ai,"JwtAuthGuard, PermissionGuard",false,,svc,hwSvc.autoForecast,false
POST,/api/forecast/:id/croston,modules/ai/presentation/forecast-ext.controller.ts,97,croston,ai,"JwtAuthGuard, PermissionGuard",false,,svc,crostonSvc.forecast,false
POST,/api/forecast/:id/ensemble,modules/ai/presentation/forecast-ext.controller.ts,123,ensemble,ai,"JwtAuthGuard, PermissionGuard",false,,svc,ensembleSvc.ensemble,false
GET,/api/gpt/status,modules/ai/presentation/gpt.controller.ts,33,getStatus,ai,"JwtAuthGuard, RolesGuard",false,,svc,logger.log,false
GET,/api/gpt/chat,modules/ai/presentation/gpt.controller.ts,39,getChatInfo,ai,"JwtAuthGuard, RolesGuard",false,,svc,logger.log,false
POST,/api/gpt/test,modules/ai/presentation/gpt.controller.ts,45,test,ai,"JwtAuthGuard, RolesGuard",false,,svc,logger.log,true
GET,/api/insights,modules/ai/presentation/insights.controller.ts,33,getAll,ai,"JwtAuthGuard, RolesGuard",false,,svc,service.getAll,true
GET,/api/insights/dashboard,modules/ai/presentation/insights.controller.ts,40,getDashboard,ai,"JwtAuthGuard, RolesGuard",false,,svc,service.getAll,false
POST,/api/insights/generate,modules/ai/presentation/insights.controller.ts,49,generate,ai,"JwtAuthGuard, RolesGuard",false,,svc,service.generate,true
PATCH,/api/insights/:id/read,modules/ai/presentation/insights.controller.ts,57,markRead,ai,"JwtAuthGuard, RolesGuard",false,,svc,service.markRead,true
POST,/api/ai-agents/sales/evaluate,modules/ai-agents/presentation/ai-agents.controller.ts,107,salesEvaluate,ai-agents,"JwtAuthGuard, RolesGuard",false,'DIRECTOR','SUPER_ADMIN','SALES_MANAGER','SALES_HEAD',svc,sales.evaluate,false
POST,/api/ai-agents/prepress/tech-card,modules/ai-agents/presentation/ai-agents.controller.ts,116,generateTechCard,ai-agents,"JwtAuthGuard, RolesGuard",false,'DIRECTOR','SUPER_ADMIN','PREPRESS_OPERATOR','PREPRESS_MANAGER',svc,prepress.generateTechCard,true
POST,/api/ai-agents/planning/plan,modules/ai-agents/presentation/ai-agents.controller.ts,125,plan,ai-agents,"JwtAuthGuard, RolesGuard",false,'DIRECTOR','SUPER_ADMIN','PP_PLANNER','PRODUCTION_MANAGER',svc,planner.plan,false
POST,/api/ai-agents/mes/oee,modules/ai-agents/presentation/ai-agents.controller.ts,140,oeeCalc,ai-agents,"JwtAuthGuard, RolesGuard",false,'DIRECTOR','SUPER_ADMIN','MES_OPERATOR','SHIFT_TECHNOLOGIST',svc,mes.calcOee,false
POST,/api/ai-agents/mes/anomaly,modules/ai-agents/presentation/ai-agents.controller.ts,149,detectAnomaly,ai-agents,"JwtAuthGuard, RolesGuard",false,'DIRECTOR','SUPER_ADMIN','MES_OPERATOR','SHIFT_TECHNOLOGIST',svc,mes.detectAnomaly,false
POST,/api/ai-agents/qc/vision-analyze,modules/ai-agents/presentation/ai-agents.controller.ts,158,visionAnalyze,ai-agents,"JwtAuthGuard, RolesGuard",false,'DIRECTOR','SUPER_ADMIN','QC_INSPECTOR','QC_MANAGER',svc,visionQc.analyze,false
POST,/api/ai-agents/logistics/vrp,modules/ai-agents/presentation/ai-agents.controller.ts,167,vrpOptimize,ai-agents,"JwtAuthGuard, RolesGuard",false,'DIRECTOR','SUPER_ADMIN','LOGISTICS_MANAGER','DRIVER',svc,vrp.optimize,false
GET,/api/ai-agents/audit/stats,modules/ai-agents/presentation/ai-agents.controller.ts,175,auditStats,ai-agents,"JwtAuthGuard, RolesGuard",false,'DIRECTOR','SUPER_ADMIN',svc,logSvc.getStats,true
GET,/api/ai-agents/audit/:agent/decisions,modules/ai-agents/presentation/ai-agents.controller.ts,183,recentDecisions,ai-agents,"JwtAuthGuard, RolesGuard",false,'DIRECTOR','SUPER_ADMIN',svc,logSvc.getRecentDecisions,true
GET,/api/ai-agents/audit/hard-block-stats,modules/ai-agents/presentation/ai-agents.controller.ts,199,hardBlockStats,ai-agents,"JwtAuthGuard, RolesGuard",false,'DIRECTOR','SUPER_ADMIN',svc,logSvc.getHardBlockStats,true
GET,/api/ai-agents/list,modules/ai-agents/presentation/ai-agents.controller.ts,208,listAgents,ai-agents,"JwtAuthGuard, RolesGuard",false,'DIRECTOR','SUPER_ADMIN','PRODUCTION_MANAGER','SALES_MANAGER',svc,logSvc.getStats,true
POST,/api/ai-agents/:agentId/trigger,modules/ai-agents/presentation/ai-agents.controller.ts,249,triggerAgent,ai-agents,"JwtAuthGuard, RolesGuard",false,'DIRECTOR','SUPER_ADMIN',stub/dead,,true
POST,/api/aisha/chat,modules/aisha/presentation/controllers/chat.controller.ts,124,chat,aisha,"JwtAuthGuard",false,,svc,logger.log,true
POST,/api/aisha/voice/transcribe,modules/aisha/presentation/controllers/voice.controller.ts,38,transcribe,aisha,"JwtAuthGuard",false,,svc,i18n.t,true
POST,/api/aisha/voice/synthesize,modules/aisha/presentation/controllers/voice.controller.ts,52,synthesize,aisha,"JwtAuthGuard",false,,svc,eleven.synthesizeStream,true
GET,/api/aisha/wake/config,modules/aisha/presentation/controllers/wake-config.controller.ts,40,config,aisha,"JwtAuthGuard",false,,svc,i18n.t,true
PATCH,/api/aisha/wake/sensitivity,modules/aisha/presentation/controllers/wake-config.controller.ts,53,setSensitivity,aisha,"JwtAuthGuard",false,,svc,i18n.t,true
PATCH,/api/auth/change-password,modules/auth/presentation/auth-account.controller.ts,44,changePassword,auth,"",false,,svc,changePasswordHandler.execute,false
POST,/api/auth/verify-otp,modules/auth/presentation/auth-account.controller.ts,60,verifyOtp,auth,"",true,,svc,verifyOtpHandler.execute,true
POST,/api/auth/resend-otp,modules/auth/presentation/auth-account.controller.ts,71,resendOtp,auth,"",true,,svc,resendOtpHandler.execute,true
GET,/api/auth/me,modules/auth/presentation/auth-account.controller.ts,81,me,auth,"",false,,real?,,true
GET,/api/auth/health,modules/auth/presentation/auth-account.controller.ts,88,health,auth,"",true,,real?,,false
POST,/api/auth/login,modules/auth/presentation/auth.controller.ts,84,login,auth,"",true,,svc,loginHandler.execute,true
POST,/api/auth/logout,modules/auth/presentation/auth.controller.ts,115,logout,auth,"",false,,svc,logoutHandler.execute,true
POST,/api/auth/refresh,modules/auth/presentation/auth.controller.ts,147,refresh,auth,"",true,,svc,i18n.t,true
GET,/api/auth/me/permissions,modules/auth/presentation/me-permissions.controller.ts,36,getMyPermissions,auth,"",false,,svc,handler.execute,true
POST,/api/bot/:bot/webhook,modules/bot-gateway/bot-gateway.controller.ts,69,webhook,bot-gateway,"TelegramAuthGuard",false,,literal?,,false
GET,/api/hr-v2/chat/messages/:id/thread,modules/chat/chat-advanced-uploads.controller.ts,48,getThreadMessages,chat,"",false,,svc,chatService.getThreadMessages,true
POST,/api/hr-v2/chat/messages/:id/thread,modules/chat/chat-advanced-uploads.controller.ts,56,sendThreadMessage,chat,"",false,,svc,chatService.sendThreadMessage,true
POST,/api/hr-v2/chat/messages/:id/forward,modules/chat/chat-advanced-uploads.controller.ts,85,forwardMessage,chat,"",false,,svc,chatService.forwardMessage,true
POST,/api/hr-v2/chat/upload/request-url,modules/chat/chat-advanced-uploads.controller.ts,117,requestUploadUrl,chat,"",false,,svc,chatService.getRoomMembers,true
POST,/api/hr-v2/chat/upload/complete,modules/chat/chat-advanced-uploads.controller.ts,146,completeUpload,chat,"",false,,svc,chatService.uploadFileAndSendMessage,true
GET,/api/hr-v2/chat/rooms/:roomId/pinned,modules/chat/chat-advanced.controller.ts,49,getPinnedMessage,chat,"",false,,svc,chatService.assertRoomMember,true
POST,/api/hr-v2/chat/messages/:id/reactions,modules/chat/chat-advanced.controller.ts,69,toggleReaction,chat,"",false,,svc,chatService.toggleReaction,true
PATCH,/api/hr-v2/chat/messages/:id/pin,modules/chat/chat-advanced.controller.ts,93,pinMessage,chat,"",false,,svc,chatService.pinMessage,true
POST,/api/hr-v2/chat/polls,modules/chat/chat-advanced.controller.ts,120,createPoll,chat,"",false,,svc,chatService.createPoll,true
POST,/api/hr-v2/chat/polls/:pollId/vote,modules/chat/chat-advanced.controller.ts,158,votePoll,chat,"",false,,svc,chatService.votePoll,true
GET,/api/chat/notifications,modules/chat/chat-ext.controller.ts,45,getNotifications,chat,"",false,,svc,chatNotifSvc.getNotifications,true
POST,/api/chat/notifications/read-all,modules/chat/chat-ext.controller.ts,55,markAllReadPost,chat,"",false,,svc,chatNotifSvc.markAllRead,true
PATCH,/api/chat/notifications/read-all,modules/chat/chat-ext.controller.ts,66,markAllReadPatch,chat,"",false,,svc,chatNotifSvc.markAllRead,true
PATCH,/api/chat/notifications/:id/read,modules/chat/chat-ext.controller.ts,78,markOneRead,chat,"",false,,svc,chatNotifSvc.markOneRead,true
GET,/api/chat/search,modules/chat/chat-ext.controller.ts,88,searchMessages,chat,"",false,,svc,chatNotifSvc.searchMessages,true
GET,/api/chat/message-tasks,modules/chat/chat-ext.controller.ts,97,getMessageTasks,chat,"",false,,svc,chatNotifSvc.getMessageTasks,true
POST,/api/chat/message-tasks,modules/chat/chat-ext.controller.ts,107,createMessageTask,chat,"",false,,svc,chatNotifSvc.createMessageTask,true
POST,/api/chat/context-room,modules/chat/chat-ext.controller.ts,122,getOrCreateContextRoom,chat,"",false,,svc,chatNotifSvc.getOrCreateContextRoom,true
GET,/api/chat/admin/rooms,modules/chat/chat-ext.controller.ts,133,getAdminRooms,chat,"",false,'admin','director',svc,chatAdminSvc.getAdminRooms,true
GET,/api/chat/admin/rooms/:roomId/members,modules/chat/chat-ext.controller.ts,144,getAdminRoomMembers,chat,"",false,'admin','director',svc,chatAdminSvc.getRoomMembers,true
POST,/api/chat/admin/rooms/:roomId/archive,modules/chat/chat-ext.controller.ts,156,archiveRoom,chat,"",false,'admin','director',svc,chatAdminSvc.archiveRoom,true
DELETE,/api/chat/admin/rooms/:roomId/members/:userId,modules/chat/chat-ext.controller.ts,169,removeRoomMember,chat,"",false,'admin','director',svc,chatAdminSvc.removeMember,true
PATCH,/api/chat/admin/rooms/:roomId/members/:userId/role,modules/chat/chat-ext.controller.ts,182,updateMemberRole,chat,"",false,'admin','director',svc,chatAdminSvc.updateMemberRole,true
GET,/api/chat/admin/audit-logs,modules/chat/chat-ext.controller.ts,194,getAdminAuditLogs,chat,"",false,'admin','director',svc,chatAdminSvc.getAuditLogs,true
PATCH,/api/chat/admin/rooms/:roomId/archive,modules/chat/chat-ext.controller.ts,204,archiveRoomPatch,chat,"",false,'admin','director',svc,chatAdminSvc.archiveRoom,true
DELETE,/api/chat/messages/:id/pin,modules/chat/chat-ext.controller.ts,215,unpinMessage,chat,"",false,,svc,chatService.pinMessage,true
POST,/api/chat/messages/:id/pin,modules/chat/chat-ext.controller.ts,228,pinMessage,chat,"",false,,svc,chatService.pinMessage,true
POST,/api/chat/messages/:id/star,modules/chat/chat-ext.controller.ts,243,starMessage,chat,"",false,,svc,chatMessageSvc.starMessage,true
GET,/api/chat/admin/rooms/:roomId/members/:userId,modules/chat/chat-ext.controller.ts,257,getAdminRoomMember,chat,"",false,'admin','director',svc,chatAdminSvc.getRoomMembers,true
PATCH,/api/chat/rooms/:roomId/messages/:msgId,modules/chat/chat-reactions.controller.ts,48,editMessage,chat,"",false,,svc,chatService.editMessage,true
DELETE,/api/chat/rooms/:roomId/messages/:msgId,modules/chat/chat-reactions.controller.ts,62,deleteMessage,chat,"",false,,svc,chatService.deleteMessage,true
POST,/api/chat/rooms/:roomId/messages/:msgId/reactions,modules/chat/chat-reactions.controller.ts,75,toggleReaction,chat,"",false,,svc,chatService.assertRoomMember,true
DELETE,/api/chat/rooms/:roomId/messages/:msgId/reactions/:emoji,modules/chat/chat-reactions.controller.ts,92,removeReaction,chat,"",false,,svc,chatService.removeReaction,true
POST,/api/chat/rooms/:roomId/polls,modules/chat/chat-reactions.controller.ts,108,createPoll,chat,"",false,,svc,chatService.assertRoomMember,true
POST,/api/chat/polls/:pollId/vote,modules/chat/chat-reactions.controller.ts,126,votePoll,chat,"",false,,svc,chatService.votePoll,true
POST,/api/chat/push/subscribe,modules/chat/chat-uploads.controller.ts,80,registerPush,chat,"",false,,svc,pushService.register,true
DELETE,/api/chat/push/unsubscribe,modules/chat/chat-uploads.controller.ts,102,unregisterPush,chat,"",false,,svc,pushService.unregister,true
POST,/api/chat/upload/request-url,modules/chat/chat-uploads.controller.ts,113,requestUploadUrl,chat,"",false,,svc,uploadService.requestUrl,true
POST,/api/chat/upload/complete,modules/chat/chat-uploads.controller.ts,141,completeUpload,chat,"",false,,svc,chatService.sendMessage,true
POST,/api/chat/video/token,modules/chat/chat-uploads.controller.ts,165,getVideoToken,chat,"",false,,svc,videoToken.generate,true
GET,/api/chat,modules/chat/chat.controller.ts,55,getChatInfo,chat,"",false,,svc,chatService.getRoomsForUser,true
GET,/api/chat/rooms,modules/chat/chat.controller.ts,64,getRooms,chat,"",false,,svc,chatService.getOrCreateDepartmentRooms,true
POST,/api/chat/rooms/direct,modules/chat/chat.controller.ts,73,startDirect,chat,"",false,,svc,chatService.getOrCreateDirectRoom,true
POST,/api/chat/rooms/group,modules/chat/chat.controller.ts,85,createGroup,chat,"",false,,svc,chatService.createGroupRoom,true
GET,/api/chat/rooms/:roomId/messages,modules/chat/chat.controller.ts,96,getMessages,chat,"",false,,svc,chatService.getMessages,true
POST,/api/chat/rooms/:roomId/messages,modules/chat/chat.controller.ts,109,sendMessage,chat,"",false,,svc,chatService.sendMessage,true
POST,/api/chat/rooms/:roomId/read,modules/chat/chat.controller.ts,127,markRead,chat,"",false,,svc,chatService.markRoomAsRead,true
GET,/api/chat/rooms/:roomId/members,modules/chat/chat.controller.ts,138,getMembers,chat,"",false,,svc,chatService.assertRoomMember,true
GET,/api/chat/employees,modules/chat/chat.controller.ts,149,getEmployees,chat,"",false,,svc,chatService.getAllEmployees,true
GET,/api/chat/birthdays/today,modules/chat/chat.controller.ts,156,getTodayBirthdays,chat,"",false,,svc,chatService.getTodayBirthdays,true
GET,/api/chat/unread,modules/chat/chat.controller.ts,163,getUnreadCount,chat,"",false,,svc,chatService.getTotalUnreadCount,true
GET,/api/chat/rooms/:roomId,modules/chat/chat.controller.ts,171,getRoomById,chat,"",false,,svc,chatService.getRoomsForUser,true
GET,/api/chat/rooms/:roomId/pinned-messages,modules/chat/chat.controller.ts,183,getPinnedMessages,chat,"",false,,svc,chatService.assertRoomMember,true
GET,/api/chat/rooms/:roomId/mute,modules/chat/chat.controller.ts,195,getMuteStatus,chat,"",false,,svc,chatService.getRoomMembers,true
PATCH,/api/chat/rooms/:roomId,modules/chat/chat.controller.ts,208,updateRoom,chat,"",false,,svc,chatService.assertRoomMember,true
POST,/api/chat/rooms/:roomId/mute,modules/chat/chat.controller.ts,233,muteRoom,chat,"",false,,svc,chatService.assertRoomMember,true
POST,/api/validate/stir,modules/common/presentation/validate.controller.ts,31,validateStir,common,"JwtAuthGuard, PermissionGuard",false,,real?,,true
POST,/api/validate/luhn,modules/common/presentation/validate.controller.ts,39,validateLuhn,common,"JwtAuthGuard, PermissionGuard",false,,real?,,true
POST,/api/cc/ai/start,modules/communication-center/presentation/cc-ai.controller.ts,49,start,communication-center,"JwtAuthGuard, RolesGuard",false,,svc,ai.start,true
POST,/api/cc/ai/sessions/:id/answer,modules/communication-center/presentation/cc-ai.controller.ts,65,answer,communication-center,"JwtAuthGuard, RolesGuard",false,,svc,ai.answer,true
POST,/api/cc/ai/sessions/:id/finalize,modules/communication-center/presentation/cc-ai.controller.ts,77,finalize,communication-center,"JwtAuthGuard, RolesGuard",false,,svc,ai.finalize,true
GET,/api/cc/ai/sessions/:id,modules/communication-center/presentation/cc-ai.controller.ts,92,state,communication-center,"JwtAuthGuard, RolesGuard",false,,svc,ai.getSessionState,true
GET,/api/cc/baskets/stats/kpi,modules/communication-center/presentation/cc-baskets.controller.ts,54,kpi,communication-center,"JwtAuthGuard, RolesGuard",false,,svc,stats.getKpi,false
GET,/api/cc/baskets/inbox,modules/communication-center/presentation/cc-baskets.controller.ts,61,inbox,communication-center,"JwtAuthGuard, RolesGuard",false,,svc,svc.listBasket,true
GET,/api/cc/baskets/pending,modules/communication-center/presentation/cc-baskets.controller.ts,68,pending,communication-center,"JwtAuthGuard, RolesGuard",false,,svc,svc.listBasket,true
GET,/api/cc/baskets/outbox,modules/communication-center/presentation/cc-baskets.controller.ts,75,outbox,communication-center,"JwtAuthGuard, RolesGuard",false,,svc,svc.listBasket,true
GET,/api/cc/baskets/summary,modules/communication-center/presentation/cc-baskets.controller.ts,82,summary,communication-center,"JwtAuthGuard, RolesGuard",false,,svc,svc.summary,true
GET,/api/cc/baskets/:id,modules/communication-center/presentation/cc-baskets.controller.ts,90,getOne,communication-center,"JwtAuthGuard, RolesGuard",false,,svc,svc.getOne,true
POST,/api/cc/baskets/:id/move,modules/communication-center/presentation/cc-baskets.controller.ts,106,move,communication-center,"JwtAuthGuard, RolesGuard",false,,svc,i18n.t,true
GET,/api/cc/documents/:id/pdf,modules/communication-center/presentation/cc-documents.controller.ts,88,downloadPdf,communication-center,"JwtAuthGuard, RolesGuard",false,,svc,pdfSvc.generate,true
GET,/api/cc/templates,modules/communication-center/presentation/cc-documents.controller.ts,100,listTemplates,communication-center,"JwtAuthGuard, RolesGuard",false,,real?,,true
GET,/api/cc/documents/:id/rejection-reasons,modules/communication-center/presentation/cc-documents.controller.ts,121,listRejectionReasons,communication-center,"JwtAuthGuard, RolesGuard",false,,svc,pin.setPin,true
POST,/api/cc/pin,modules/communication-center/presentation/cc-documents.controller.ts,140,setPin,communication-center,"JwtAuthGuard, RolesGuard",false,,svc,pin.setPin,false
GET,/api/cc/pin/status,modules/communication-center/presentation/cc-documents.controller.ts,151,pinStatus,communication-center,"JwtAuthGuard, RolesGuard",false,,svc,pin.hasPin,false
POST,/api/cc/documents/draft,modules/communication-center/presentation/cc-documents.controller.ts,160,draft,communication-center,"JwtAuthGuard, RolesGuard",false,,svc,wf.createDraft,false
GET,/api/cc/documents/:id,modules/communication-center/presentation/cc-documents.controller.ts,171,getOne,communication-center,"JwtAuthGuard, RolesGuard",false,,svc,baskets.getOne,true
POST,/api/cc/documents/:id/send,modules/communication-center/presentation/cc-documents.controller.ts,179,send,communication-center,"JwtAuthGuard, RolesGuard",false,,svc,wf.sendDocument,true
POST,/api/cc/documents/:id/approve,modules/communication-center/presentation/cc-documents.controller.ts,191,approve,communication-center,"JwtAuthGuard, RolesGuard",false,,svc,wf.approve,true
POST,/api/cc/documents/:id/reject,modules/communication-center/presentation/cc-documents.controller.ts,203,reject,communication-center,"JwtAuthGuard, RolesGuard",false,,svc,wf.reject,true
POST,/api/cc/documents/:id/resubmit,modules/communication-center/presentation/cc-documents.controller.ts,215,resubmit,communication-center,"JwtAuthGuard, RolesGuard",false,,svc,wf.resubmit,true
POST,/api/cc/documents/:id/cancel,modules/communication-center/presentation/cc-documents.controller.ts,227,cancel,communication-center,"JwtAuthGuard, RolesGuard",false,,svc,wf.cancel,true
POST,/api/cc/documents/:id/complaint,modules/communication-center/presentation/cc-documents.controller.ts,239,complaint,communication-center,"JwtAuthGuard, RolesGuard",false,,svc,wf.createComplaint,true
POST,/api/cc/documents/:id/print,modules/communication-center/presentation/cc-documents.controller.ts,251,print,communication-center,"JwtAuthGuard, RolesGuard",false,,svc,wf.logPrint,true
POST,/api/cc/notification-prefs,modules/communication-center/presentation/cc-notification-prefs.controller.ts,37,create,communication-center,"JwtAuthGuard, RolesGuard",false,,svc,repo.upsert,false
GET,/api/cc/notification-prefs,modules/communication-center/presentation/cc-notification-prefs.controller.ts,49,get,communication-center,"JwtAuthGuard, RolesGuard",false,,svc,repo.getOrDefault,false
PUT,/api/cc/notification-prefs,modules/communication-center/presentation/cc-notification-prefs.controller.ts,57,update,communication-center,"JwtAuthGuard, RolesGuard",false,,svc,repo.upsert,false
GET,/api/cc/verify/:id,modules/communication-center/presentation/cc-public.controller.ts,54,verify,communication-center,"",false,,real?,,false
POST,/api/cc/webhooks/:source,modules/communication-center/presentation/cc-webhook.controller.ts,56,receive,communication-center,"",false,,svc,i18n.t,false
GET,/api/approval-workflow,modules/compatibility/approval-workflow.controller.ts,56,getAll,compatibility,"JwtAuthGuard, RolesGuard",false,,stub/dead,svc.getPending,true
GET,/api/approval-workflow/pending/v2,modules/compatibility/approval-workflow.controller.ts,65,getPendingV2,compatibility,"JwtAuthGuard, RolesGuard",false,,stub/dead,svc.getPending,true
GET,/api/approval-workflow/dashboard,modules/compatibility/approval-workflow.controller.ts,75,getDashboard,compatibility,"JwtAuthGuard, RolesGuard",false,,svc,svc.getDashboard,true
GET,/api/approval-workflow/order,modules/compatibility/approval-workflow.controller.ts,80,getOrder,compatibility,"JwtAuthGuard, RolesGuard",false,,svc,svc.getByDocType,true
POST,/api/approval-workflow/submit,modules/compatibility/approval-workflow.controller.ts,87,submit,compatibility,"JwtAuthGuard, RolesGuard",false,,svc,svc.create,true
POST,/api/approval-workflow/approve/:id,modules/compatibility/approval-workflow.controller.ts,94,approveById,compatibility,"JwtAuthGuard, RolesGuard",false,,svc,svc.approve,true
POST,/api/approval-workflow/reject/:id,modules/compatibility/approval-workflow.controller.ts,102,rejectById,compatibility,"JwtAuthGuard, RolesGuard",false,,svc,svc.reject,true
GET,/api/approval-workflow/pending,modules/compatibility/approval-workflow.controller.ts,110,getPending,compatibility,"JwtAuthGuard, RolesGuard",false,,svc,svc.getPending,true
GET,/api/approval-workflow/history,modules/compatibility/approval-workflow.controller.ts,115,getHistory,compatibility,"JwtAuthGuard, RolesGuard",false,,svc,svc.getHistory,true
GET,/api/approval-workflow/by-type,modules/compatibility/approval-workflow.controller.ts,120,getByType,compatibility,"JwtAuthGuard, RolesGuard",false,,svc,svc.getByType,true
POST,/api/approval-workflow/bulk-approve,modules/compatibility/approval-workflow.controller.ts,125,bulkApprove,compatibility,"JwtAuthGuard, RolesGuard",false,'super_admin','admin','director',svc,svc.bulkApprove,true
POST,/api/approval-workflow,modules/compatibility/approval-workflow.controller.ts,134,create,compatibility,"JwtAuthGuard, RolesGuard",false,,svc,svc.create,true
GET,/api/approval-workflow/:type/:docId/requests,modules/compatibility/approval-workflow.controller.ts,141,getByDocType,compatibility,"JwtAuthGuard, RolesGuard",false,,svc,svc.getByDocType,true
POST,/api/approval-workflow/:type/:id/approve,modules/compatibility/approval-workflow.controller.ts,146,approve,compatibility,"JwtAuthGuard, RolesGuard",false,,svc,svc.approve,true
POST,/api/approval-workflow/:type/:id/reject,modules/compatibility/approval-workflow.controller.ts,159,reject,compatibility,"JwtAuthGuard, RolesGuard",false,,svc,svc.reject,true
GET,/api/approval-workflow/:id,modules/compatibility/approval-workflow.controller.ts,172,getById,compatibility,"JwtAuthGuard, RolesGuard",false,,svc,svc.getById,true
GET,/api/asset-management/assets,modules/compatibility/asset-management.controller.ts,95,getAssets,compatibility,"JwtAuthGuard, RolesGuard",false,,stub/dead,svc.getAssets,true
GET,/api/asset-management/assets/v2,modules/compatibility/asset-management.controller.ts,104,getAssetsV2,compatibility,"JwtAuthGuard, RolesGuard",false,,stub/dead,svc.getAssets,true
POST,/api/asset-management/assets,modules/compatibility/asset-management.controller.ts,117,createAsset,compatibility,"JwtAuthGuard, RolesGuard",false,,svc,svc.createAsset,true
GET,/api/asset-management/assets/summary,modules/compatibility/asset-management.controller.ts,124,getSummary,compatibility,"JwtAuthGuard, RolesGuard",false,,svc,svc.getSummary,true
GET,/api/asset-management/assets/:id,modules/compatibility/asset-management.controller.ts,129,getAssetById,compatibility,"JwtAuthGuard, RolesGuard",false,,svc,svc.getAssetById,true
PUT,/api/asset-management/assets/:id,modules/compatibility/asset-management.controller.ts,134,updateAsset,compatibility,"JwtAuthGuard, RolesGuard",false,,svc,svc.updateAsset,true
DELETE,/api/asset-management/assets/:id,modules/compatibility/asset-management.controller.ts,140,deleteAsset,compatibility,"JwtAuthGuard, RolesGuard",false,,svc,svc.deleteAsset,true
GET,/api/asset-management/maintenance,modules/compatibility/asset-management.controller.ts,146,getMaintenance,compatibility,"JwtAuthGuard, RolesGuard",false,,svc,svc.getMaintenance,true
POST,/api/asset-management/maintenance,modules/compatibility/asset-management.controller.ts,151,createMaintenance,compatibility,"JwtAuthGuard, RolesGuard",false,,svc,svc.createMaintenance,true
GET,/api/asset-management/disposals,modules/compatibility/asset-management.controller.ts,158,getDisposals,compatibility,"JwtAuthGuard, RolesGuard",false,,svc,svc.getDisposals,true
POST,/api/asset-management/disposals,modules/compatibility/asset-management.controller.ts,163,createDisposal,compatibility,"JwtAuthGuard, RolesGuard",false,,svc,svc.createDisposal,true
GET,/api/asset-management/transfers,modules/compatibility/asset-management.controller.ts,170,getTransfers,compatibility,"JwtAuthGuard, RolesGuard",false,,svc,svc.getTransfers,true
POST,/api/asset-management/transfers,modules/compatibility/asset-management.controller.ts,175,createTransfer,compatibility,"JwtAuthGuard, RolesGuard",false,,svc,svc.createTransfer,true
GET,/api/asset-management/insurance,modules/compatibility/asset-management.controller.ts,182,getInsurance,compatibility,"JwtAuthGuard, RolesGuard",false,,svc,svc.getInsurance,true
GET,/api/asset-management/insurance/expiring-soon,modules/compatibility/asset-management.controller.ts,189,getInsuranceExpiringSoon,compatibility,"JwtAuthGuard, RolesGuard",false,,svc,svc.getInsuranceExpiringSoon,true
PUT,/api/asset-management/assets/:id/depreciate,modules/compatibility/asset-management.controller.ts,196,depreciate,compatibility,"JwtAuthGuard, RolesGuard",false,,svc,svc.depreciateAsset,true
POST,/api/asset-management/assets/:id/depreciate,modules/compatibility/asset-management.controller.ts,201,postDepreciate,compatibility,"JwtAuthGuard, RolesGuard",false,,svc,svc.depreciateAsset,true
POST,/api/asset-management/insurance,modules/compatibility/asset-management.controller.ts,207,createInsurance,compatibility,"JwtAuthGuard, RolesGuard",false,,svc,svc.createInsurance,true
PUT,/api/asset-management/maintenance/:id/complete,modules/compatibility/asset-management.controller.ts,214,completeMaintenance,compatibility,"JwtAuthGuard, RolesGuard",false,,svc,svc.completeMaintenance,true
PATCH,/api/asset-management/maintenance/:id/complete,modules/compatibility/asset-management.controller.ts,219,patchCompleteMaintenance,compatibility,"JwtAuthGuard, RolesGuard",false,,svc,svc.completeMaintenance,true
GET,/api/barcode-warehouse/dashboard,modules/compatibility/barcode-warehouse.controller.ts,42,getDashboard,compatibility,"JwtAuthGuard, RolesGuard",false,,stub/dead,svc.getDashboard,false
GET,/api/barcode-warehouse/barcodes,modules/compatibility/barcode-warehouse.controller.ts,47,getBarcodes,compatibility,"JwtAuthGuard, RolesGuard",false,,stub/dead,svc.getBarcodes,false
GET,/api/barcode-warehouse/barcodes/v2,modules/compatibility/barcode-warehouse.controller.ts,56,getBarcodesV2,compatibility,"JwtAuthGuard, RolesGuard",false,,stub/dead,svc.getBarcodes,false
POST,/api/barcode-warehouse/barcodes/:id/qc-decision,modules/compatibility/barcode-warehouse.controller.ts,66,qcDecision,compatibility,"JwtAuthGuard, RolesGuard",false,,svc,svc.qcDecision,false
POST,/api/barcode-warehouse/barcodes/:id/qc,modules/compatibility/barcode-warehouse.controller.ts,72,qcDecisionAlias,compatibility,"JwtAuthGuard, RolesGuard",false,,svc,svc.qcDecision,false
GET,/api/barcode-warehouse/picking-tasks,modules/compatibility/barcode-warehouse.controller.ts,78,getPickingTasks,compatibility,"JwtAuthGuard, RolesGuard",false,,svc,svc.getPickingTasks,false
GET,/api/barcode-warehouse/print-queue,modules/compatibility/barcode-warehouse.controller.ts,83,getPrintQueue,compatibility,"JwtAuthGuard, RolesGuard",false,,svc,svc.getPrintQueue,false
GET,/api/barcode-warehouse/exit-logs,modules/compatibility/barcode-warehouse.controller.ts,88,getExitLogs,compatibility,"JwtAuthGuard, RolesGuard",false,,svc,svc.getExitLogs,false
GET,/api/barcode-warehouse/operator-balance,modules/compatibility/barcode-warehouse.controller.ts,93,getOperatorBalance,compatibility,"JwtAuthGuard, RolesGuard",false,,svc,svc.getOperatorBalance,true
GET,/api/barcode-warehouse/cycle-counts,modules/compatibility/barcode-warehouse.controller.ts,98,getCycleCounts,compatibility,"JwtAuthGuard, RolesGuard",false,,svc,svc.getCycleCounts,false
POST,/api/barcode-warehouse/cycle-counts/submit,modules/compatibility/barcode-warehouse.controller.ts,103,submitCycleCount,compatibility,"JwtAuthGuard, RolesGuard",false,,svc,svc.submitCycleCount,false
DELETE,/api/barcode-warehouse/barcodes/:id,modules/compatibility/barcode-warehouse.controller.ts,109,deleteBarcode,compatibility,"JwtAuthGuard, RolesGuard",false,,svc,svc.deleteBarcode,false
PATCH,/api/barcode-warehouse/barcodes/:id,modules/compatibility/barcode-warehouse.controller.ts,114,updateBarcode,compatibility,"JwtAuthGuard, RolesGuard",false,,svc,svc.updateBarcode,false
GET,/api/barcode-warehouse/cycle-count,modules/compatibility/barcode-warehouse.controller.ts,119,getCycleCountAlias,compatibility,"JwtAuthGuard, RolesGuard",false,,svc,svc.getCycleCounts,true
POST,/api/barcode-warehouse/cycle-count/submit,modules/compatibility/barcode-warehouse.controller.ts,124,submitCycleCountAlias,compatibility,"JwtAuthGuard, RolesGuard",false,,svc,svc.submitCycleCount,true
POST,/api/barcode-warehouse/receive,modules/compatibility/barcode-warehouse.controller.ts,130,receive,compatibility,"JwtAuthGuard, RolesGuard",false,,svc,svc.receive,false
POST,/api/barcode-warehouse/production-receive,modules/compatibility/barcode-warehouse.controller.ts,136,productionReceive,compatibility,"JwtAuthGuard, RolesGuard",false,,svc,svc.productionReceive,true
POST,/api/barcode-warehouse/production-complete,modules/compatibility/barcode-warehouse.controller.ts,142,productionComplete,compatibility,"JwtAuthGuard, RolesGuard",false,,svc,svc.productionComplete,false
POST,/api/barcode-warehouse/pick/:taskId,modules/compatibility/barcode-warehouse.controller.ts,148,pickTask,compatibility,"JwtAuthGuard, RolesGuard",false,,svc,svc.pickTask,false
POST,/api/barcode-warehouse/picking/:taskId/complete,modules/compatibility/barcode-warehouse.controller.ts,154,completePickingTask,compatibility,"JwtAuthGuard, RolesGuard",false,,svc,svc.pickTask,false
PATCH,/api/barcode-warehouse/operator-balance/:id/resolve,modules/compatibility/barcode-warehouse.controller.ts,160,resolveOperatorBalance,compatibility,"JwtAuthGuard, RolesGuard",false,,svc,svc.resolveOperatorBalance,true
PATCH,/api/barcode-warehouse/qc/:id,modules/compatibility/barcode-warehouse.controller.ts,165,qcPatch,compatibility,"JwtAuthGuard, RolesGuard",false,,svc,svc.qcDecision,false
GET,/api/barcode-warehouse/barcodes/scan/:id,modules/compatibility/barcode-warehouse.controller.ts,171,scanBarcodeById,compatibility,"JwtAuthGuard, RolesGuard",false,,svc,svc.scanBarcodeById,false
POST,/api/barcode-warehouse/exit/:id/notify-security,modules/compatibility/barcode-warehouse.controller.ts,176,notifySecurityExit,compatibility,"JwtAuthGuard, RolesGuard",false,,svc,svc.notifySecurityExit,false
POST,/api/barcode-warehouse/issue,modules/compatibility/barcode-warehouse.controller.ts,183,issueGoods,compatibility,"JwtAuthGuard, RolesGuard",false,,svc,svc.issueGoods,false
GET,/api/barcode-warehouse/operator-debts,modules/compatibility/barcode-warehouse.controller.ts,190,getOperatorDebts,compatibility,"JwtAuthGuard, RolesGuard",false,,svc,debtSvc.getOperatorDebts,false
GET,/api/barcode-warehouse/debts/:id,modules/compatibility/barcode-warehouse.controller.ts,195,getDebtById,compatibility,"JwtAuthGuard, RolesGuard",false,,svc,debtSvc.getDebtById,false
POST,/api/barcode-warehouse/cycle-count,modules/compatibility/barcode-warehouse.controller.ts,200,createCycleCount,compatibility,"JwtAuthGuard, RolesGuard",false,,svc,svc.submitCycleCount,true
PATCH,/api/barcode-warehouse/debts/:id,modules/compatibility/barcode-warehouse.controller.ts,206,patchDebt,compatibility,"JwtAuthGuard, RolesGuard",false,,svc,debtSvc.updateDebt,false
GET,/api/calendar-events,modules/compatibility/calendar-events.controller.ts,51,getAll,compatibility,"JwtAuthGuard, RolesGuard",false,,stub/dead,svc.getAll,true
GET,/api/calendar-events/v2,modules/compatibility/calendar-events.controller.ts,60,getAllV2,compatibility,"JwtAuthGuard, RolesGuard",false,,stub/dead,svc.getAll,true
GET,/api/calendar-events/upcoming,modules/compatibility/calendar-events.controller.ts,70,getUpcoming,compatibility,"JwtAuthGuard, RolesGuard",false,,svc,svc.getUpcoming,true
POST,/api/calendar-events,modules/compatibility/calendar-events.controller.ts,75,create,compatibility,"JwtAuthGuard, RolesGuard",false,,svc,svc.create,true
GET,/api/calendar-events/:id,modules/compatibility/calendar-events.controller.ts,82,getById,compatibility,"JwtAuthGuard, RolesGuard",false,,svc,svc.getById,true
PUT,/api/calendar-events/:id,modules/compatibility/calendar-events.controller.ts,87,update,compatibility,"JwtAuthGuard, RolesGuard",false,,svc,svc.update,true
DELETE,/api/calendar-events/:id,modules/compatibility/calendar-events.controller.ts,93,delete,compatibility,"JwtAuthGuard, RolesGuard",false,,svc,svc.delete,true
PATCH,/api/calendar-events/:id,modules/compatibility/calendar-events.controller.ts,99,patch,compatibility,"JwtAuthGuard, RolesGuard",false,,svc,svc.update,true
GET,/api/candidates,modules/compatibility/candidates-compat.controller.ts,35,getCandidates,compatibility,"RolesGuard",false,,stub/dead,svc.getCandidates,true
GET,/api/candidates/v2,modules/compatibility/candidates-compat.controller.ts,48,getCandidatesV2,compatibility,"RolesGuard",false,,stub/dead,svc.getCandidates,true
POST,/api/candidates,modules/compatibility/candidates-compat.controller.ts,62,createCandidate,compatibility,"RolesGuard",false,,svc,svc.createCandidate,true
GET,/api/candidates/:id,modules/compatibility/candidates-compat.controller.ts,68,getCandidate,compatibility,"RolesGuard",false,,svc,svc.getCandidate,true
PUT,/api/candidates/:id,modules/compatibility/candidates-compat.controller.ts,73,updateCandidate,compatibility,"RolesGuard",false,,svc,svc.updateCandidate,true
DELETE,/api/candidates/:id,modules/compatibility/candidates-compat.controller.ts,78,deleteCandidate,compatibility,"RolesGuard",false,,svc,svc.deleteCandidate,true
GET,/api/cfo/dashboard,modules/compatibility/cfo.controller.ts,35,getDashboard,compatibility,"JwtAuthGuard",false,,stub/dead,svc.getDashboard,true
GET,/api/cfo/cash-position,modules/compatibility/cfo.controller.ts,40,getCashPosition,compatibility,"JwtAuthGuard",false,,stub/dead,svc.getCashPosition,true
GET,/api/cfo/cash-position/v2,modules/compatibility/cfo.controller.ts,50,getCashPositionV2,compatibility,"JwtAuthGuard",false,,stub/dead,svc.getCashPosition,true
GET,/api/cfo/profitability,modules/compatibility/cfo.controller.ts,57,getProfitability,compatibility,"JwtAuthGuard",false,,svc,svc.getProfitability,true
GET,/api/cfo/profitability-trend,modules/compatibility/cfo.controller.ts,62,getProfitabilityTrend,compatibility,"JwtAuthGuard",false,,svc,svc.getProfitabilityTrend,true
GET,/api/cfo/financial-risk,modules/compatibility/cfo.controller.ts,67,getFinancialRisk,compatibility,"JwtAuthGuard",false,,svc,svc.getFinancialRisk,true
GET,/api/core/departments,modules/compatibility/core-departments-compat.controller.ts,38,getAll,compatibility,"JwtAuthGuard, RolesGuard",false,'admin','manager','hr_manager','director',real?,,true
POST,/api/core/departments,modules/compatibility/core-departments-compat.controller.ts,43,create,compatibility,"JwtAuthGuard, RolesGuard",false,,real?,,true
DELETE,/api/core/departments/:id,modules/compatibility/core-departments-compat.controller.ts,50,remove,compatibility,"JwtAuthGuard, RolesGuard",false,,real?,,true
GET,/api/crm/invoices,modules/compatibility/crm-extended.controller.ts,36,getCrmInvoices,compatibility,"JwtAuthGuard",false,,stub/dead,svc.getCrmInvoices,true
GET,/api/crm/invoices/v2,modules/compatibility/crm-extended.controller.ts,47,getCrmInvoicesV2,compatibility,"JwtAuthGuard",false,,stub/dead,svc.getCrmInvoices,true
GET,/api/crm/ai/dashboard-analysis,modules/compatibility/crm-extended.controller.ts,67,getAiDashboardAnalysis,compatibility,"JwtAuthGuard",false,,svc,svc.getAiDashboardAnalysis,true
GET,/api/crm/supervisor/dashboard,modules/compatibility/crm-extended.controller.ts,72,getSupervisorDashboard,compatibility,"JwtAuthGuard",false,,svc,svc.getSupervisorDashboard,false
GET,/api/crm/ai/supervisor-dashboard,modules/compatibility/crm-extended.controller.ts,77,getSupervisorDashboardAi,compatibility,"JwtAuthGuard",false,,svc,svc.getSupervisorDashboard,true
GET,/api/crm/ai/nba/:entityType/:entityId,modules/compatibility/crm-extended.controller.ts,82,getNextBestAction,compatibility,"JwtAuthGuard",false,,svc,svc.getNextBestAction,true
GET,/api/crm/ai/extended/insights,modules/compatibility/crm-extended.controller.ts,89,getExtendedInsights,compatibility,"JwtAuthGuard",false,,svc,svc.getExtendedInsights,false
POST,/api/crm/ai/create-task,modules/compatibility/crm-extended.controller.ts,96,createTask,compatibility,"JwtAuthGuard",false,,svc,svc.createTask,false
POST,/api/crm/chat,modules/compatibility/crm-extended.controller.ts,102,processChat,compatibility,"JwtAuthGuard",false,,svc,svc.processChat,false
POST,/api/crm/auto-tasks,modules/compatibility/crm-extended.controller.ts,108,runAutoTasks,compatibility,"JwtAuthGuard",false,,svc,svc.runAutoTasks,false
POST,/api/crm/ai/churn,modules/compatibility/crm-extended.controller.ts,114,churnAnalysis,compatibility,"JwtAuthGuard",false,,svc,svc.churnAnalysis,false
POST,/api/crm/ai/voice,modules/compatibility/crm-extended.controller.ts,120,processVoice,compatibility,"JwtAuthGuard",false,,svc,svc.processVoice,false
GET,/api/marketing/segments,modules/compatibility/crm-extended.controller.ts,138,getMarketingSegments,compatibility,"JwtAuthGuard",false,,svc,svc.getMarketingSegments,true
GET,/api/discipline-records,modules/compatibility/discipline-records-compat.controller.ts,35,getDisciplineRecords,compatibility,"RolesGuard",false,,stub/dead,svc.getDisciplineRecords,true
GET,/api/discipline-records/v2,modules/compatibility/discipline-records-compat.controller.ts,48,getDisciplineRecordsV2,compatibility,"RolesGuard",false,,stub/dead,svc.getDisciplineRecords,true
POST,/api/discipline-records,modules/compatibility/discipline-records-compat.controller.ts,64,createDisciplineRecord,compatibility,"RolesGuard",false,,svc,svc.createDisciplineRecord,true
GET,/api/discipline-records/:id,modules/compatibility/discipline-records-compat.controller.ts,70,getDisciplineRecord,compatibility,"RolesGuard",false,,svc,svc.getDisciplineRecord,true
PUT,/api/discipline-records/:id,modules/compatibility/discipline-records-compat.controller.ts,75,updateDisciplineRecord,compatibility,"RolesGuard",false,,svc,svc.updateDisciplineRecord,true
DELETE,/api/discipline-records/:id,modules/compatibility/discipline-records-compat.controller.ts,80,deleteDisciplineRecord,compatibility,"RolesGuard",false,,svc,svc.deleteDisciplineRecord,true
GET,/api/hr-v2/workflow/routes,modules/compatibility/document-workflow-v2.controller.ts,48,listRoutes,compatibility,"",false,,stub/dead,svc.listRoutes,true
GET,/api/hr-v2/workflow/routes/v2,modules/compatibility/document-workflow-v2.controller.ts,57,listRoutesV2,compatibility,"",false,,stub/dead,svc.listRoutes,true
POST,/api/hr-v2/workflow/initiate,modules/compatibility/document-workflow-v2.controller.ts,73,initiate,compatibility,"",false,,svc,i18n.t,true
POST,/api/hr-v2/workflow/:instanceId/approve,modules/compatibility/document-workflow-v2.controller.ts,103,approve,compatibility,"",false,,svc,svc.approveStep,true
POST,/api/hr-v2/workflow/:instanceId/reject,modules/compatibility/document-workflow-v2.controller.ts,116,reject,compatibility,"",false,,svc,i18n.t,true
GET,/api/hr-v2/workflow/employee/:employeeId/documents,modules/compatibility/document-workflow-v2.controller.ts,131,getEmployeeDocuments,compatibility,"",false,,svc,svc.getEmployeeDocuments,true
GET,/api/hr-v2/workflow/pending,modules/compatibility/document-workflow-v2.controller.ts,140,getPending,compatibility,"",false,,svc,svc.getPendingApprovals,true
GET,/api/employee-files,modules/compatibility/employee-files-compat.controller.ts,49,listFiles,compatibility,"RolesGuard",false,,stub/dead,svc.listFiles,true
GET,/api/employee-files/v2,modules/compatibility/employee-files-compat.controller.ts,62,listFilesV2,compatibility,"RolesGuard",false,,stub/dead,svc.listFiles,true
POST,/api/employee-files,modules/compatibility/employee-files-compat.controller.ts,75,createFile,compatibility,"RolesGuard",false,,svc,svc.createFile,true
GET,/api/employee-files/:id,modules/compatibility/employee-files-compat.controller.ts,83,getFile,compatibility,"RolesGuard",false,,svc,svc.getFile,true
PATCH,/api/employee-files/:id,modules/compatibility/employee-files-compat.controller.ts,88,updateFile,compatibility,"RolesGuard",false,,svc,svc.updateFile,true
DELETE,/api/employee-files/:id,modules/compatibility/employee-files-compat.controller.ts,93,deleteFile,compatibility,"RolesGuard",false,,svc,svc.deleteFile,true
GET,/api/employee-kpi,modules/compatibility/employee-kpi-compat.controller.ts,42,getKpis,compatibility,"RolesGuard",false,,stub/dead,svc.getKpis,true
GET,/api/employee-kpi/v2,modules/compatibility/employee-kpi-compat.controller.ts,56,getKpisV2,compatibility,"RolesGuard",false,,stub/dead,svc.getKpis,true
POST,/api/employee-kpi,modules/compatibility/employee-kpi-compat.controller.ts,70,createKpi,compatibility,"RolesGuard",false,,svc,svc.createKpi,true
GET,/api/employee-kpi/top-performers,modules/compatibility/employee-kpi-compat.controller.ts,76,getTopPerformers,compatibility,"RolesGuard",false,,svc,svc.getTopPerformers,true
GET,/api/employee-kpi/department-summary,modules/compatibility/employee-kpi-compat.controller.ts,84,getDepartmentSummary,compatibility,"RolesGuard",false,,svc,svc.getDepartmentSummary,true
GET,/api/employee-kpi/zone-history/:employeeId,modules/compatibility/employee-kpi-compat.controller.ts,89,getZoneHistory,compatibility,"RolesGuard",false,,svc,svc.getZoneHistory,true
GET,/api/employee-kpi/employee-zone-history,modules/compatibility/employee-kpi-compat.controller.ts,98,getZoneHistoryLegacy,compatibility,"RolesGuard",false,,svc,svc.getZoneHistory,true
GET,/api/employee-kpi/daily-attendance,modules/compatibility/employee-kpi-compat.controller.ts,107,getDailyAttendance,compatibility,"RolesGuard",false,,svc,svc.getDailyAttendance,true
POST,/api/employee-kpi/attendance,modules/compatibility/employee-kpi-compat.controller.ts,115,recordAttendance,compatibility,"RolesGuard",false,,svc,svc.recordAttendance,true
GET,/api/employee-kpi/:id,modules/compatibility/employee-kpi-compat.controller.ts,121,getKpi,compatibility,"RolesGuard",false,,svc,svc.getKpi,true
PUT,/api/employee-kpi/:id,modules/compatibility/employee-kpi-compat.controller.ts,126,updateKpi,compatibility,"RolesGuard",false,,svc,svc.updateKpi,true
DELETE,/api/employee-kpi/:id,modules/compatibility/employee-kpi-compat.controller.ts,131,deleteKpi,compatibility,"RolesGuard",false,,svc,svc.deleteKpi,true
GET,/api/employee-zone-history,modules/compatibility/employee-kpi-compat.controller.ts,145,getZoneHistory,compatibility,"RolesGuard",false,,svc,svc.getZoneHistory,true
GET,/api/employee-zone-history/:employeeId,modules/compatibility/employee-kpi-compat.controller.ts,154,getZoneHistoryByParam,compatibility,"RolesGuard",false,,svc,svc.getZoneHistory,true
GET,/api/daily-attendance,modules/compatibility/employee-kpi-compat.controller.ts,172,getDailyAttendance,compatibility,"RolesGuard",false,,svc,svc.getDailyAttendance,true
POST,/api/daily-attendance,modules/compatibility/employee-kpi-compat.controller.ts,180,recordAttendance,compatibility,"RolesGuard",false,,svc,svc.recordAttendance,true
GET,/api/employees/:id/assets,modules/compatibility/employees-compat-sub.controller.ts,60,getAssets,compatibility,"RolesGuard",false,,svc,subSvc.getAssets,true
POST,/api/employees/:id/assets,modules/compatibility/employees-compat-sub.controller.ts,63,assignAsset,compatibility,"RolesGuard",false,,svc,subSvc.assignAsset,true
DELETE,/api/employees/:id/assets/:assetId,modules/compatibility/employees-compat-sub.controller.ts,66,returnAsset,compatibility,"RolesGuard",false,,svc,subSvc.returnAsset,true
GET,/api/employees/:id/swap-requests,modules/compatibility/employees-compat-sub.controller.ts,70,getSwapRequests,compatibility,"RolesGuard",false,,svc,subSvc.getSwapRequests,true
GET,/api/employees/:id/complaints,modules/compatibility/employees-compat-sub.controller.ts,74,getComplaints,compatibility,"RolesGuard",false,,stub/dead,subSvc.getComplaints,true
POST,/api/employees/:id/complaints,modules/compatibility/employees-compat-sub.controller.ts,77,createComplaint,compatibility,"RolesGuard",false,,stub/dead,subSvc.createComplaint,true
GET,/api/employees/:id/assessment-skips,modules/compatibility/employees-compat-sub.controller.ts,81,getAssessmentSkips,compatibility,"RolesGuard",false,,stub/dead,subSvc.getAssessmentSkips,true
GET,/api/employees/:id/bank-accounts,modules/compatibility/employees-compat-sub.controller.ts,85,getBankAccounts,compatibility,"RolesGuard",false,,stub/dead,financials.getBankAccounts,true
GET,/api/employees/:id/bank-accounts/v2,modules/compatibility/employees-compat-sub.controller.ts,93,getBankAccountsV2,compatibility,"RolesGuard",false,,stub/dead,financials.getBankAccounts,true
POST,/api/employees/:id/bank-accounts,modules/compatibility/employees-compat-sub.controller.ts,104,createBankAccount,compatibility,"RolesGuard",false,,svc,financials.createBankAccount,true
GET,/api/employees/:id/bonuses,modules/compatibility/employees-compat-sub.controller.ts,108,getBonuses,compatibility,"RolesGuard",false,,svc,financials.getBonuses,true
POST,/api/employees/:id/bonuses,modules/compatibility/employees-compat-sub.controller.ts,111,createBonus,compatibility,"RolesGuard",false,,svc,financials.createBonus,true
GET,/api/employees/:id/business-trips,modules/compatibility/employees-compat-sub.controller.ts,115,getBusinessTrips,compatibility,"RolesGuard",false,,svc,financials.getBusinessTrips,true
POST,/api/employees/:id/business-trips,modules/compatibility/employees-compat-sub.controller.ts,118,createBusinessTrip,compatibility,"RolesGuard",false,,svc,financials.createBusinessTrip,true
GET,/api/employees/:id/capital-profile,modules/compatibility/employees-compat-sub.controller.ts,122,getCapitalProfile,compatibility,"RolesGuard",false,,svc,profile.getCapitalProfile,true
POST,/api/employees/:id/capital-profile,modules/compatibility/employees-compat-sub.controller.ts,125,createCapitalProfile,compatibility,"RolesGuard",false,,svc,profile.createCapitalProfile,true
GET,/api/employees/:id/career,modules/compatibility/employees-compat-sub.controller.ts,129,getCareer,compatibility,"RolesGuard",false,,svc,profile.getCareer,true
POST,/api/employees/:id/career,modules/compatibility/employees-compat-sub.controller.ts,135,createCareer,compatibility,"RolesGuard",false,,svc,profile.createCareer,true
GET,/api/employees/:id/cash-advances,modules/compatibility/employees-compat-sub.controller.ts,139,getCashAdvances,compatibility,"RolesGuard",false,,svc,financials.getCashAdvances,true
POST,/api/employees/:id/cash-advances,modules/compatibility/employees-compat-sub.controller.ts,142,createCashAdvance,compatibility,"RolesGuard",false,,svc,financials.createCashAdvance,true
GET,/api/employees/:id/contracts,modules/compatibility/employees-compat-sub.controller.ts,146,getContracts,compatibility,"RolesGuard",false,,svc,profile.getContracts,true
POST,/api/employees/:id/contracts,modules/compatibility/employees-compat-sub.controller.ts,149,createContract,compatibility,"RolesGuard",false,,svc,profile.createContract,true
GET,/api/employees/:id/corporate-inventory,modules/compatibility/employees-compat-sub.controller.ts,153,getCorporateInventory,compatibility,"RolesGuard",false,,svc,profile.getCorporateInventory,true
POST,/api/employees/:id/corporate-inventory,modules/compatibility/employees-compat-sub.controller.ts,156,createCorporateInventory,compatibility,"RolesGuard",false,,svc,profile.createCorporateInventory,true
PATCH,/api/employees/:id/corporate-inventory/:itemId/return,modules/compatibility/employees-compat-sub.controller.ts,159,corporateInventoryReturn,compatibility,"RolesGuard",false,,svc,profile.patchCorporateInventoryReturn,true
PATCH,/api/employees/:id/corporate-inventory/:itemId/sign,modules/compatibility/employees-compat-sub.controller.ts,162,corporateInventorySign,compatibility,"RolesGuard",false,,svc,profile.patchCorporateInventorySign,true
GET,/api/employees/:id/emergency-contacts,modules/compatibility/employees-compat-sub.controller.ts,166,getEmergencyContacts,compatibility,"RolesGuard",false,,svc,profile.getEmergencyContacts,true
POST,/api/employees/:id/emergency-contacts,modules/compatibility/employees-compat-sub.controller.ts,169,createEmergencyContact,compatibility,"RolesGuard",false,,svc,profile.createEmergencyContact,true
GET,/api/employees/:id/files,modules/compatibility/employees-compat-sub.controller.ts,173,getFiles,compatibility,"RolesGuard",false,,svc,profile.getFiles,true
POST,/api/employees/:id/files,modules/compatibility/employees-compat-sub.controller.ts,176,createFile,compatibility,"RolesGuard",false,,real?,,true
DELETE,/api/employees/:id/files/:fileId,modules/compatibility/employees-compat-sub.controller.ts,201,deleteFile,compatibility,"RolesGuard",false,,svc,financials.deleteEmployeeFile,true
PATCH,/api/employees/:id/status,modules/compatibility/employees-compat-sub.controller.ts,205,updateStatus,compatibility,"RolesGuard",false,,svc,svc.updateEmployee,true
GET,/api/employees/:id/assessments,modules/compatibility/employees-compat-sub.controller.ts,209,getAssessments,compatibility,"RolesGuard",false,,svc,financials.getAllAssessments,true
POST,/api/employees/:id/assessments,modules/compatibility/employees-compat-sub.controller.ts,212,createAssessment,compatibility,"RolesGuard",false,,svc,financials.createAssessment,true
GET,/api/employees/:id/fines,modules/compatibility/employees-compat-sub.controller.ts,216,getFines,compatibility,"RolesGuard",false,,svc,financials.getFines,true
POST,/api/employees/:id/fines,modules/compatibility/employees-compat-sub.controller.ts,219,createFine,compatibility,"RolesGuard",false,,svc,financials.createFine,true
GET,/api/employees/:id/leave-requests,modules/compatibility/employees-compat-sub.controller.ts,223,getLeaveRequests,compatibility,"RolesGuard",false,,svc,profile.getLeaveRequests,true
POST,/api/employees/:id/leave-requests,modules/compatibility/employees-compat-sub.controller.ts,226,createLeaveRequest,compatibility,"RolesGuard",false,,svc,profile.createLeaveRequest,true
GET,/api/employees/:id/overtime,modules/compatibility/employees-compat-sub.controller.ts,230,getOvertime,compatibility,"RolesGuard",false,,svc,financials.getOvertime,true
POST,/api/employees/:id/overtime,modules/compatibility/employees-compat-sub.controller.ts,233,createOvertime,compatibility,"RolesGuard",false,,svc,financials.createOvertime,true
GET,/api/employees/:id/passport,modules/compatibility/employees-compat-sub.controller.ts,244,getPassport,compatibility,"RolesGuard",false,,svc,profile.getPassport,true
POST,/api/employees/:id/passport,modules/compatibility/employees-compat-sub.controller.ts,250,createPassport,compatibility,"RolesGuard",false,,svc,profile.createPassport,true
GET,/api/employees/:id/salary-history,modules/compatibility/employees-compat-sub.controller.ts,254,getSalaryHistory,compatibility,"RolesGuard",false,,svc,profile.getSalaryHistory,true
POST,/api/employees/:id/salary-history,modules/compatibility/employees-compat-sub.controller.ts,257,createSalaryHistory,compatibility,"RolesGuard",false,,svc,profile.createSalaryHistory,true
GET,/api/employees/:id/sick-leaves,modules/compatibility/employees-compat-sub.controller.ts,261,getSickLeaves,compatibility,"RolesGuard",false,,svc,profile.getSickLeaves,true
POST,/api/employees/:id/sick-leaves,modules/compatibility/employees-compat-sub.controller.ts,264,createSickLeave,compatibility,"RolesGuard",false,,svc,profile.createSickLeave,true
GET,/api/employees/:id/monthly-report,modules/compatibility/employees-compat-sub.controller.ts,268,getMonthlyReport,compatibility,"RolesGuard",false,,svc,profile.getMonthlyReport,true
GET,/api/employees/:id/org-structure,modules/compatibility/employees-compat-sub.controller.ts,271,getOrgStructure,compatibility,"RolesGuard",false,,svc,profile.getOrgStructure,true
GET,/api/employees/:id/payroll-summary,modules/compatibility/employees-compat-sub.controller.ts,282,getPayrollSummary,compatibility,"RolesGuard",false,,svc,profile.getPayrollSummary,true
POST,/api/employees/:id/set-password,modules/compatibility/employees-compat-sub.controller.ts,288,setPassword,compatibility,"RolesGuard",false,,svc,financials.setPassword,true
GET,/api/employees,modules/compatibility/employees-compat.controller.ts,50,listEmployees,compatibility,"RolesGuard",false,,svc,extendedSvc.listExtended,true
GET,/api/employees/v2,modules/compatibility/employees-compat.controller.ts,71,listEmployeesV2,compatibility,"RolesGuard",false,,stub/dead,extendedSvc.listExtended,true
POST,/api/employees,modules/compatibility/employees-compat.controller.ts,92,createEmployee,compatibility,"RolesGuard",false,,svc,svc.createEmployee,true
POST,/api/employees/import,modules/compatibility/employees-compat.controller.ts,98,importEmployees,compatibility,"RolesGuard",false,,svc,subSvc.importEmployees,true
GET,/api/employees/for-face,modules/compatibility/employees-compat.controller.ts,104,getEmployeesForFace,compatibility,"RolesGuard",false,,svc,svc.getEmployeesForFace,true
GET,/api/employees/:id,modules/compatibility/employees-compat.controller.ts,109,getEmployee,compatibility,"RolesGuard",false,,svc,extendedSvc.getById,true
PUT,/api/employees/:id,modules/compatibility/employees-compat.controller.ts,116,updateEmployee,compatibility,"RolesGuard",false,,svc,svc.updateEmployee,true
DELETE,/api/employees/:id,modules/compatibility/employees-compat.controller.ts,121,deleteEmployee,compatibility,"RolesGuard",false,,svc,svc.deleteEmployee,true
PATCH,/api/employees/:id/profile-image,modules/compatibility/employees-compat.controller.ts,126,updateProfileImage,compatibility,"RolesGuard",false,,svc,svc.updateProfileImage,true
PUT,/api/employees/:id/profile-image,modules/compatibility/employees-compat.controller.ts,135,updateProfileImagePut,compatibility,"RolesGuard",false,,svc,svc.updateProfileImage,true
PATCH,/api/employees/:id/org-functions,modules/compatibility/employees-compat.controller.ts,144,assignOrgFunctions,compatibility,"RolesGuard",false,,svc,svc.assignOrgFunctions,true
POST,/api/employees/:id/assign-org-functions,modules/compatibility/employees-compat.controller.ts,152,assignOrgFunctionsLegacy,compatibility,"RolesGuard",false,,svc,svc.assignOrgFunctions,true
GET,/api/employees/:id/org-departments,modules/compatibility/employees-compat.controller.ts,167,getOrgDepartments,compatibility,"RolesGuard",false,,svc,svc.getEmployeeOrgDepartments,true
GET,/api/employees/extra/:id,modules/compatibility/employees-extra.controller.ts,71,getEmployeeExtra,compatibility,"JwtAuthGuard, RolesGuard",false,,stub/dead,svc.getEmployee,true
PATCH,/api/employees/:id,modules/compatibility/employees-extra.controller.ts,86,patchEmployee,compatibility,"JwtAuthGuard, RolesGuard",false,,svc,svc.updateEmployee,true
POST,/api/employees/:id/profile-image,modules/compatibility/employees-extra.controller.ts,96,uploadProfileImage,compatibility,"JwtAuthGuard, RolesGuard",false,,svc,svc.updateProfileImage,true
POST,/api/employees/:id/corporate-inventory/:itemId/sign,modules/compatibility/employees-extra.controller.ts,107,signCorporateInventory,compatibility,"JwtAuthGuard, RolesGuard",false,,real?,,true
POST,/api/employees/:id/corporate-inventory/:itemId/return,modules/compatibility/employees-extra.controller.ts,113,returnCorporateInventory,compatibility,"JwtAuthGuard, RolesGuard",false,,real?,,true
GET,/api/europrint-control/director-kpis,modules/compatibility/europrint-control-director.controller.ts,39,getDirectorKpis,compatibility,"JwtAuthGuard, RolesGuard",false,,stub/dead,svc.getDirectorKpis,true
GET,/api/europrint-control/director-kpis/v2,modules/compatibility/europrint-control-director.controller.ts,49,getDirectorKpisV2,compatibility,"JwtAuthGuard, RolesGuard",false,,stub/dead,svc.getDirectorKpis,true
GET,/api/europrint-control/director-summary,modules/compatibility/europrint-control-director.controller.ts,59,getDirectorSummary,compatibility,"JwtAuthGuard, RolesGuard",false,,svc,svc.getDirectorSummary,true
GET,/api/europrint-control/status-history,modules/compatibility/europrint-control-director.controller.ts,65,getStatusHistory,compatibility,"JwtAuthGuard, RolesGuard",false,,svc,svc.getStatusHistory,true
GET,/api/europrint-control/deleted-records,modules/compatibility/europrint-control-director.controller.ts,74,getDeletedRecords,compatibility,"JwtAuthGuard, RolesGuard",false,,svc,svc.getDeletedRecords,true
GET,/api/europrint-control/accountant/budgets,modules/compatibility/europrint-control-director.controller.ts,79,getAccountantBudgets,compatibility,"JwtAuthGuard, RolesGuard",false,,svc,svc.getAccountantBudgets,true
GET,/api/europrint-control/accountant/financial-summary,modules/compatibility/europrint-control-director.controller.ts,84,getAccountantFinancialSummary,compatibility,"JwtAuthGuard, RolesGuard",false,,svc,svc.getAccountantFinancialSummary,true
GET,/api/europrint-control/accountant/kpi-values,modules/compatibility/europrint-control-director.controller.ts,90,getAccountantKpiValues,compatibility,"JwtAuthGuard, RolesGuard",false,,svc,svc.getAccountantKpiValues,true
GET,/api/europrint-control/accountant/pending-payments,modules/compatibility/europrint-control-director.controller.ts,97,getAccountantPendingPayments,compatibility,"JwtAuthGuard, RolesGuard",false,,svc,svc.getAccountantPendingPayments,true
GET,/api/europrint-control/dashboard/accountant,modules/compatibility/europrint-control-director.controller.ts,102,getAccountantDashboard,compatibility,"JwtAuthGuard, RolesGuard",false,,svc,svc.getAccountantDashboard,true
POST,/api/europrint-control/deleted-records/:id/restore,modules/compatibility/europrint-control-director.controller.ts,108,restoreDeletedRecord,compatibility,"JwtAuthGuard, RolesGuard",false,'admin','manager','director','super_admin',svc,svc.restoreDeletedRecord,true
GET,/api/europrint-control/menus/admin,modules/compatibility/europrint-control-director.controller.ts,122,getAdminMenus,compatibility,"JwtAuthGuard, RolesGuard",false,,svc,svc.getAdminMenus,true
GET,/api/europrint-control/business-rules,modules/compatibility/europrint-control.controller.ts,35,getBusinessRules,compatibility,"JwtAuthGuard",false,,svc,svc.getBusinessRules,true
GET,/api/europrint-control/units,modules/compatibility/europrint-control.controller.ts,40,getUnits,compatibility,"JwtAuthGuard",false,,svc,svc.getUnits,true
GET,/api/europrint-control/validation-rules,modules/compatibility/europrint-control.controller.ts,45,getValidationRules,compatibility,"JwtAuthGuard",false,,svc,svc.getValidationRules,true
GET,/api/europrint-control/kpis,modules/compatibility/europrint-control.controller.ts,50,getKpis,compatibility,"JwtAuthGuard",false,,svc,svc.getKpis,true
GET,/api/europrint-control/auditor-dashboard,modules/compatibility/europrint-control.controller.ts,55,getAuditorDashboard,compatibility,"JwtAuthGuard",false,,svc,svc.getAuditorDashboard,true
GET,/api/europrint-control/sap-patterns-summary,modules/compatibility/europrint-control.controller.ts,60,getSapPatternsSummary,compatibility,"JwtAuthGuard",false,,svc,svc.getSapPatternsSummary,true
GET,/api/europrint-control/all-rules-summary,modules/compatibility/europrint-control.controller.ts,65,getAllRulesSummary,compatibility,"JwtAuthGuard",false,,svc,svc.getAllRulesSummary,true
GET,/api/europrint-control/logs,modules/compatibility/europrint-control.controller.ts,70,getLogs,compatibility,"JwtAuthGuard",false,,svc,svc.getLogs,false
GET,/api/europrint-control/logs/:id,modules/compatibility/europrint-control.controller.ts,79,getLogById,compatibility,"JwtAuthGuard",false,,svc,svc.getLogById,false
GET,/api/europrint-control/module-health,modules/compatibility/europrint-control.controller.ts,84,getModuleHealth,compatibility,"JwtAuthGuard",false,,svc,svc.getModuleHealth,true
GET,/api/europrint-control/validation-summary,modules/compatibility/europrint-control.controller.ts,89,getValidationSummary,compatibility,"JwtAuthGuard",false,,svc,svc.getValidationSummary,true
GET,/api/europrint-control/validation-results,modules/compatibility/europrint-control.controller.ts,94,getValidationResults,compatibility,"JwtAuthGuard",false,,svc,svc.getValidationResults,true
GET,/api/europrint-control/audit-stats,modules/compatibility/europrint-control.controller.ts,99,getAuditStats,compatibility,"JwtAuthGuard",false,,svc,svc.getAuditStats,true
GET,/api/europrint-control/audit-logs,modules/compatibility/europrint-control.controller.ts,104,getAuditLogs,compatibility,"JwtAuthGuard",false,,stub/dead,svc.getAuditLogs,true
GET,/api/europrint-control/audit-logs/v2,modules/compatibility/europrint-control.controller.ts,118,getAuditLogsV2,compatibility,"JwtAuthGuard",false,,stub/dead,svc.getAuditLogs,true
GET,/api/europrint-control/action-types,modules/compatibility/europrint-control.controller.ts,132,getActionTypes,compatibility,"JwtAuthGuard",false,,svc,svc.getActionTypes,false
GET,/api/europrint-control/source-types,modules/compatibility/europrint-control.controller.ts,137,getSourceTypes,compatibility,"JwtAuthGuard",false,,svc,svc.getSourceTypes,false
GET,/api/europrint-control/menus,modules/compatibility/europrint-control.controller.ts,142,getMenus,compatibility,"JwtAuthGuard",false,,svc,svc.getMenus,true
GET,/api/europrint-control/menus/:role,modules/compatibility/europrint-control.controller.ts,147,getMenusByRole,compatibility,"JwtAuthGuard",false,,svc,svc.getMenus,true
GET,/api/europrint-control/audit-action-types,modules/compatibility/europrint-control.controller.ts,152,getAuditActionTypes,compatibility,"JwtAuthGuard",false,,svc,svc.getActionTypes,true
GET,/api/europrint-control/audit-source-types,modules/compatibility/europrint-control.controller.ts,157,getAuditSourceTypes,compatibility,"JwtAuthGuard",false,,svc,svc.getSourceTypes,true
GET,/api/goals,modules/compatibility/goals-compat.controller.ts,58,getGoals,compatibility,"RolesGuard",false,,svc,svc.getGoals,true
GET,/api/goals/v2,modules/compatibility/goals-compat.controller.ts,73,getGoalsV2,compatibility,"RolesGuard",false,,stub/dead,svc.getGoals,true
POST,/api/goals,modules/compatibility/goals-compat.controller.ts,90,createGoal,compatibility,"RolesGuard",false,,svc,svc.createGoal,true
GET,/api/goals/:id,modules/compatibility/goals-compat.controller.ts,98,getGoal,compatibility,"RolesGuard",false,,svc,svc.getGoal,true
PUT,/api/goals/:id,modules/compatibility/goals-compat.controller.ts,103,updateGoal,compatibility,"RolesGuard",false,,svc,svc.updateGoal,true
PATCH,/api/goals/:id,modules/compatibility/goals-compat.controller.ts,111,patchGoal,compatibility,"RolesGuard",false,,svc,svc.updateGoal,true
DELETE,/api/goals/:id,modules/compatibility/goals-compat.controller.ts,117,deleteGoal,compatibility,"RolesGuard",false,,svc,svc.deleteGoal,true
GET,/api/hr-map/employees,modules/compatibility/hr-map-compat.controller.ts,35,getMapEmployees,compatibility,"RolesGuard",false,,stub/dead,svc.getMapEmployees,true
GET,/api/hr-map/employees/v2,modules/compatibility/hr-map-compat.controller.ts,51,getMapEmployeesV2,compatibility,"RolesGuard",false,,stub/dead,svc.getMapEmployees,true
GET,/api/hr-map/departments,modules/compatibility/hr-map-compat.controller.ts,64,getDepartments,compatibility,"RolesGuard",false,,svc,svc.getDepartments,false
GET,/api/hr-map/heatmap,modules/compatibility/hr-map-compat.controller.ts,69,getHeatmap,compatibility,"RolesGuard",false,,svc,svc.getHeatmap,false
GET,/api/hr-map/attendance-today,modules/compatibility/hr-map-compat.controller.ts,74,getAttendanceToday,compatibility,"RolesGuard",false,,svc,svc.getAttendanceToday,false
POST,/api/hr-map/filter,modules/compatibility/hr-map-compat.controller.ts,79,filterMap,compatibility,"RolesGuard",false,,svc,svc.filterMap,false
GET,/api/hr-map/transport-groups,modules/compatibility/hr-map-compat.controller.ts,84,getTransportGroups,compatibility,"RolesGuard",false,,svc,svc.getTransportGroups,true
GET,/api/hr-map/stats,modules/compatibility/hr-map-compat.controller.ts,91,getMapStats,compatibility,"RolesGuard",false,,svc,svc.getMapStats,true
GET,/api/hr-map/zones,modules/compatibility/hr-map-compat.controller.ts,99,getZones,compatibility,"RolesGuard",false,,svc,svc.getZones,false
GET,/api/mentorships,modules/compatibility/mentorships-compat.controller.ts,35,getMentorships,compatibility,"RolesGuard",false,,stub/dead,svc.getMentorships,true
GET,/api/mentorships/v2,modules/compatibility/mentorships-compat.controller.ts,47,getMentorshipsV2,compatibility,"RolesGuard",false,,stub/dead,svc.getMentorships,true
POST,/api/mentorships,modules/compatibility/mentorships-compat.controller.ts,60,createMentorship,compatibility,"RolesGuard",false,,svc,svc.createMentorship,true
GET,/api/mentorships/:id,modules/compatibility/mentorships-compat.controller.ts,66,getMentorship,compatibility,"RolesGuard",false,,svc,svc.getMentorship,true
PUT,/api/mentorships/:id,modules/compatibility/mentorships-compat.controller.ts,71,updateMentorship,compatibility,"RolesGuard",false,,svc,svc.updateMentorship,true
PATCH,/api/mentorships/:id,modules/compatibility/mentorships-compat.controller.ts,76,patchMentorship,compatibility,"RolesGuard",false,,svc,svc.updateMentorship,true
DELETE,/api/mentorships/:id,modules/compatibility/mentorships-compat.controller.ts,81,deleteMentorship,compatibility,"RolesGuard",false,,svc,svc.deleteMentorship,true
GET,/api/pos/wh/stock,modules/compatibility/pos-warehouse-integration.controller.ts,49,getStock,compatibility,"",false,,svc,svc.getRealTimeStock,true
GET,/api/pos/wh/barcode/:barcode,modules/compatibility/pos-warehouse-integration.controller.ts,69,findByBarcode,compatibility,"",false,,svc,svc.findByBarcode,true
POST,/api/pos/wh/movements,modules/compatibility/pos-warehouse-integration.controller.ts,77,createMovement,compatibility,"",false,,svc,i18n.t,true
GET,/api/pos/wh/movements,modules/compatibility/pos-warehouse-integration.controller.ts,118,getMovementHistory,compatibility,"",false,,svc,svc.getMovementHistory,true
GET,/api/pos/wh/alerts,modules/compatibility/pos-warehouse-integration.controller.ts,138,getStockAlerts,compatibility,"",false,,stub/dead,svc.getStockAlerts,true
GET,/api/pos/wh/alerts/v2,modules/compatibility/pos-warehouse-integration.controller.ts,148,getStockAlertsV2,compatibility,"",false,,stub/dead,svc.getStockAlerts,true
GET,/api/warehouses,modules/compatibility/resources.controller.ts,35,getAll,compatibility,"",false,,svc,svc.getWarehouses,true
GET,/api/warehouses/:id,modules/compatibility/resources.controller.ts,40,getOne,compatibility,"",false,,svc,svc.getWarehouse,true
POST,/api/warehouses,modules/compatibility/resources.controller.ts,45,create,compatibility,"",false,,svc,svc.createWarehouse,true
PATCH,/api/warehouses/:id,modules/compatibility/resources.controller.ts,51,update,compatibility,"",false,,svc,svc.updateWarehouse,true
DELETE,/api/warehouses/:id,modules/compatibility/resources.controller.ts,56,delete,compatibility,"",false,,svc,svc.deleteWarehouse,true
POST,/api/warehouses/notify-vacancies,modules/compatibility/resources.controller.ts,62,notifyVacancies,compatibility,"",false,,svc,svc.getMaterialCards,true
GET,/api/material-cards,modules/compatibility/resources.controller.ts,82,getAll,compatibility,"JwtAuthGuard, RolesGuard",false,,stub/dead,svc.getMaterialCards,true
GET,/api/material-cards/v2,modules/compatibility/resources.controller.ts,91,getAllV2,compatibility,"JwtAuthGuard, RolesGuard",false,,stub/dead,svc.getMaterialCards,true
GET,/api/material-cards/:id,modules/compatibility/resources.controller.ts,105,getOne,compatibility,"JwtAuthGuard, RolesGuard",false,,svc,svc.getMaterialCard,true
POST,/api/material-cards,modules/compatibility/resources.controller.ts,110,create,compatibility,"JwtAuthGuard, RolesGuard",false,,svc,svc.createMaterialCard,true
GET,/api/org-departments,modules/compatibility/resources.controller.ts,131,getAll,compatibility,"",false,,svc,svc.getOrgDepartments,true
POST,/api/org-departments/notify-vacancies,modules/compatibility/resources.controller.ts,136,notifyVacancies,compatibility,"",false,,real?,,true
GET,/api/org-functions,modules/compatibility/resources.controller.ts,158,getAll,compatibility,"",false,,svc,svc.getOrgFunctions,true
GET,/api/saas/tenants,modules/compatibility/saas.controller.ts,72,getTenants,compatibility,"JwtAuthGuard, RolesGuard",false,,stub/dead,svc.getTenants,true
GET,/api/saas/tenants/v2,modules/compatibility/saas.controller.ts,82,getTenantsV2,compatibility,"JwtAuthGuard, RolesGuard",false,,stub/dead,svc.getTenants,true
POST,/api/saas/tenants,modules/compatibility/saas.controller.ts,92,createTenant,compatibility,"JwtAuthGuard, RolesGuard",false,,svc,svc.createTenant,true
GET,/api/saas/platform-stats,modules/compatibility/saas.controller.ts,99,getPlatformStats,compatibility,"JwtAuthGuard, RolesGuard",false,,svc,svc.getPlatformStats,true
GET,/api/saas/error-logs,modules/compatibility/saas.controller.ts,104,getErrorLogs,compatibility,"JwtAuthGuard, RolesGuard",false,,svc,svc.getErrorLogs,true
PATCH,/api/saas/tenants/:id/status,modules/compatibility/saas.controller.ts,109,updateTenantStatus,compatibility,"JwtAuthGuard, RolesGuard",false,,svc,svc.updateTenantStatus,true
GET,/api/saas/modules,modules/compatibility/saas.controller.ts,115,getModules,compatibility,"JwtAuthGuard, RolesGuard",false,,svc,svc.getModules,true
GET,/api/saas/expiry-alerts,modules/compatibility/saas.controller.ts,120,getExpiryAlerts,compatibility,"JwtAuthGuard, RolesGuard",false,,svc,svc.getExpiryAlerts,true
GET,/api/saas/tenants/:id,modules/compatibility/saas.controller.ts,125,getTenantById,compatibility,"JwtAuthGuard, RolesGuard",false,,svc,svc.getTenantById,true
PUT,/api/saas/tenants/:id,modules/compatibility/saas.controller.ts,130,updateTenant,compatibility,"JwtAuthGuard, RolesGuard",false,,svc,svc.updateTenant,true
DELETE,/api/saas/tenants/:id,modules/compatibility/saas.controller.ts,136,deleteTenant,compatibility,"JwtAuthGuard, RolesGuard",false,,svc,svc.deleteTenant,true
GET,/api/saas/tenants/:id/modules,modules/compatibility/saas.controller.ts,142,getTenantModules,compatibility,"JwtAuthGuard, RolesGuard",false,,svc,svc.getTenantModules,true
PATCH,/api/saas/tenants/:id/modules,modules/compatibility/saas.controller.ts,147,updateTenantModules,compatibility,"JwtAuthGuard, RolesGuard",false,,svc,svc.updateTenantModules,true
POST,/api/saas/tenants/:id/onboard,modules/compatibility/saas.controller.ts,153,onboardTenant,compatibility,"JwtAuthGuard, RolesGuard",false,,svc,svc.onboardTenant,true
GET,/api/orders-registry,modules/compatibility/saas.controller.ts,167,listOrders,compatibility,"JwtAuthGuard, RolesGuard",false,'admin','super_admin','manager','director','accountant','sales',svc,svc.listOrders,true
POST,/api/orders-registry,modules/compatibility/saas.controller.ts,173,createOrder,compatibility,"JwtAuthGuard, RolesGuard",false,'admin','super_admin','manager','director','accountant','sales',svc,svc.createOrder,true
GET,/api/guidelines,modules/compatibility/settings-admin.controller.ts,54,getGuidelines,compatibility,"JwtAuthGuard, RolesGuard",false,'super_admin','admin','manager','director',stub/dead,svc.getGuidelines,true
GET,/api/guidelines/v2,modules/compatibility/settings-admin.controller.ts,64,getGuidelinesV2,compatibility,"JwtAuthGuard, RolesGuard",false,'super_admin','admin','manager','director',stub/dead,svc.getGuidelines,true
POST,/api/guidelines,modules/compatibility/settings-admin.controller.ts,75,createGuideline,compatibility,"JwtAuthGuard, RolesGuard",false,,svc,svc.createGuideline,true
PUT,/api/guidelines/:id,modules/compatibility/settings-admin.controller.ts,82,updateGuideline,compatibility,"JwtAuthGuard, RolesGuard",false,,svc,svc.updateGuideline,true
DELETE,/api/guidelines/:id,modules/compatibility/settings-admin.controller.ts,88,deleteGuideline,compatibility,"JwtAuthGuard, RolesGuard",false,,svc,svc.deleteGuideline,true
GET,/api/contact-settings,modules/compatibility/settings-admin.controller.ts,94,getContactSettings,compatibility,"JwtAuthGuard, RolesGuard",false,'super_admin','admin','manager','director',svc,svc.getContactSettings,true
PUT,/api/contact-settings,modules/compatibility/settings-admin.controller.ts,100,updateContactSettings,compatibility,"JwtAuthGuard, RolesGuard",false,,svc,svc.updateContactSettings,true
GET,/api/system-settings,modules/compatibility/settings-admin.controller.ts,113,getSystemSettings,compatibility,"JwtAuthGuard, RolesGuard",false,'super_admin','admin','manager','director','cashier','pos_manager',svc,svc.getSystemSettings,true
PUT,/api/system-settings,modules/compatibility/settings-admin.controller.ts,119,updateSystemSettings,compatibility,"JwtAuthGuard, RolesGuard",false,,svc,svc.updateSystemSettings,true
GET,/api/filters,modules/compatibility/settings-admin.controller.ts,132,getFilters,compatibility,"JwtAuthGuard, RolesGuard",false,'super_admin','admin','manager','director',svc,svc.getFilters,false
POST,/api/filters,modules/compatibility/settings-admin.controller.ts,138,createFilter,compatibility,"JwtAuthGuard, RolesGuard",false,,svc,svc.createFilter,false
PUT,/api/filters/:id,modules/compatibility/settings-admin.controller.ts,145,updateFilter,compatibility,"JwtAuthGuard, RolesGuard",false,,svc,svc.updateFilter,false
DELETE,/api/filters/:id,modules/compatibility/settings-admin.controller.ts,151,deleteFilter,compatibility,"JwtAuthGuard, RolesGuard",false,,svc,svc.deleteFilter,false
GET,/api/succession/career-plans,modules/compatibility/succession-compat.controller.ts,35,getCareerPlans,compatibility,"RolesGuard",false,,stub/dead,svc.getCareerPlans,true
GET,/api/succession/career-plans/v2,modules/compatibility/succession-compat.controller.ts,45,getCareerPlansV2,compatibility,"RolesGuard",false,,stub/dead,svc.getCareerPlans,true
POST,/api/succession/career-plans,modules/compatibility/succession-compat.controller.ts,55,createCareerPlan,compatibility,"RolesGuard",false,,svc,svc.createCareerPlan,true
PUT,/api/succession/career-plans/:id,modules/compatibility/succession-compat.controller.ts,61,updateCareerPlan,compatibility,"RolesGuard",false,,svc,svc.updateCareerPlan,true
GET,/api/succession/talent-pool,modules/compatibility/succession-compat.controller.ts,66,getTalentPool,compatibility,"RolesGuard",false,,svc,svc.getTalentPool,false
POST,/api/succession/talent-pool,modules/compatibility/succession-compat.controller.ts,71,createTalentPoolEntry,compatibility,"RolesGuard",false,,svc,svc.createTalentPoolEntry,false
GET,/api/succession/candidates,modules/compatibility/succession-compat.controller.ts,77,getCandidates,compatibility,"RolesGuard",false,,svc,svc.getTalentPool,true
GET,/api/succession/key-positions,modules/compatibility/succession-compat.controller.ts,82,getKeyPositions,compatibility,"RolesGuard",false,,svc,svc.getKeyPositions,true
GET,/api/succession/risks,modules/compatibility/succession-compat.controller.ts,89,getSuccessionRisks,compatibility,"RolesGuard",false,,svc,svc.getSuccessionRisks,false
GET,/api/succession/readiness-stats,modules/compatibility/succession-compat.controller.ts,95,getReadinessStats,compatibility,"RolesGuard",false,,svc,svc.getReadinessStats,false
GET,/api/telegram/admin/stats,modules/compatibility/telegram-admin.controller.ts,43,getStats,compatibility,"JwtAuthGuard, RolesGuard",false,,stub/dead,svc.getStats,true
GET,/api/telegram/admin/users,modules/compatibility/telegram-admin.controller.ts,48,getUsers,compatibility,"JwtAuthGuard, RolesGuard",false,,stub/dead,svc.getUsers,true
GET,/api/telegram/admin/users/v2,modules/compatibility/telegram-admin.controller.ts,58,getUsersV2,compatibility,"JwtAuthGuard, RolesGuard",false,,stub/dead,svc.getUsers,true
POST,/api/telegram/admin/broadcast,modules/compatibility/telegram-admin.controller.ts,69,broadcast,compatibility,"JwtAuthGuard, RolesGuard",false,,svc,svc.broadcast,true
GET,/api/users,modules/compatibility/users-compat.controller.ts,36,listUsers,compatibility,"RolesGuard",false,,stub/dead,svc.listUsers,true
GET,/api/users/v2,modules/compatibility/users-compat.controller.ts,48,listUsersV2,compatibility,"RolesGuard",false,,stub/dead,svc.listUsers,true
POST,/api/warehouse/barcode/generate,modules/compatibility/warehouse-barcode-ops.controller.ts,36,generateBarcode,compatibility,"JwtAuthGuard",false,,stub/dead,svc.generateBarcode,true
POST,/api/warehouse/barcode/scan,modules/compatibility/warehouse-barcode-ops.controller.ts,42,scanBarcode,compatibility,"JwtAuthGuard",false,,stub/dead,svc.scanBarcode,true
POST,/api/warehouse/barcode/scan/v2,modules/compatibility/warehouse-barcode-ops.controller.ts,53,scanBarcodeV2,compatibility,"JwtAuthGuard",false,,stub/dead,svc.scanBarcode,true
POST,/api/warehouse/barcode/bulk-generate,modules/compatibility/warehouse-barcode-ops.controller.ts,61,bulkGenerateBarcodes,compatibility,"JwtAuthGuard",false,,svc,svc.bulkGenerateBarcodes,true
GET,/api/warehouse/barcode/print/:id,modules/compatibility/warehouse-barcode-ops.controller.ts,67,getPrintPreview,compatibility,"JwtAuthGuard",false,,svc,svc.getPrintPreview,true
GET,/api/warehouse/materials,modules/compatibility/warehouse-catalog.controller.ts,50,getMaterials,compatibility,"JwtAuthGuard",false,,stub/dead,svc.getMaterials,true
GET,/api/warehouse/materials/v2,modules/compatibility/warehouse-catalog.controller.ts,60,getMaterialsV2,compatibility,"JwtAuthGuard",false,,stub/dead,svc.getMaterials,true
POST,/api/warehouse/materials,modules/compatibility/warehouse-catalog.controller.ts,74,createMaterial,compatibility,"JwtAuthGuard",false,,svc,svc.createMaterial,true
GET,/api/warehouse/batches/stats,modules/compatibility/warehouse-catalog.controller.ts,85,getBatchesStats,compatibility,"JwtAuthGuard",false,,svc,svc.getBatchesStats,true
GET,/api/warehouse/batches,modules/compatibility/warehouse-catalog.controller.ts,90,getBatches,compatibility,"JwtAuthGuard",false,,svc,svc.getBatches,true
POST,/api/warehouse/batches,modules/compatibility/warehouse-catalog.controller.ts,100,createBatch,compatibility,"JwtAuthGuard",false,,svc,svc.createBatch,true
PATCH,/api/warehouse/batches/:id,modules/compatibility/warehouse-catalog.controller.ts,106,updateBatch,compatibility,"JwtAuthGuard",false,,svc,svc.updateBatch,true
POST,/api/warehouse/movements,modules/compatibility/warehouse-catalog.controller.ts,111,createMovement,compatibility,"JwtAuthGuard",false,,real?,,true
POST,/api/warehouse/label/print,modules/compatibility/warehouse-label.controller.ts,36,printLabel,compatibility,"JwtAuthGuard",false,,svc,svc.printLabel,true
GET,/api/warehouse/label/batches,modules/compatibility/warehouse-label.controller.ts,42,getLabelBatches,compatibility,"JwtAuthGuard",false,,stub/dead,svc.getLabelBatches,false
GET,/api/warehouse/label/batches/v2,modules/compatibility/warehouse-label.controller.ts,55,getLabelBatchesV2,compatibility,"JwtAuthGuard",false,,stub/dead,svc.getLabelBatches,false
GET,/api/warehouse/label/history,modules/compatibility/warehouse-label.controller.ts,68,getPrintHistory,compatibility,"JwtAuthGuard",false,,svc,svc.getPrintHistory,false
PATCH,/api/warehouse/label/batches/:id/status,modules/compatibility/warehouse-label.controller.ts,76,updateBatchStatus,compatibility,"JwtAuthGuard",false,,svc,svc.updateBatchStatus,false
POST,/api/warehouse/label/print-job,modules/compatibility/warehouse-label.controller.ts,84,createLabelPrintJob,compatibility,"JwtAuthGuard",false,,svc,svc.createLabelPrintJob,false
GET,/api/core/panels/my,modules/core/presentation/panels.controller.ts,43,getMyPanel,core,"RolesGuard",false,,svc,logger.log,false
POST,/api/core/panels/my,modules/core/presentation/panels.controller.ts,53,saveMyPanel,core,"RolesGuard",false,,svc,logger.log,false
GET,/api/core/panels/default,modules/core/presentation/panels.controller.ts,64,getDefaultPanel,core,"RolesGuard",false,,svc,logger.log,true
GET,/api/crm/activities,modules/crm/presentation/crm-activities.controller.ts,42,list,crm,"JwtAuthGuard",false,,svc,svc.list,true
GET,/api/crm/activities/today,modules/crm/presentation/crm-activities.controller.ts,60,today,crm,"JwtAuthGuard",false,,svc,svc.today,true
GET,/api/crm/activities/:id,modules/crm/presentation/crm-activities.controller.ts,68,getById,crm,"JwtAuthGuard",false,,svc,svc.getById,true
POST,/api/crm/activities,modules/crm/presentation/crm-activities.controller.ts,80,create,crm,"JwtAuthGuard|RolesGuard",false,...CRM_ROLES,svc,svc.create,true
PATCH,/api/crm/activities/:id/complete,modules/crm/presentation/crm-activities.controller.ts,94,complete,crm,"JwtAuthGuard|RolesGuard",false,...CRM_ROLES,svc,svc.complete,true
PATCH,/api/crm/activities/:id,modules/crm/presentation/crm-activities.controller.ts,110,update,crm,"JwtAuthGuard|RolesGuard",false,...CRM_ROLES,svc,svc.update,true
DELETE,/api/crm/activities/:id,modules/crm/presentation/crm-activities.controller.ts,126,delete,crm,"JwtAuthGuard|RolesGuard",false,...CRM_ROLES,svc,svc.delete,true
GET,/api/crm/ai/autofill/:entityType/:id,modules/crm/presentation/crm-ai-extended.controller.ts,91,autofill,crm,"JwtAuthGuard, RolesGuard",false,,svc,svc.autofill,true
GET,/api/crm/ai/churn-rescue/:entityType/:id,modules/crm/presentation/crm-ai-extended.controller.ts,99,churnRescue,crm,"JwtAuthGuard, RolesGuard",false,,svc,svc.analyzeChurn,true
GET,/api/crm/ai/extended/auto-tasks/suggest,modules/crm/presentation/crm-ai-extended.controller.ts,106,suggestAutoTasks,crm,"JwtAuthGuard, RolesGuard",false,,svc,svc.suggestAutoTasks,true
POST,/api/crm/ai/extended/auto-tasks/suggest,modules/crm/presentation/crm-ai-extended.controller.ts,114,postSuggestAutoTasks,crm,"JwtAuthGuard, RolesGuard",false,,svc,svc.suggestAutoTasks,true
GET,/api/crm/ai/leads,modules/crm/presentation/crm-ai-extended.controller.ts,122,getAiLeads,crm,"JwtAuthGuard, RolesGuard",false,,svc,svc.getAiLeads,true
GET,/api/crm/ai/nba,modules/crm/presentation/crm-ai-extended.controller.ts,129,getAiNba,crm,"JwtAuthGuard, RolesGuard",false,,svc,svc.getAiNba,true
POST,/api/crm/ai/nba/create-task,modules/crm/presentation/crm-ai-extended.controller.ts,137,createNbaTask,crm,"JwtAuthGuard, RolesGuard",false,,svc,crmAiSvc.getNextBestAction,true
POST,/api/crm/ai/nba/:entityType/:entityId,modules/crm/presentation/crm-ai-extended.controller.ts,146,postNba,crm,"JwtAuthGuard, RolesGuard",false,,svc,crmAiSvc.getNextBestAction,true
POST,/api/crm/ai/churn-rescue/:entityType/:id,modules/crm/presentation/crm-ai-extended.controller.ts,172,postChurnRescue,crm,"JwtAuthGuard, RolesGuard",false,,svc,svc.analyzeChurn,true
GET,/api/crm/ai/quick-score/:entityType/:id,modules/crm/presentation/crm-ai-extended.controller.ts,198,getAiQuickScore,crm,"JwtAuthGuard, RolesGuard",false,,svc,svc.getAiQuickScore,true
POST,/api/crm/ai/autofill/:entityId,modules/crm/presentation/crm-ai-extended.controller.ts,206,postAutofill,crm,"JwtAuthGuard, RolesGuard",false,,svc,svc.autofill,true
POST,/api/crm/ai/leads/:entityId/scoring-v2,modules/crm/presentation/crm-ai-extended.controller.ts,231,scoreLeadV2,crm,"JwtAuthGuard, RolesGuard",false,,svc,crmAiSvc.scoreLeadV2,true
POST,/api/crm/leads/:id/ai-analysis,modules/crm/presentation/crm-ai.controller.ts,44,analyzeLeadAi,crm,"JwtAuthGuard, RolesGuard",false,,svc,svc.analyzeLeadAi,true
POST,/api/crm/leads/:id/scoring-v2,modules/crm/presentation/crm-ai.controller.ts,58,scoreLeadV2,crm,"JwtAuthGuard, RolesGuard",false,,svc,svc.scoreLeadV2,true
POST,/api/crm/deals/:id/ai-forecast,modules/crm/presentation/crm-ai.controller.ts,72,forecastDeal,crm,"JwtAuthGuard, RolesGuard",false,,svc,svc.forecastDeal,true
GET,/api/crm/dashboard-analysis,modules/crm/presentation/crm-ai.controller.ts,84,getDashboardAnalysis,crm,"JwtAuthGuard, RolesGuard",false,,svc,svc.getDashboardAnalysis,false
POST,/api/crm/nba/:entityType/:entityId,modules/crm/presentation/crm-ai.controller.ts,93,getNextBestAction,crm,"JwtAuthGuard, RolesGuard",false,,svc,svc.getNextBestAction,false
POST,/api/crm/suggest-action,modules/crm/presentation/crm-ai.controller.ts,102,suggestAction,crm,"JwtAuthGuard, RolesGuard",false,,svc,svc.suggestAction,false
GET,/api/crm/funnel,modules/crm/presentation/crm-analytics.controller.ts,73,getFunnel,crm,"JwtAuthGuard, PermissionGuard",false,,svc,funnelSvc.composeFunnelData,true
GET,/api/crm/cohort,modules/crm/presentation/crm-analytics.controller.ts,81,getCohort,crm,"JwtAuthGuard, PermissionGuard",false,,svc,cohortSvc.buildCohortResponse,true
POST,/api/crm/rfm/cluster,modules/crm/presentation/crm-analytics.controller.ts,89,rfmCluster,crm,"JwtAuthGuard, PermissionGuard|SodGuard",false,,svc,kmeansSvc.cluster,true
POST,/api/crm/churn/predict,modules/crm/presentation/crm-analytics.controller.ts,98,churnPredict,crm,"JwtAuthGuard, PermissionGuard|SodGuard",false,,svc,churnSvc.predictWithActiveModel,false
POST,/api/crm/churn/retrain,modules/crm/presentation/crm-analytics.controller.ts,107,churnRetrain,crm,"JwtAuthGuard, PermissionGuard|SodGuard",false,,svc,churnRetrainSvc.retrain,false
GET,/api/crm/quick-score/:entityType/:id,modules/crm/presentation/crm-auto-lead.controller.ts,42,quickScore,crm,"RolesGuard",false,,svc,svc.quickScore,false
GET,/api/crm/supervisor-dashboard,modules/crm/presentation/crm-auto-lead.controller.ts,53,getSupervisorDashboard,crm,"RolesGuard",false,'sales_manager','director','super_admin',svc,svc.getSupervisorDashboard,false
POST,/api/crm/churn-rescue/:entityType/:id,modules/crm/presentation/crm-auto-lead.controller.ts,63,churnRescue,crm,"RolesGuard",false,,svc,svc.churnRescue,false
GET,/api/crm/auto-lead/sources,modules/crm/presentation/crm-auto-lead.controller.ts,71,getAutoLeadSources,crm,"RolesGuard",false,,svc,svc.getAutoLeadSources,false
POST,/api/crm/auto-lead/call,modules/crm/presentation/crm-auto-lead.controller.ts,79,ingestCallLead,crm,"RolesGuard",false,,svc,svc.ingestCallLead,false
POST,/api/crm/auto-lead/form,modules/crm/presentation/crm-auto-lead.controller.ts,89,ingestFormLead,crm,"RolesGuard",false,,svc,svc.ingestFormLead,false
POST,/api/crm/auto-lead/telegram,modules/crm/presentation/crm-auto-lead.controller.ts,99,ingestTelegramLead,crm,"RolesGuard",false,,svc,svc.ingestTelegramLead,false
POST,/api/crm/auto-lead/website,modules/crm/presentation/crm-auto-lead.controller.ts,109,ingestWebsiteLead,crm,"RolesGuard",false,,svc,svc.ingestWebsiteLead,false
GET,/api/crm-bitrix/proposals,modules/crm/presentation/crm-bitrix-compat.controller.ts,51,listProposals,crm,"",false,,svc,svc.listProposals,true
GET,/api/crm-bitrix/invoices,modules/crm/presentation/crm-bitrix-compat.controller.ts,58,listInvoices,crm,"",false,,svc,svc.listInvoices,true
GET,/api/crm-bitrix/robots,modules/crm/presentation/crm-bitrix-compat.controller.ts,65,listRobots,crm,"",false,,svc,svc.listRobots,true
GET,/api/crm-bitrix/robots/:id,modules/crm/presentation/crm-bitrix-compat.controller.ts,72,getRobot,crm,"",false,,svc,svc.getRobot,true
POST,/api/crm-bitrix/robots,modules/crm/presentation/crm-bitrix-compat.controller.ts,77,createRobot,crm,"",false,'super_admin','director',svc,svc.createRobot,true
PUT,/api/crm-bitrix/robots/:id,modules/crm/presentation/crm-bitrix-compat.controller.ts,84,updateRobot,crm,"",false,'super_admin','director',svc,svc.updateRobot,true
PATCH,/api/crm-bitrix/robots/:id/toggle,modules/crm/presentation/crm-bitrix-compat.controller.ts,91,toggleRobot,crm,"",false,'super_admin','director','manager',svc,svc.toggleRobot,true
DELETE,/api/crm-bitrix/robots/:id,modules/crm/presentation/crm-bitrix-compat.controller.ts,97,deleteRobot,crm,"",false,'super_admin','director',svc,svc.deleteRobot,true
PATCH,/api/crm-bitrix/robots/:id,modules/crm/presentation/crm-bitrix-compat.controller.ts,103,patchRobot,crm,"",false,'super_admin','director',svc,svc.updateRobot,true
POST,/api/crm-bitrix/robots/:id/toggle,modules/crm/presentation/crm-bitrix-compat.controller.ts,110,postToggleRobot,crm,"",false,'super_admin','director','manager',svc,svc.toggleRobot,true
PATCH,/api/crm-bitrix/proposals/:id/stage,modules/crm/presentation/crm-bitrix-compat.controller.ts,116,updateProposalStage,crm,"",false,,svc,svc.updateProposalStage,true
PATCH,/api/crm-bitrix/invoices/:id/stage,modules/crm/presentation/crm-bitrix-compat.controller.ts,123,updateInvoiceStage,crm,"",false,,svc,svc.updateInvoiceStage,true
DELETE,/api/crm-bitrix/proposals/:id,modules/crm/presentation/crm-bitrix-compat.controller.ts,130,deleteProposal,crm,"",false,'super_admin','director','manager',svc,svc.deleteProposal,true
DELETE,/api/crm-bitrix/invoices/:id,modules/crm/presentation/crm-bitrix-compat.controller.ts,136,deleteInvoice,crm,"",false,'super_admin','director','manager',svc,svc.deleteInvoice,true
POST,/api/crm/email/send,modules/crm/presentation/crm-comms.controller.ts,51,sendEmail,crm,"RolesGuard",false,,svc,svc.sendEmail,true
POST,/api/crm/meetings/schedule,modules/crm/presentation/crm-comms.controller.ts,62,scheduleMeeting,crm,"RolesGuard",false,,svc,svc.scheduleMeeting,true
POST,/api/crm/sms/send,modules/crm/presentation/crm-comms.controller.ts,80,sendSms,crm,"RolesGuard",false,,svc,svc.sendSms,true
POST,/api/crm/whatsapp/send,modules/crm/presentation/crm-comms.controller.ts,91,sendWhatsapp,crm,"RolesGuard",false,,svc,svc.sendWhatsapp,true
GET,/api/crm/companies,modules/crm/presentation/crm-companies.controller.ts,53,listCompanies,crm,"JwtAuthGuard, RolesGuard",false,,svc,svc.listCompanies,true
GET,/api/crm/companies/:id,modules/crm/presentation/crm-companies.controller.ts,61,getCompany,crm,"JwtAuthGuard, RolesGuard",false,,svc,svc.getCompany,true
GET,/api/crm/companies/:companyId/contacts/:contactId,modules/crm/presentation/crm-companies.controller.ts,73,getCompanyContact,crm,"JwtAuthGuard, RolesGuard",false,,svc,svc.getCompanyContacts,true
GET,/api/crm/companies/:id/contacts,modules/crm/presentation/crm-companies.controller.ts,85,getCompanyContacts,crm,"JwtAuthGuard, RolesGuard",false,,svc,svc.getCompanyContacts,true
GET,/api/crm/companies/:id/deals,modules/crm/presentation/crm-companies.controller.ts,93,getCompanyDeals,crm,"JwtAuthGuard, RolesGuard",false,,svc,svc.getCompanyDeals,true
GET,/api/crm/companies/:id/credit,modules/crm/presentation/crm-companies.controller.ts,101,getCompanyCredit,crm,"JwtAuthGuard, RolesGuard",false,,svc,svc.getCompanyCredit,true
POST,/api/crm/companies/check-duplicates,modules/crm/presentation/crm-companies.controller.ts,113,checkCompanyDuplicates,crm,"JwtAuthGuard, RolesGuard",false,,svc,svc.checkDuplicates,true
POST,/api/crm/companies,modules/crm/presentation/crm-companies.controller.ts,122,createCompany,crm,"JwtAuthGuard, RolesGuard|RolesGuard",false,...CRM_WRITE_ROLES,svc,svc.createCompany,true
PATCH,/api/crm/companies/:id,modules/crm/presentation/crm-companies.controller.ts,135,updateCompany,crm,"JwtAuthGuard, RolesGuard|RolesGuard",false,...CRM_WRITE_ROLES,svc,svc.updateCompany,true
DELETE,/api/crm/companies/:id,modules/crm/presentation/crm-companies.controller.ts,151,deleteCompany,crm,"JwtAuthGuard, RolesGuard|RolesGuard",false,...CRM_WRITE_ROLES,svc,svc.deleteCompany,true
PATCH,/api/crm/companies/:id/credit-limit,modules/crm/presentation/crm-companies.controller.ts,163,updateCreditLimit,crm,"JwtAuthGuard, RolesGuard|RolesGuard",false,'super_admin','director','FINANCE_MANAGER','CFO',svc,svc.updateCreditLimit,true
GET,/api/crm/lead-stages,modules/crm/presentation/crm-companies.controller.ts,177,listLeadStages,crm,"JwtAuthGuard, RolesGuard",false,,svc,svc.listLeadStages,false
GET,/api/crm/lead-stages/:id,modules/crm/presentation/crm-companies.controller.ts,185,getLeadStage,crm,"JwtAuthGuard, RolesGuard",false,,svc,svc.getLeadStage,false
POST,/api/crm/lead-stages,modules/crm/presentation/crm-companies.controller.ts,197,createLeadStage,crm,"JwtAuthGuard, RolesGuard|RolesGuard",false,...CRM_WRITE_ROLES,svc,svc.createLeadStage,false
PATCH,/api/crm/lead-stages/:id,modules/crm/presentation/crm-companies.controller.ts,210,updateLeadStage,crm,"JwtAuthGuard, RolesGuard|RolesGuard",false,...CRM_WRITE_ROLES,svc,svc.updateLeadStage,false
POST,/api/crm/companies/:id/contacts,modules/crm/presentation/crm-companies.controller.ts,226,createCompanyContact,crm,"JwtAuthGuard, RolesGuard|RolesGuard",false,...CRM_WRITE_ROLES,svc,svc.createCompanyContact,true
DELETE,/api/crm/companies/:id/contacts/:contactId,modules/crm/presentation/crm-companies.controller.ts,238,deleteCompanyContact,crm,"JwtAuthGuard, RolesGuard|RolesGuard",false,...CRM_WRITE_ROLES,svc,svc.deleteCompanyContact,true
GET,/api/crm/contacts,modules/crm/presentation/crm-contacts.controller.ts,41,listContacts,crm,"JwtAuthGuard",false,,svc,svc.listContacts,true
GET,/api/crm/contacts/:id,modules/crm/presentation/crm-contacts.controller.ts,49,getContact,crm,"JwtAuthGuard",false,,svc,svc.getContact,true
POST,/api/crm/contacts/check-duplicates,modules/crm/presentation/crm-contacts.controller.ts,61,checkContactDuplicates,crm,"JwtAuthGuard",false,,svc,svc.checkDuplicates,true
POST,/api/crm/contacts,modules/crm/presentation/crm-contacts.controller.ts,70,createContact,crm,"JwtAuthGuard|RolesGuard",false,...CRM_WRITE_ROLES,svc,svc.createContact,true
PATCH,/api/crm/contacts/:id,modules/crm/presentation/crm-contacts.controller.ts,83,updateContact,crm,"JwtAuthGuard|RolesGuard",false,...CRM_WRITE_ROLES,svc,svc.updateContact,true
DELETE,/api/crm/contacts/:id,modules/crm/presentation/crm-contacts.controller.ts,99,deleteContact,crm,"JwtAuthGuard|RolesGuard",false,...CRM_WRITE_ROLES,svc,svc.deleteContact,true
GET,/api/crm/custom-fields,modules/crm/presentation/crm-custom-fields.controller.ts,37,list,crm,"",false,,svc,svc.list,true
GET,/api/crm/custom-fields/:entityType,modules/crm/presentation/crm-custom-fields.controller.ts,44,listByType,crm,"",false,,svc,svc.list,true
POST,/api/crm/custom-fields,modules/crm/presentation/crm-custom-fields.controller.ts,52,create,crm,"RolesGuard",false,...CRM_ADMIN_ROLES,svc,svc.create,true
PATCH,/api/crm/custom-fields/:id,modules/crm/presentation/crm-custom-fields.controller.ts,66,update,crm,"RolesGuard",false,...CRM_ADMIN_ROLES,svc,svc.update,true
POST,/api/crm/custom-fields/reorder,modules/crm/presentation/crm-custom-fields.controller.ts,81,reorder,crm,"RolesGuard",false,...CRM_ADMIN_ROLES,svc,svc.reorder,true
DELETE,/api/crm/custom-fields/:id,modules/crm/presentation/crm-custom-fields.controller.ts,94,delete,crm,"RolesGuard",false,...CRM_ADMIN_ROLES,svc,svc.delete,true
GET,/api/crm/deals,modules/crm/presentation/crm-deals.controller.ts,81,list,crm,"JwtAuthGuard, RolesGuard",false,Role.SALES_MANAGER,Role.DIRECTOR,Role.SUPER_ADMIN,svc,logger.log,true
GET,/api/crm/deals/:id,modules/crm/presentation/crm-deals.controller.ts,95,getById,crm,"JwtAuthGuard, RolesGuard",false,Role.SALES_MANAGER,Role.DIRECTOR,Role.SUPER_ADMIN,svc,logger.log,true
POST,/api/crm/deals,modules/crm/presentation/crm-deals.controller.ts,108,create,crm,"JwtAuthGuard, RolesGuard",false,Role.SALES_MANAGER,Role.SUPER_ADMIN,svc,logger.log,true
PATCH,/api/crm/deals/:id/won,modules/crm/presentation/crm-deals.controller.ts,133,markWon,crm,"JwtAuthGuard, RolesGuard",false,Role.SALES_MANAGER,Role.SUPER_ADMIN,Role.DIRECTOR,svc,logger.log,true
PATCH,/api/crm/deals/:id/stage,modules/crm/presentation/crm-deals.controller.ts,147,updateStage,crm,"JwtAuthGuard, RolesGuard",false,Role.SALES_MANAGER,Role.SUPER_ADMIN,Role.DIRECTOR,svc,i18n.t,true
PATCH,/api/crm/deals/:id,modules/crm/presentation/crm-deals.controller.ts,163,patchDeal,crm,"JwtAuthGuard, RolesGuard",false,Role.SALES_MANAGER,Role.SUPER_ADMIN,Role.DIRECTOR,svc,commandBus.execute,true
DELETE,/api/crm/deals/:id,modules/crm/presentation/crm-deals.controller.ts,179,deleteDeal,crm,"JwtAuthGuard, RolesGuard",false,Role.SALES_MANAGER,Role.SUPER_ADMIN,Role.DIRECTOR,svc,commandBus.execute,true
POST,/api/crm/deals/quick,modules/crm/presentation/crm-deals.controller.ts,189,createQuickDeal,crm,"JwtAuthGuard, RolesGuard",false,Role.SALES_MANAGER,Role.SUPER_ADMIN,svc,logger.log,true
GET,/api/crm/comments,modules/crm/presentation/crm-extras.controller.ts,45,listComments,crm,"RolesGuard",false,,svc,svc.listComments,true
POST,/api/crm/comments,modules/crm/presentation/crm-extras.controller.ts,62,createComment,crm,"RolesGuard",false,,svc,svc.createComment,true
GET,/api/crm/history,modules/crm/presentation/crm-extras.controller.ts,78,getHistory,crm,"RolesGuard",false,,svc,svc.getHistory,true
GET,/api/crm/dashboard,modules/crm/presentation/crm-extras.controller.ts,94,getDashboard,crm,"RolesGuard",false,,svc,svc.getDashboard,false
GET,/api/crm/pipeline,modules/crm/presentation/crm-extras.controller.ts,101,getPipeline,crm,"RolesGuard",false,,svc,svc.getPipeline,false
GET,/api/crm/tasks,modules/crm/presentation/crm-extras.controller.ts,108,listTasks,crm,"RolesGuard",false,,svc,svc.listTasks,true
POST,/api/crm/tasks,modules/crm/presentation/crm-extras.controller.ts,125,createTask,crm,"RolesGuard",false,,svc,svc.createTask,true
GET,/api/crm/proposals,modules/crm/presentation/crm-extras.controller.ts,134,listProposals,crm,"RolesGuard",false,,svc,svc.listProposals,true
GET,/api/crm/nba,modules/crm/presentation/crm-extras.controller.ts,141,getNba,crm,"RolesGuard",false,,svc,svc.getNba,false
GET,/api/crm,modules/crm/presentation/crm-extras.controller.ts,148,getRoot,crm,"RolesGuard",false,,real?,,true
GET,/api/crm/followup-activities,modules/crm/presentation/crm-followup-compat.controller.ts,56,list,crm,"JwtAuthGuard",false,,svc,svc.list,true
GET,/api/crm/followup-activities/today,modules/crm/presentation/crm-followup-compat.controller.ts,66,today,crm,"JwtAuthGuard",false,,svc,svc.today,true
POST,/api/crm/followup-activities,modules/crm/presentation/crm-followup-compat.controller.ts,74,create,crm,"JwtAuthGuard",false,,svc,svc.create,true
PATCH,/api/crm/followup-activities/:id,modules/crm/presentation/crm-followup-compat.controller.ts,85,update,crm,"JwtAuthGuard",false,,svc,svc.update,true
DELETE,/api/crm/followup-activities/:id,modules/crm/presentation/crm-followup-compat.controller.ts,95,delete,crm,"JwtAuthGuard",false,,svc,svc.delete,true
PATCH,/api/crm/leads/:id,modules/crm/presentation/crm-leads-ops.controller.ts,55,update,crm,"RolesGuard",false,,real?,,true
PATCH,/api/crm/leads/:id/pipeline-stage,modules/crm/presentation/crm-leads-ops.controller.ts,68,updateStage,crm,"RolesGuard",false,,real?,,true
POST,/api/crm/leads/:id/convert,modules/crm/presentation/crm-leads-ops.controller.ts,82,convert,crm,"RolesGuard",false,,real?,,true
DELETE,/api/crm/leads/:id,modules/crm/presentation/crm-leads-ops.controller.ts,105,delete,crm,"RolesGuard",false,,real?,,true
GET,/api/crm/leads,modules/crm/presentation/crm-leads.controller.ts,100,list,crm,"JwtAuthGuard, RolesGuard",false,,svc,leadsService.findAll,true
GET,/api/crm/leads/quick,modules/crm/presentation/crm-leads.controller.ts,115,quickLeads,crm,"JwtAuthGuard, RolesGuard",false,,svc,leadsService.findAll,true
GET,/api/crm/leads/:id,modules/crm/presentation/crm-leads.controller.ts,124,getById,crm,"JwtAuthGuard, RolesGuard",false,,svc,leadsService.findOne,true
GET,/api/crm/leads/:id/emails,modules/crm/presentation/crm-leads.controller.ts,135,getLeadEmails,crm,"JwtAuthGuard, RolesGuard",false,,svc,leadsService.findOne,true
POST,/api/crm/leads,modules/crm/presentation/crm-leads.controller.ts,148,create,crm,"JwtAuthGuard, RolesGuard",false,,svc,leadsService.create,true
PATCH,/api/crm/leads/:id/stage,modules/crm/presentation/crm-leads.controller.ts,159,updateStage,crm,"JwtAuthGuard, RolesGuard",false,,svc,leadsService.update,true
PATCH,/api/crm/leads/:id/qualify,modules/crm/presentation/crm-leads.controller.ts,174,qualify,crm,"JwtAuthGuard, RolesGuard",false,,svc,commandBus.execute,true
POST,/api/crm/leads/:id/emails,modules/crm/presentation/crm-leads.controller.ts,185,sendLeadEmail,crm,"JwtAuthGuard, RolesGuard",false,,svc,leadsService.logEmail,true
POST,/api/crm/leads/quick,modules/crm/presentation/crm-leads.controller.ts,198,createQuickLead,crm,"JwtAuthGuard, RolesGuard",false,,svc,leadsService.create,true
GET,/api/design/orders,modules/design/presentation/design-extended.controller.ts,33,getOrders,design,"JwtAuthGuard, RolesGuard",false,Role.SUPER_ADMIN,Role.DIRECTOR,Role.DESIGNER,Role.SALES_MANAGER,svc,svc.getOrdersList,true
GET,/api/design/templates,modules/design/presentation/design-extended.controller.ts,40,getTemplates,design,"JwtAuthGuard, RolesGuard",false,Role.SUPER_ADMIN,Role.DIRECTOR,Role.DESIGNER,Role.SALES_MANAGER,svc,svc.getTemplates,true
GET,/api/design/dashboard/summary,modules/design/presentation/design-extended.controller.ts,47,getDashboardSummary,design,"JwtAuthGuard, RolesGuard",false,Role.SUPER_ADMIN,Role.DIRECTOR,Role.DESIGNER,svc,svc.getDashboardSummary,true
POST,/api/design/generate,modules/design/presentation/design-extended.controller.ts,54,generateDesigns,design,"JwtAuthGuard, RolesGuard",false,Role.SUPER_ADMIN,Role.DIRECTOR,Role.DESIGNER,svc,svc.generateDesigns,true
PATCH,/api/design/orders/:orderId/status,modules/design/presentation/design-extended.controller.ts,62,updateOrderStatus,design,"JwtAuthGuard, RolesGuard",false,Role.SUPER_ADMIN,Role.DIRECTOR,Role.DESIGNER,Role.SALES_MANAGER,svc,svc.updateOrderStatus,true
GET,/api/design/orders/:orderId/revisions,modules/design/presentation/design-extended.controller.ts,70,getRevisions,design,"JwtAuthGuard, RolesGuard",false,Role.SUPER_ADMIN,Role.DIRECTOR,Role.DESIGNER,svc,svc.getOrderRevisions,true
PATCH,/api/design/notifications/:id/read,modules/design/presentation/design-extended.controller.ts,77,markNotificationRead,design,"JwtAuthGuard, RolesGuard",false,Role.SUPER_ADMIN,Role.DIRECTOR,Role.DESIGNER,Role.SALES_MANAGER,svc,svc.markNotificationRead,true
POST,/api/design/:id/verify,modules/design/presentation/design-extended.controller.ts,85,verifyDesign,design,"JwtAuthGuard, RolesGuard",false,Role.SUPER_ADMIN,Role.DIRECTOR,Role.DESIGNER,svc,svc.verifyDesign,true
POST,/api/design/:id/mockup,modules/design/presentation/design-extended.controller.ts,93,generateMockup,design,"JwtAuthGuard, RolesGuard",false,Role.SUPER_ADMIN,Role.DIRECTOR,Role.DESIGNER,svc,svc.generateMockup,true
POST,/api/design/:id/approve,modules/design/presentation/design-extended.controller.ts,101,approveDesign,design,"JwtAuthGuard, RolesGuard",false,Role.SUPER_ADMIN,Role.DIRECTOR,Role.DESIGNER,svc,svc.approveDesign,true
POST,/api/design/:id/reject,modules/design/presentation/design-extended.controller.ts,108,rejectDesign,design,"JwtAuthGuard, RolesGuard",false,Role.SUPER_ADMIN,Role.DIRECTOR,Role.DESIGNER,svc,svc.rejectDesign,true
GET,/api/design,modules/design/presentation/design.controller.ts,77,getAll,design,"RolesGuard",false,Role.SUPER_ADMIN,Role.DIRECTOR,Role.DESIGNER,svc,queryBus.execute,true
GET,/api/design/:id,modules/design/presentation/design.controller.ts,100,getById,design,"RolesGuard",false,Role.SUPER_ADMIN,Role.DIRECTOR,Role.DESIGNER,svc,queryBus.execute,true
POST,/api/design,modules/design/presentation/design.controller.ts,112,requestDesign,design,"RolesGuard",false,Role.DIRECTOR,Role.SUPER_ADMIN,Role.SALES_MANAGER,svc,commandBus.execute,true
PATCH,/api/design/:id/status,modules/design/presentation/design.controller.ts,137,updateStatus,design,"RolesGuard",false,Role.DESIGNER,Role.SUPER_ADMIN,svc,commandBus.execute,true
GET,/api/design/notifications,modules/design/presentation/design.controller.ts,159,getNotifications,design,"RolesGuard",false,Role.SUPER_ADMIN,Role.DIRECTOR,Role.DESIGNER,svc,designRepo.getStatistics,true
GET,/api/design/statistics,modules/design/presentation/design.controller.ts,169,getStatistics,design,"RolesGuard",false,Role.SUPER_ADMIN,Role.DIRECTOR,Role.DESIGNER,Role.SALES_MANAGER,Role.MANAGER,Role.ADMIN,svc,designRepo.getStatistics,true
GET,/api/design/tooling,modules/design/presentation/design.controller.ts,179,getTooling,design,"RolesGuard",false,Role.SUPER_ADMIN,Role.DIRECTOR,Role.DESIGNER,real?,,true
GET,/api/design/tooling/:id/wear-forecast,modules/design/presentation/design.controller.ts,189,getToolingWearForecast,design,"RolesGuard",false,Role.SUPER_ADMIN,Role.DIRECTOR,Role.DESIGNER,real?,,true
GET,/api/design/orders/:id/messages,modules/design/presentation/design.controller.ts,208,getOrderMessages,design,"RolesGuard",false,Role.SUPER_ADMIN,Role.DIRECTOR,Role.DESIGNER,Role.SALES_MANAGER,stub/dead,,true
POST,/api/design/orders,modules/design/presentation/design.controller.ts,219,createOrder,design,"RolesGuard",false,Role.DIRECTOR,Role.SUPER_ADMIN,Role.SALES_MANAGER,stub/dead,,true
POST,/api/design/orders/:id/messages,modules/design/presentation/design.controller.ts,236,createOrderMessage,design,"RolesGuard",false,Role.SUPER_ADMIN,Role.DIRECTOR,Role.DESIGNER,Role.SALES_MANAGER,real?,,true
GET,/api/analytics/engagement/active-users,modules/director/analytics/analytics-extended.controller.ts,25,getActiveUsers,director,"RolesGuard",false,Role.SUPER_ADMIN,Role.DIRECTOR,Role.HR_MANAGER,Role.MANAGER,svc,svc.getActiveUsers,true
GET,/api/analytics/engagement/activity-trend,modules/director/analytics/analytics-extended.controller.ts,30,getActivityTrend,director,"RolesGuard",false,Role.SUPER_ADMIN,Role.DIRECTOR,Role.HR_MANAGER,Role.MANAGER,svc,svc.getActivityTrend,true
GET,/api/analytics/engagement/retention,modules/director/analytics/analytics-extended.controller.ts,35,getRetention,director,"RolesGuard",false,Role.SUPER_ADMIN,Role.DIRECTOR,Role.HR_MANAGER,Role.MANAGER,svc,svc.getRetention,true
GET,/api/analytics/engagement/sessions,modules/director/analytics/analytics-extended.controller.ts,40,getSessionStats,director,"RolesGuard",false,Role.SUPER_ADMIN,Role.DIRECTOR,Role.HR_MANAGER,Role.MANAGER,svc,svc.getSessionStats,true
GET,/api/analytics/assessment/difficulty,modules/director/analytics/analytics-extended.controller.ts,45,getDifficultyAnalysis,director,"RolesGuard",false,Role.SUPER_ADMIN,Role.DIRECTOR,Role.HR_MANAGER,Role.MANAGER,svc,svc.getDifficultyAnalysis,true
GET,/api/analytics/assessment/discrimination,modules/director/analytics/analytics-extended.controller.ts,50,getDiscriminationData,director,"RolesGuard",false,Role.SUPER_ADMIN,Role.DIRECTOR,Role.HR_MANAGER,Role.MANAGER,svc,svc.getDiscriminationData,true
GET,/api/analytics/assessment/reliability,modules/director/analytics/analytics-extended.controller.ts,55,getReliabilityData,director,"RolesGuard",false,Role.SUPER_ADMIN,Role.DIRECTOR,Role.HR_MANAGER,Role.MANAGER,svc,svc.getReliabilityData,true
GET,/api/analytics/assessment/item-analysis,modules/director/analytics/analytics-extended.controller.ts,60,getItemAnalysis,director,"RolesGuard",false,Role.SUPER_ADMIN,Role.DIRECTOR,Role.HR_MANAGER,Role.MANAGER,svc,svc.getItemAnalysis,true
GET,/api/analytics/mentorships-stats,modules/director/analytics/analytics-extended.controller.ts,65,getMentorshipsStats,director,"RolesGuard",false,Role.SUPER_ADMIN,Role.DIRECTOR,Role.HR_MANAGER,Role.MANAGER,svc,svc.getMentorshipsStats,true
GET,/api/analytics/events-stats,modules/director/analytics/analytics-extended.controller.ts,70,getEventsStats,director,"RolesGuard",false,Role.SUPER_ADMIN,Role.DIRECTOR,Role.HR_MANAGER,Role.MANAGER,svc,svc.getEventsStats,true
GET,/api/analytics/applications-stats,modules/director/analytics/analytics-extended.controller.ts,75,getApplicationsStats,director,"RolesGuard",false,Role.SUPER_ADMIN,Role.DIRECTOR,Role.HR_MANAGER,Role.MANAGER,svc,svc.getApplicationsStats,true
GET,/api/analytics/surveys-stats,modules/director/analytics/analytics-extended.controller.ts,80,getSurveysStats,director,"RolesGuard",false,Role.SUPER_ADMIN,Role.DIRECTOR,Role.HR_MANAGER,Role.MANAGER,svc,svc.getSurveysStats,true
GET,/api/analytics/broadcasts-stats,modules/director/analytics/analytics-extended.controller.ts,85,getBroadcastsStats,director,"RolesGuard",false,Role.SUPER_ADMIN,Role.DIRECTOR,Role.HR_MANAGER,Role.MANAGER,svc,svc.getBroadcastsStats,true
GET,/api/analytics/skills-stats,modules/director/analytics/analytics-extended.controller.ts,90,getSkillsStats,director,"RolesGuard",false,Role.SUPER_ADMIN,Role.DIRECTOR,Role.HR_MANAGER,Role.MANAGER,svc,svc.getSkillsStats,true
GET,/api/analytics/employee-stats,modules/director/analytics/analytics-extended.controller.ts,95,getEmployeeStats,director,"RolesGuard",false,Role.SUPER_ADMIN,Role.DIRECTOR,Role.HR_MANAGER,Role.MANAGER,svc,svc.getEmployeeStats,true
GET,/api/analytics/ai-general-analysis,modules/director/analytics/analytics-extended.controller.ts,100,getAiGeneralAnalysis,director,"RolesGuard",false,Role.SUPER_ADMIN,Role.DIRECTOR,Role.HR_MANAGER,Role.MANAGER,svc,svc.getAiGeneralAnalysis,true
GET,/api/analytics/score-distribution,modules/director/analytics/analytics-extended.controller.ts,105,getScoreDistribution,director,"RolesGuard",false,Role.SUPER_ADMIN,Role.DIRECTOR,Role.HR_MANAGER,Role.MANAGER,svc,svc.getScoreDistribution,true
GET,/api/analytics/skills-matrix,modules/director/analytics/analytics-extended.controller.ts,110,getSkillsMatrix,director,"RolesGuard",false,Role.SUPER_ADMIN,Role.DIRECTOR,Role.HR_MANAGER,Role.MANAGER,svc,svc.getSkillsMatrix,true
GET,/api/analytics/stats,modules/director/analytics/analytics.controller.ts,25,getStats,director,"RolesGuard",false,Role.SUPER_ADMIN,Role.DIRECTOR,Role.HR_MANAGER,Role.MANAGER,svc,svc.getStats,true
GET,/api/analytics/course-progress,modules/director/analytics/analytics.controller.ts,30,getCourseProgress,director,"RolesGuard",false,Role.SUPER_ADMIN,Role.DIRECTOR,Role.HR_MANAGER,Role.MANAGER,svc,svc.getCourseProgress,true
GET,/api/analytics/user-activity,modules/director/analytics/analytics.controller.ts,35,getUserActivity,director,"RolesGuard",false,Role.SUPER_ADMIN,Role.DIRECTOR,Role.HR_MANAGER,Role.MANAGER,svc,svc.getUserActivity,true
GET,/api/analytics/test-results,modules/director/analytics/analytics.controller.ts,40,getTestResults,director,"RolesGuard",false,Role.SUPER_ADMIN,Role.DIRECTOR,Role.HR_MANAGER,Role.MANAGER,svc,svc.getTestResults,true
GET,/api/analytics/learning-outcomes,modules/director/analytics/analytics.controller.ts,45,getLearningOutcomes,director,"RolesGuard",false,Role.SUPER_ADMIN,Role.DIRECTOR,Role.HR_MANAGER,Role.MANAGER,svc,svc.getLearningOutcomes,true
GET,/api/analytics/funnel,modules/director/analytics/analytics.controller.ts,50,getFunnel,director,"RolesGuard",false,Role.SUPER_ADMIN,Role.DIRECTOR,Role.HR_MANAGER,Role.MANAGER,svc,svc.getFunnel,true
GET,/api/analytics/by-department,modules/director/analytics/analytics.controller.ts,55,getByDepartment,director,"RolesGuard",false,Role.SUPER_ADMIN,Role.DIRECTOR,Role.HR_MANAGER,Role.MANAGER,svc,svc.getByDepartment,true
GET,/api/analytics/by-position,modules/director/analytics/analytics.controller.ts,60,getByPosition,director,"RolesGuard",false,Role.SUPER_ADMIN,Role.DIRECTOR,Role.HR_MANAGER,Role.MANAGER,svc,svc.getByPosition,true
GET,/api/analytics/leaderboard/employees,modules/director/analytics/analytics.controller.ts,65,getLeaderboardEmployees,director,"RolesGuard",false,Role.SUPER_ADMIN,Role.DIRECTOR,Role.HR_MANAGER,Role.MANAGER,svc,svc.getLeaderboardEmployees,true
GET,/api/analytics/leaderboard/departments,modules/director/analytics/analytics.controller.ts,70,getLeaderboardDepartments,director,"RolesGuard",false,Role.SUPER_ADMIN,Role.DIRECTOR,Role.HR_MANAGER,Role.MANAGER,svc,svc.getLeaderboardDepartments,true
GET,/api/analytics/leaderboard/courses,modules/director/analytics/analytics.controller.ts,75,getLeaderboardCourses,director,"RolesGuard",false,Role.SUPER_ADMIN,Role.DIRECTOR,Role.HR_MANAGER,Role.MANAGER,svc,svc.getLeaderboardCourses,true
GET,/api/director/approvals,modules/director/presentation/approvals.controller.ts,64,getApprovals,director,"RolesGuard",false,Role.SUPER_ADMIN,Role.DIRECTOR,svc,queryBus.execute,false
GET,/api/director/approvals/pending,modules/director/presentation/approvals.controller.ts,83,getPendingApprovals,director,"RolesGuard",false,Role.SUPER_ADMIN,Role.DIRECTOR,svc,queryBus.execute,false
GET,/api/director/approvals/stats,modules/director/presentation/approvals.controller.ts,102,getStats,director,"RolesGuard",false,Role.SUPER_ADMIN,Role.DIRECTOR,svc,queryBus.execute,false
GET,/api/director/approvals/history,modules/director/presentation/approvals.controller.ts,123,getHistory,director,"RolesGuard",false,Role.SUPER_ADMIN,Role.DIRECTOR,Role.FINANCE_MANAGER,svc,queryBus.execute,false
POST,/api/director/approvals,modules/director/presentation/approvals.controller.ts,143,create,director,"RolesGuard",false,Role.SUPER_ADMIN,Role.DIRECTOR,Role.FINANCE_MANAGER,Role.PRODUCTION_MANAGER,svc,commandBus.execute,false
PATCH,/api/director/approvals/:id/approve,modules/director/presentation/approvals.controller.ts,163,approve,director,"RolesGuard",false,Role.SUPER_ADMIN,Role.DIRECTOR,svc,commandBus.execute,false
PATCH,/api/director/approvals/:id/reject,modules/director/presentation/approvals.controller.ts,173,reject,director,"RolesGuard",false,Role.SUPER_ADMIN,Role.DIRECTOR,svc,commandBus.execute,false
GET,/api/coordination/councils,modules/director/presentation/coordination.controller.ts,40,getCouncils,director,"RolesGuard",false,,svc,svc.getBaskets,true
GET,/api/coordination/baskets,modules/director/presentation/coordination.controller.ts,51,getBaskets,director,"RolesGuard",false,,svc,svc.getBaskets,true
POST,/api/coordination/dokla,modules/director/presentation/coordination.controller.ts,59,createDokla,director,"RolesGuard",false,,svc,svc.createDoklaWithValidation,true
GET,/api/coordination/dokla,modules/director/presentation/coordination.controller.ts,70,listDokla,director,"RolesGuard",false,,svc,svc.listDokla,true
PATCH,/api/coordination/dokla/:id,modules/director/presentation/coordination.controller.ts,78,updateDokla,director,"RolesGuard",false,,svc,svc.updateDoklaWithAuth,true
DELETE,/api/coordination/dokla/:id,modules/director/presentation/coordination.controller.ts,92,deleteDokla,director,"RolesGuard",false,,svc,svc.deleteDoklaWithAuth,true
POST,/api/coordination/rasporyazhenie,modules/director/presentation/coordination.controller.ts,103,createRasporyazhenie,director,"RolesGuard",false,,svc,svc.createRaspWithValidation,true
GET,/api/coordination/rasporyazhenie,modules/director/presentation/coordination.controller.ts,114,listRasporyazhenie,director,"RolesGuard",false,,svc,svc.listRasporyazhenie,true
PATCH,/api/coordination/rasporyazhenie/:id/done,modules/director/presentation/coordination.controller.ts,122,markDone,director,"RolesGuard",false,,svc,svc.markRaspDoneWithAuth,true
PATCH,/api/coordination/dokla/:id/read,modules/director/presentation/coordination.controller.ts,135,markDoklaRead,director,"RolesGuard",false,,svc,svc.updateDoklaWithAuth,true
PATCH,/api/coordination/dokla/:id/resolved,modules/director/presentation/coordination.controller.ts,146,markDoklaResolved,director,"RolesGuard",false,,svc,svc.updateDoklaWithAuth,true
PATCH,/api/coordination/rasporyazhenie/:id,modules/director/presentation/coordination.controller.ts,157,updateRasporyazhenie,director,"RolesGuard",false,,svc,svc.updateRaspWithAuth,true
DELETE,/api/coordination/rasporyazhenie/:id,modules/director/presentation/coordination.controller.ts,171,deleteRasporyazhenie,director,"RolesGuard",false,,svc,svc.deleteRaspWithAuth,true
GET,/api/coordination/stats,modules/director/presentation/coordination.controller.ts,181,getStats,director,"RolesGuard",false,,svc,svc.getStats,true
GET,/api/director/dashboard,modules/director/presentation/dashboard.controller.ts,48,getDashboard,director,"RolesGuard",false,Role.SUPER_ADMIN,Role.DIRECTOR,svc,directorData.getDashboard,true
GET,/api/director/dashboard/kpis,modules/director/presentation/dashboard.controller.ts,55,getKpis,director,"RolesGuard",false,Role.SUPER_ADMIN,Role.DIRECTOR,svc,queryBus.execute,true
GET,/api/director/dashboard/production-summary,modules/director/presentation/dashboard.controller.ts,62,getProductionSummary,director,"RolesGuard",false,Role.SUPER_ADMIN,Role.DIRECTOR,Role.PRODUCTION_MANAGER,svc,queries.getProductionSummary,true
GET,/api/director/dashboard/finance-summary,modules/director/presentation/dashboard.controller.ts,69,getFinanceSummary,director,"RolesGuard",false,Role.SUPER_ADMIN,Role.DIRECTOR,Role.FINANCE_MANAGER,svc,queries.getFinanceSummary,true
GET,/api/director/dashboard/hr-summary,modules/director/presentation/dashboard.controller.ts,76,getHrSummary,director,"RolesGuard",false,Role.SUPER_ADMIN,Role.DIRECTOR,Role.HR_MANAGER,svc,queries.getHrSummary,true
GET,/api/director/wms-rental,modules/director/presentation/director-extended.controller.ts,28,getWmsRental,director,"JwtAuthGuard, RolesGuard",false,Role.SUPER_ADMIN,Role.DIRECTOR,svc,stateService.getWmsRental,true
GET,/api/director/company-state,modules/director/presentation/director-extended.controller.ts,35,getCurrentCompanyState,director,"JwtAuthGuard, RolesGuard",false,Role.SUPER_ADMIN,Role.DIRECTOR,svc,stateService.getCurrentCompanyState,true
GET,/api/director/company-state/history,modules/director/presentation/director-extended.controller.ts,42,getCompanyStateHistory,director,"JwtAuthGuard, RolesGuard",false,Role.SUPER_ADMIN,Role.DIRECTOR,svc,stateService.getCompanyStateHistory,true
GET,/api/director/ideal-vs-actual,modules/director/presentation/director-extended.controller.ts,49,getIdealVsActual,director,"JwtAuthGuard, RolesGuard",false,Role.SUPER_ADMIN,Role.DIRECTOR,svc,stateService.getIdealVsActual,true
POST,/api/director/orders/:id/vip,modules/director/presentation/director-extended.controller.ts,56,markVip,director,"JwtAuthGuard, RolesGuard",false,Role.SUPER_ADMIN,Role.DIRECTOR,svc,stateService.markOrderVip,true
GET,/api/director/kpi,modules/director/presentation/director-root.controller.ts,31,getKpi,director,"JwtAuthGuard, RolesGuard",false,Role.SUPER_ADMIN,Role.DIRECTOR,svc,queryBus.execute,false
GET,/api/director/kpis,modules/director/presentation/director-root.controller.ts,39,getKpis,director,"JwtAuthGuard, RolesGuard",false,Role.SUPER_ADMIN,Role.DIRECTOR,svc,queryBus.execute,true
GET,/api/director/summary,modules/director/presentation/director-root.controller.ts,47,getSummary,director,"JwtAuthGuard, RolesGuard",false,Role.SUPER_ADMIN,Role.DIRECTOR,svc,directorData.getSummaryFull,true
GET,/api/director/production,modules/director/presentation/director-root.controller.ts,54,getProduction,director,"JwtAuthGuard, RolesGuard",false,Role.SUPER_ADMIN,Role.DIRECTOR,Role.PRODUCTION_MANAGER,svc,directorData.getProductionFull,true
GET,/api/director/hr,modules/director/presentation/director-root.controller.ts,61,getHr,director,"JwtAuthGuard, RolesGuard",false,Role.SUPER_ADMIN,Role.DIRECTOR,Role.HR_MANAGER,svc,directorData.getHrFull,true
GET,/api/director/finance,modules/director/presentation/director-root.controller.ts,68,getFinance,director,"JwtAuthGuard, RolesGuard",false,Role.SUPER_ADMIN,Role.DIRECTOR,Role.FINANCE_MANAGER,svc,directorData.getFinanceFull,true
GET,/api/director/alerts,modules/director/presentation/director-root.controller.ts,75,getAlerts,director,"JwtAuthGuard, RolesGuard",false,Role.SUPER_ADMIN,Role.DIRECTOR,svc,directorData.getAlerts,true
GET,/api/director/ai-summary,modules/director/presentation/director-root.controller.ts,82,getAiSummary,director,"JwtAuthGuard, RolesGuard",false,Role.SUPER_ADMIN,Role.DIRECTOR,svc,directorData.getAiSummary,true
POST,/api/kaizen/suggestions,modules/director/presentation/kaizen.controller.ts,41,createSuggestion,director,"JwtAuthGuard, RolesGuard",false,,svc,svc.createSuggestion,true
GET,/api/kaizen/suggestions,modules/director/presentation/kaizen.controller.ts,55,listSuggestions,director,"JwtAuthGuard, RolesGuard",false,,svc,svc.listSuggestions,true
GET,/api/kaizen/suggestions/:id,modules/director/presentation/kaizen.controller.ts,70,getSuggestion,director,"JwtAuthGuard, RolesGuard",false,,svc,svc.getSuggestion,true
PATCH,/api/kaizen/suggestions/:id,modules/director/presentation/kaizen.controller.ts,82,updateSuggestion,director,"JwtAuthGuard, RolesGuard",false,...REVIEW_ROLES,svc,svc.updateSuggestion,true
PATCH,/api/kaizen/suggestions/:id/status,modules/director/presentation/kaizen.controller.ts,97,updateSuggestionStatus,director,"JwtAuthGuard, RolesGuard",false,...REVIEW_ROLES,svc,svc.updateSuggestion,true
GET,/api/kaizen/stats,modules/director/presentation/kaizen.controller.ts,111,getStats,director,"JwtAuthGuard, RolesGuard",false,,svc,svc.getStats,true
GET,/api/okr/objectives,modules/director/presentation/okr.controller.ts,42,listObjectives,director,"RolesGuard",false,,svc,svc.listObjectives,true
GET,/api/okr/objectives/:id,modules/director/presentation/okr.controller.ts,55,getObjective,director,"RolesGuard",false,,svc,svc.getObjective,true
POST,/api/okr/objectives,modules/director/presentation/okr.controller.ts,67,createObjective,director,"RolesGuard",false,,svc,svc.createObjective,true
PATCH,/api/okr/objectives/:id,modules/director/presentation/okr.controller.ts,86,updateObjective,director,"RolesGuard",false,,svc,svc.updateObjective,true
DELETE,/api/okr/objectives/:id,modules/director/presentation/okr.controller.ts,97,deleteObjective,director,"RolesGuard",false,...DIRECTOR_ROLES,svc,svc.deleteObjective,true
GET,/api/okr/key-results,modules/director/presentation/okr.controller.ts,106,listKeyResults,director,"RolesGuard",false,,svc,svc.listKeyResults,false
POST,/api/okr/key-results,modules/director/presentation/okr.controller.ts,114,createKeyResult,director,"RolesGuard",false,,svc,svc.createKeyResult,false
PATCH,/api/okr/key-results/:id,modules/director/presentation/okr.controller.ts,135,updateKeyResult,director,"RolesGuard",false,,svc,svc.updateKeyResult,false
DELETE,/api/okr/key-results/:id,modules/director/presentation/okr.controller.ts,151,deleteKeyResult,director,"RolesGuard",false,...DIRECTOR_ROLES,svc,svc.deleteKeyResult,false
GET,/api/okr/dashboard,modules/director/presentation/okr.controller.ts,160,getDashboard,director,"RolesGuard",false,,svc,svc.getDashboard,false
GET,/api/strategic/categories,modules/director/presentation/strategic.controller.ts,81,listCategories,director,"JwtAuthGuard, RolesGuard",false,,svc,svc.listCategories,true
POST,/api/strategic/categories,modules/director/presentation/strategic.controller.ts,89,createCategory,director,"JwtAuthGuard, RolesGuard",false,,svc,svc.createCategory,true
PATCH,/api/strategic/categories/:id,modules/director/presentation/strategic.controller.ts,99,updateCategory,director,"JwtAuthGuard, RolesGuard",false,,svc,svc.updateCategory,true
GET,/api/strategic/tasks,modules/director/presentation/strategic.controller.ts,107,listTasks,director,"JwtAuthGuard, RolesGuard",false,,svc,svc.listTasks,true
GET,/api/strategic/tasks/:id,modules/director/presentation/strategic.controller.ts,128,getTask,director,"JwtAuthGuard, RolesGuard",false,,svc,svc.getTask,true
POST,/api/strategic/tasks,modules/director/presentation/strategic.controller.ts,140,createTask,director,"JwtAuthGuard, RolesGuard",false,,svc,svc.createTask,true
PATCH,/api/strategic/tasks/:id,modules/director/presentation/strategic.controller.ts,161,updateTask,director,"JwtAuthGuard, RolesGuard",false,,svc,svc.updateTask,true
DELETE,/api/strategic/tasks/:id,modules/director/presentation/strategic.controller.ts,180,deleteTask,director,"JwtAuthGuard, RolesGuard",false,,svc,svc.deleteTask,true
POST,/api/strategic/tasks/:taskId/milestones,modules/director/presentation/strategic.controller.ts,190,createMilestone,director,"JwtAuthGuard, RolesGuard",false,,svc,svc.createMilestone,true
PATCH,/api/strategic/milestones/:id,modules/director/presentation/strategic.controller.ts,200,updateMilestone,director,"JwtAuthGuard, RolesGuard",false,,svc,svc.updateMilestone,false
POST,/api/strategic/seed,modules/director/presentation/strategic.controller.ts,209,seedStrategicData,director,"JwtAuthGuard, RolesGuard",false,...DIRECTOR_ROLES,svc,svc.createCategory,true
GET,/api/strategic/dashboard,modules/director/presentation/strategic.controller.ts,221,getDashboard,director,"JwtAuthGuard, RolesGuard",false,,svc,svc.getDashboard,true
POST,/api/hr/zno,modules/director/presentation/zno.controller.ts,37,createZno,director,"",false,,svc,svc.createZnoWithValidation,true
GET,/api/hr/zno,modules/director/presentation/zno.controller.ts,48,listZno,director,"",false,,svc,svc.listZno,true
PATCH,/api/hr/zno/:id/approve,modules/director/presentation/zno.controller.ts,61,approveZno,director,"RolesGuard",false,...APPROVE_ROLES,svc,svc.approveZnoWithAuth,true
PATCH,/api/hr/zno/:id/reject,modules/director/presentation/zno.controller.ts,76,rejectZno,director,"RolesGuard",false,...APPROVE_ROLES,svc,svc.rejectZnoWithAuth,true
PATCH,/api/hr/zno/:id,modules/director/presentation/zno.controller.ts,91,updateZno,director,"RolesGuard",false,...APPROVE_ROLES,svc,svc.updateZnoWithAuth,true
POST,/api/hr/zvs,modules/director/presentation/zvs.controller.ts,35,createZvs,director,"RolesGuard",false,,svc,svc.createZvsWithValidation,true
GET,/api/hr/zvs,modules/director/presentation/zvs.controller.ts,46,listZvs,director,"RolesGuard",false,,svc,svc.listZvs,true
PATCH,/api/hr/zvs/:id/approve,modules/director/presentation/zvs.controller.ts,58,approve,director,"RolesGuard",false,,svc,svc.approveZvsWithAuth,true
PATCH,/api/hr/zvs/:id/reject,modules/director/presentation/zvs.controller.ts,71,reject,director,"RolesGuard",false,,svc,svc.rejectZvsWithAuth,true
GET,/api/admin/products,modules/ecommerce/ecommerce-catalog.controller.ts,32,getProducts,ecommerce,"JwtAuthGuard",false,'admin','hr',svc,svc.listProducts,true
GET,/api/admin/products/:id,modules/ecommerce/ecommerce-catalog.controller.ts,41,getProduct,ecommerce,"JwtAuthGuard",false,'admin','hr',svc,svc.getProduct,true
POST,/api/admin/products,modules/ecommerce/ecommerce-catalog.controller.ts,50,createProduct,ecommerce,"JwtAuthGuard",false,'admin','hr',svc,svc.createProduct,true
PUT,/api/admin/products/:id,modules/ecommerce/ecommerce-catalog.controller.ts,61,updateProduct,ecommerce,"JwtAuthGuard",false,'admin','hr',svc,svc.updateProduct,true
DELETE,/api/admin/products/:id,modules/ecommerce/ecommerce-catalog.controller.ts,71,deleteProduct,ecommerce,"JwtAuthGuard",false,'admin','hr',svc,svc.listCategories,true
GET,/api/admin/categories,modules/ecommerce/ecommerce-catalog.controller.ts,82,getCategories,ecommerce,"JwtAuthGuard",false,'admin','hr',svc,svc.listCategories,true
GET,/api/admin/categories/:id,modules/ecommerce/ecommerce-catalog.controller.ts,91,getCategory,ecommerce,"JwtAuthGuard",false,'admin','hr',svc,svc.getCategoryById,true
POST,/api/admin/categories,modules/ecommerce/ecommerce-catalog.controller.ts,100,createCategory,ecommerce,"JwtAuthGuard",false,'admin','hr',svc,svc.createCategory,true
PUT,/api/admin/categories/:id,modules/ecommerce/ecommerce-catalog.controller.ts,111,updateCategory,ecommerce,"JwtAuthGuard",false,'admin','hr',svc,svc.updateCategory,true
DELETE,/api/admin/categories/:id,modules/ecommerce/ecommerce-catalog.controller.ts,122,deleteCategory,ecommerce,"JwtAuthGuard",false,'admin','hr',svc,svc.checkCategoryEmpty,true
GET,/api/admin/customers,modules/ecommerce/ecommerce-customers.controller.ts,30,getCustomers,ecommerce,"JwtAuthGuard",false,'admin','hr',svc,svc.listCustomers,true
GET,/api/admin/customers/:id,modules/ecommerce/ecommerce-customers.controller.ts,39,getCustomer,ecommerce,"JwtAuthGuard",false,'admin','hr',svc,svc.getCustomer,true
PUT,/api/admin/customers/:id,modules/ecommerce/ecommerce-customers.controller.ts,49,updateCustomer,ecommerce,"JwtAuthGuard",false,'admin','hr',svc,svc.updateCustomer,true
GET,/api/admin/ecommerce/stats,modules/ecommerce/ecommerce-customers.controller.ts,58,getEcommerceStats,ecommerce,"JwtAuthGuard",false,'admin','hr',svc,svc.getStats,false
GET,/api/admin/customer-orders,modules/ecommerce/ecommerce-orders.controller.ts,33,getCustomerOrders,ecommerce,"JwtAuthGuard",false,'admin','hr',svc,svc.listOrders,true
GET,/api/admin/customer-orders/:id,modules/ecommerce/ecommerce-orders.controller.ts,42,getCustomerOrder,ecommerce,"JwtAuthGuard",false,'admin','hr',svc,svc.getOrder,true
PUT,/api/admin/customer-orders/:id/status,modules/ecommerce/ecommerce-orders.controller.ts,52,updateOrderStatus,ecommerce,"JwtAuthGuard",false,'admin','hr',svc,svc.updateOrderStatus,true
PUT,/api/admin/customer-orders/:id,modules/ecommerce/ecommerce-orders.controller.ts,63,updateOrder,ecommerce,"JwtAuthGuard",false,'admin','hr',svc,svc.updateOrder,true
DELETE,/api/admin/customer-orders/:id,modules/ecommerce/ecommerce-orders.controller.ts,73,deleteOrder,ecommerce,"JwtAuthGuard",false,'admin','hr',real?,,true
GET,/api/public/categories,modules/ecommerce/ecommerce-public.controller.ts,31,getPublicCategories,ecommerce,"",true,,svc,svc.getPublicCategories,false
POST,/api/public/orders,modules/ecommerce/ecommerce-public.controller.ts,40,createPublicOrder,ecommerce,"",true,,svc,svc.createPublicOrderFromBody,true
GET,/api/public/products/:slug,modules/ecommerce/ecommerce-public.controller.ts,50,getPublicProduct,ecommerce,"",true,,svc,svc.getPublicProductBySlug,false
POST,/api/public/contact,modules/ecommerce/ecommerce-public.controller.ts,63,submitPublicContact,ecommerce,"",true,,svc,svc.emitWebsiteContact,false
GET,/api/website/banners,modules/ecommerce/website/website-media.controller.ts,36,getWebsiteBanners,ecommerce,"",true,,svc,svc.listBanners,false
POST,/api/website/banners,modules/ecommerce/website/website-media.controller.ts,44,createWebsiteBanner,ecommerce,"",false,,svc,svc.createBanner,false
PUT,/api/website/banners/:id,modules/ecommerce/website/website-media.controller.ts,54,updateWebsiteBanner,ecommerce,"",false,,svc,svc.updateBanner,false
DELETE,/api/website/banners/:id,modules/ecommerce/website/website-media.controller.ts,63,deleteWebsiteBanner,ecommerce,"",false,'admin','hr',svc,svc.listPortfolio,false
GET,/api/website/portfolio,modules/ecommerce/website/website-media.controller.ts,75,getPortfolioItems,ecommerce,"",true,,svc,svc.listPortfolio,false
POST,/api/website/portfolio,modules/ecommerce/website/website-media.controller.ts,83,createPortfolioItem,ecommerce,"",false,,svc,svc.createPortfolioItem,false
PUT,/api/website/portfolio/:id,modules/ecommerce/website/website-media.controller.ts,93,updatePortfolioItem,ecommerce,"",false,,svc,svc.updatePortfolioItem,false
DELETE,/api/website/portfolio/:id,modules/ecommerce/website/website-media.controller.ts,102,deletePortfolioItem,ecommerce,"",false,'admin','hr',svc,svc.listNews,false
GET,/api/website/news,modules/ecommerce/website/website-media.controller.ts,114,getNews,ecommerce,"",true,,svc,svc.listNews,true
GET,/api/website/settings,modules/ecommerce/website/website.controller.ts,35,getWebsiteSettings,ecommerce,"",true,,svc,svc.getSettings,false
PUT,/api/website/settings/:key,modules/ecommerce/website/website.controller.ts,44,updateWebsiteSetting,ecommerce,"",false,,svc,svc.upsertSetting,false
GET,/api/website/pages,modules/ecommerce/website/website.controller.ts,53,getWebsitePages,ecommerce,"",true,,svc,svc.listPages,false
POST,/api/website/pages,modules/ecommerce/website/website.controller.ts,61,createWebsitePage,ecommerce,"",false,,svc,svc.createPage,false
PUT,/api/website/pages/:id,modules/ecommerce/website/website.controller.ts,71,updateWebsitePage,ecommerce,"",false,,svc,svc.updatePage,false
DELETE,/api/website/pages/:id,modules/ecommerce/website/website.controller.ts,80,deleteWebsitePage,ecommerce,"",false,'admin','hr',real?,,false
GET,/api/erp/camera-reports/employees,modules/erp/erp-camera.controller.ts,40,cameraEmployeeReports,erp,"RolesGuard",false,,svc,svc.cameraEmployeeReports,false
GET,/api/erp/camera-reports/employees/:userId,modules/erp/erp-camera.controller.ts,50,cameraEmployeeReport,erp,"RolesGuard",false,,svc,svc.cameraEmployeeReport,false
GET,/api/erp/cameras/live-detections,modules/erp/erp-camera.controller.ts,67,liveDetections,erp,"RolesGuard",false,,svc,svc.liveDetections,true
GET,/api/erp/cameras/grouped-detections,modules/erp/erp-camera.controller.ts,74,groupedDetections,erp,"RolesGuard",false,,svc,svc.groupedDetections,true
GET,/api/erp/team-analytics/departments,modules/erp/erp-camera.controller.ts,81,teamAnalyticsDepartments,erp,"RolesGuard",false,,svc,svc.teamAnalyticsDepartments,true
GET,/api/erp/team-analytics/zone-activity,modules/erp/erp-camera.controller.ts,88,teamAnalyticsZoneActivity,erp,"RolesGuard",false,,svc,svc.teamAnalyticsZoneActivity,true
GET,/api/erp/team-analytics/zone-activity/:departmentId,modules/erp/erp-camera.controller.ts,97,teamAnalyticsZoneActivityByDept,erp,"RolesGuard",false,,svc,svc.teamAnalyticsZoneActivity,true
GET,/api/erp/employee/:id/metrics,modules/erp/erp-camera.controller.ts,108,getEmployeeMetrics,erp,"RolesGuard",false,,svc,svc.getEmployeeMetrics,true
GET,/api/erp/employee/:id/transfer-history,modules/erp/erp-camera.controller.ts,116,getEmployeeTransferHistory,erp,"RolesGuard",false,,svc,svc.getEmployeeTransferHistory,true
GET,/api/erp/orders,modules/erp/erp-orders.controller.ts,51,listOrders,erp,"RolesGuard",false,,svc,svc.listOrders,true
GET,/api/erp/orders/:id,modules/erp/erp-orders.controller.ts,63,getOrder,erp,"RolesGuard",false,,svc,svc.getOrder,true
POST,/api/erp/orders,modules/erp/erp-orders.controller.ts,73,createOrder,erp,"RolesGuard",false,...ERP_WRITE,svc,svc.createOrder,true
PUT,/api/erp/orders/:id,modules/erp/erp-orders.controller.ts,84,updateOrder,erp,"RolesGuard",false,...ERP_WRITE,svc,svc.updateOrder,true
PATCH,/api/erp/orders/:id,modules/erp/erp-orders.controller.ts,95,patchOrder,erp,"RolesGuard",false,...ERP_WRITE,svc,svc.updateOrder,true
DELETE,/api/erp/orders/:id,modules/erp/erp-orders.controller.ts,106,deleteOrder,erp,"RolesGuard",false,...ERP_WRITE,svc,svc.deleteOrder,true
GET,/api/erp/work-centers,modules/erp/erp-orders.controller.ts,114,listWorkCenters,erp,"RolesGuard",false,,svc,svc.listWorkCenters,true
GET,/api/erp/work-centers/:id,modules/erp/erp-orders.controller.ts,125,getWorkCenter,erp,"RolesGuard",false,,svc,svc.getWorkCenter,true
POST,/api/erp/work-centers,modules/erp/erp-orders.controller.ts,135,createWorkCenter,erp,"RolesGuard",false,...ERP_WRITE,svc,svc.createWorkCenter,true
PUT,/api/erp/work-centers/:id,modules/erp/erp-orders.controller.ts,146,updateWorkCenter,erp,"RolesGuard",false,...ERP_WRITE,svc,svc.updateWorkCenter,true
PATCH,/api/erp/work-centers/:id,modules/erp/erp-orders.controller.ts,157,patchWorkCenter,erp,"RolesGuard",false,...ERP_WRITE,svc,svc.updateWorkCenter,true
DELETE,/api/erp/work-centers/:id,modules/erp/erp-orders.controller.ts,168,deleteWorkCenter,erp,"RolesGuard",false,...ERP_WRITE,svc,svc.deleteWorkCenter,true
GET,/api/erp/work-centers/:id/stats,modules/erp/erp-orders.controller.ts,176,workCenterStats,erp,"RolesGuard",false,,svc,svc.getWorkCenterStats,true
GET,/api/erp/mrp-runs,modules/erp/erp-orders.controller.ts,186,listMrpRuns,erp,"RolesGuard",false,,svc,svc.listMrpRuns,true
POST,/api/erp/mrp-runs,modules/erp/erp-orders.controller.ts,197,createMrpRun,erp,"RolesGuard",false,...ERP_WRITE,svc,svc.createMrpRun,true
POST,/api/erp/mrp-runs/:runId/calculate,modules/erp/erp-orders.controller.ts,208,calculateMrpRun,erp,"RolesGuard",false,...ERP_WRITE,svc,svc.calculateMrpRun,true
GET,/api/erp/mrp-results,modules/erp/erp-orders.controller.ts,216,listMrpResults,erp,"RolesGuard",false,,svc,svc.listMrpResults,true
GET,/api/erp/purchase-requisitions,modules/erp/erp-orders.controller.ts,223,listPurchaseRequisitions,erp,"RolesGuard",false,,svc,svc.listPurchaseRequisitions,true
GET,/api/erp/dashboard-stats,modules/erp/erp-orders.controller.ts,233,dashboardStats,erp,"RolesGuard",false,,svc,svc.listDashboardStats,true
GET,/api/erp/products,modules/erp/erp-products.controller.ts,51,listProducts,erp,"RolesGuard",false,,svc,svc.listProducts,true
GET,/api/erp/products/:id,modules/erp/erp-products.controller.ts,62,getProduct,erp,"RolesGuard",false,,svc,svc.getProduct,true
POST,/api/erp/products,modules/erp/erp-products.controller.ts,72,createProduct,erp,"RolesGuard",false,...ERP_WRITE,svc,svc.createProduct,true
PUT,/api/erp/products/:id,modules/erp/erp-products.controller.ts,83,updateProduct,erp,"RolesGuard",false,...ERP_WRITE,svc,svc.updateProduct,true
PATCH,/api/erp/products/:id,modules/erp/erp-products.controller.ts,96,patchProduct,erp,"RolesGuard",false,...ERP_WRITE,svc,svc.updateProduct,true
DELETE,/api/erp/products/:id,modules/erp/erp-products.controller.ts,107,deleteProduct,erp,"RolesGuard",false,...ERP_WRITE,svc,svc.deleteProduct,true
GET,/api/erp/bom-headers,modules/erp/erp-products.controller.ts,115,listBomHeaders,erp,"RolesGuard",false,,svc,svc.listBomHeaders,true
GET,/api/erp/bom-headers/:id,modules/erp/erp-products.controller.ts,126,getBomHeader,erp,"RolesGuard",false,,svc,svc.getBomHeader,true
GET,/api/erp/bom-headers/:bomId/explosion,modules/erp/erp-products.controller.ts,135,bomExplosion,erp,"RolesGuard",false,,svc,svc.bomExplosion,true
GET,/api/erp/bom-items,modules/erp/erp-products.controller.ts,145,listBomItems,erp,"RolesGuard",false,,svc,svc.listBomItems,true
POST,/api/erp/bom-headers,modules/erp/erp-products.controller.ts,153,createBomHeader,erp,"RolesGuard",false,...ERP_WRITE,svc,svc.createBomHeader,true
DELETE,/api/erp/bom-headers/:id,modules/erp/erp-products.controller.ts,164,deleteBomHeader,erp,"RolesGuard",false,...ERP_WRITE,svc,svc.deleteBomHeader,true
POST,/api/erp/bom-items,modules/erp/erp-products.controller.ts,173,createBomItem,erp,"RolesGuard",false,...ERP_WRITE,svc,svc.createBomItem,true
PUT,/api/erp/bom-items/:id,modules/erp/erp-products.controller.ts,184,updateBomItem,erp,"RolesGuard",false,...ERP_WRITE,svc,svc.updateBomItem,true
DELETE,/api/erp/bom-items/:id,modules/erp/erp-products.controller.ts,195,deleteBomItem,erp,"RolesGuard",false,...ERP_WRITE,svc,svc.deleteBomItem,true
GET,/api/erp/routings,modules/erp/erp-products.controller.ts,203,listRoutings,erp,"RolesGuard",false,,svc,svc.listRoutings,true
GET,/api/erp/routings/:id,modules/erp/erp-products.controller.ts,214,getRouting,erp,"RolesGuard",false,,svc,svc.getRouting,true
GET,/api/erp/routing-operations,modules/erp/erp-products.controller.ts,223,listRoutingOps,erp,"RolesGuard",false,,svc,svc.listRoutingOperations,true
POST,/api/erp/routings,modules/erp/erp-products.controller.ts,231,createRouting,erp,"RolesGuard",false,...ERP_WRITE,svc,svc.createRouting,true
DELETE,/api/erp/routings/:id,modules/erp/erp-products.controller.ts,242,deleteRouting,erp,"RolesGuard",false,...ERP_WRITE,svc,svc.deleteRouting,true
POST,/api/erp/routing-operations,modules/erp/erp-products.controller.ts,251,createRoutingOp,erp,"RolesGuard",false,...ERP_WRITE,svc,svc.createRoutingOperation,true
PUT,/api/erp/routing-operations/:id,modules/erp/erp-products.controller.ts,262,updateRoutingOp,erp,"RolesGuard",false,...ERP_WRITE,svc,svc.updateRoutingOperation,true
DELETE,/api/erp/routing-operations/:id,modules/erp/erp-products.controller.ts,273,deleteRoutingOp,erp,"RolesGuard",false,...ERP_WRITE,svc,svc.deleteRoutingOperation,true
GET,/api/erp/daily-reports,modules/erp/erp-reports.controller.ts,37,listDailyReports,erp,"RolesGuard",false,,svc,svc.listDailyReports,true
POST,/api/erp/daily-reports,modules/erp/erp-reports.controller.ts,45,createDailyReport,erp,"RolesGuard",false,...ERP_WRITE,svc,svc.createDailyReport,true
GET,/api/erp/daily-reports/:id,modules/erp/erp-reports.controller.ts,55,getDailyReport,erp,"RolesGuard",false,,svc,svc.getDailyReport,true
PATCH,/api/erp/daily-reports/:id,modules/erp/erp-reports.controller.ts,68,updateDailyReport,erp,"RolesGuard",false,...ERP_WRITE,svc,svc.updateDailyReport,true
DELETE,/api/erp/daily-reports/:id,modules/erp/erp-reports.controller.ts,79,deleteDailyReport,erp,"RolesGuard",false,...ERP_WRITE,svc,svc.deleteDailyReport,true
GET,/api/erp/production-facts,modules/erp/erp-reports.controller.ts,87,listProductionFacts,erp,"RolesGuard",false,,svc,svc.listProductionFacts,true
POST,/api/erp/production-facts,modules/erp/erp-reports.controller.ts,95,createProductionFact,erp,"RolesGuard",false,...ERP_WRITE,svc,svc.createProductionFact,true
GET,/api/erp/production-plans,modules/erp/erp-reports.controller.ts,104,listProductionPlans,erp,"RolesGuard",false,,svc,svc.listProductionPlans,true
POST,/api/erp/production-plans,modules/erp/erp-reports.controller.ts,112,createProductionPlan,erp,"RolesGuard",false,...ERP_WRITE,svc,svc.createProductionPlan,true
PUT,/api/erp/production-plans/:id,modules/erp/erp-reports.controller.ts,123,updateProductionPlan,erp,"RolesGuard",false,...ERP_WRITE,svc,svc.updateProductionPlan,true
PATCH,/api/erp/production-plans/:id,modules/erp/erp-reports.controller.ts,134,patchProductionPlan,erp,"RolesGuard",false,...ERP_WRITE,svc,svc.updateProductionPlan,true
GET,/api/erp/downtime-logs,modules/erp/erp-reports.controller.ts,143,listDowntimeLogs,erp,"RolesGuard",false,,svc,svc.listDowntimeLogs,true
POST,/api/erp/downtime-logs,modules/erp/erp-reports.controller.ts,151,createDowntimeLog,erp,"RolesGuard",false,...ERP_WRITE,svc,svc.createDowntimeLog,true
GET,/api/erp/downtime-logs/:id,modules/erp/erp-reports.controller.ts,161,getDowntimeLog,erp,"RolesGuard",false,,svc,svc.getDowntimeLog,true
PUT,/api/erp/downtime-logs/:id,modules/erp/erp-reports.controller.ts,174,updateDowntimeLog,erp,"RolesGuard",false,...ERP_WRITE,svc,svc.updateDowntimeLog,true
PATCH,/api/erp/downtime-logs/:id,modules/erp/erp-reports.controller.ts,185,patchDowntimeLog,erp,"RolesGuard",false,...ERP_WRITE,svc,svc.updateDowntimeLog,true
DELETE,/api/erp/downtime-logs/:id,modules/erp/erp-reports.controller.ts,196,deleteDowntimeLog,erp,"RolesGuard",false,...ERP_WRITE,svc,svc.deleteDowntimeLog,true
GET,/api/erp/capacity,modules/erp/erp-reports.controller.ts,204,getCapacity,erp,"RolesGuard",false,,svc,svc.getCapacity,true
GET,/api/erp/capacity/load-analysis,modules/erp/erp-reports.controller.ts,211,capacityLoadAnalysis,erp,"RolesGuard",false,,svc,svc.capacityLoadAnalysis,true
GET,/api/erp/shift-calendars,modules/erp/erp-reports.controller.ts,218,listShiftCalendars,erp,"RolesGuard",false,,svc,svc.listShiftCalendars,true
POST,/api/erp/shift-calendars,modules/erp/erp-reports.controller.ts,226,createShiftCalendar,erp,"RolesGuard",false,...ERP_WRITE,svc,svc.createShiftCalendar,true
GET,/api/erp/employee-work-centers,modules/erp/erp-reports.controller.ts,235,listEmployeeWorkCenters,erp,"RolesGuard",false,,svc,svc.listEmployeeWorkCenters,true
POST,/api/erp/employee-work-centers,modules/erp/erp-reports.controller.ts,243,createEmployeeWorkCenter,erp,"RolesGuard",false,...ERP_WRITE,svc,svc.createEmployeeWorkCenter,true
GET,/api/erp/employee-work-centers/:id,modules/erp/erp-reports.controller.ts,253,getEmployeeWorkCenter,erp,"RolesGuard",false,,svc,svc.getEmployeeWorkCenter,true
PATCH,/api/erp/employee-work-centers/:id,modules/erp/erp-reports.controller.ts,266,updateEmployeeWorkCenter,erp,"RolesGuard",false,...ERP_WRITE,svc,svc.updateEmployeeWorkCenter,true
DELETE,/api/erp/employee-work-centers/:id,modules/erp/erp-reports.controller.ts,277,deleteEmployeeWorkCenter,erp,"RolesGuard",false,...ERP_WRITE,svc,svc.deleteEmployeeWorkCenter,true
GET,/api/erp/work-center-capacity,modules/erp/erp-reports.controller.ts,285,workCenterCapacity,erp,"RolesGuard",false,,svc,svc.workCenterCapacity,true
POST,/api/erp/work-center-capacity,modules/erp/erp-reports.controller.ts,293,createWorkCenterCapacity,erp,"RolesGuard",false,...ERP_WRITE,svc,svc.workCenterCapacity,true
GET,/api/export/employees/csv,modules/export/export.controller.ts,29,exportEmployeesCsv,export,"RolesGuard",false,Role.SUPER_ADMIN,Role.DIRECTOR,Role.HR_MANAGER,svc,exportSvc.getEmployeesCsv,true
GET,/api/export/attendance/csv,modules/export/export.controller.ts,39,exportAttendanceCsv,export,"RolesGuard",false,Role.SUPER_ADMIN,Role.DIRECTOR,Role.HR_MANAGER,svc,exportSvc.getAttendanceCsv,true
GET,/api/export/discipline/csv,modules/export/export.controller.ts,49,exportDisciplineCsv,export,"RolesGuard",false,Role.SUPER_ADMIN,Role.DIRECTOR,Role.HR_MANAGER,svc,exportSvc.getDisciplineCsv,true
GET,/api/export/hr-stats/pdf,modules/export/export.controller.ts,59,exportHrStatsPdf,export,"RolesGuard",false,Role.SUPER_ADMIN,Role.DIRECTOR,Role.HR_MANAGER,svc,exportSvc.getHrStatsPdf,true
GET,/api/export/hr-stats/excel,modules/export/export.controller.ts,69,exportHrStatsExcel,export,"RolesGuard",false,Role.SUPER_ADMIN,Role.DIRECTOR,Role.HR_MANAGER,svc,exportSvc.getHrStatsExcel,true
GET,/api/financial-reports/kassa,modules/finance/financial-reports/presentation/financial-reports.controller.ts,42,getKassa,finance,"JwtAuthGuard, RolesGuard",false,,svc,query.getCashSummary,false
GET,/api/financial-reports/ombor,modules/finance/financial-reports/presentation/financial-reports.controller.ts,49,getOmbor,finance,"JwtAuthGuard, RolesGuard",false,,svc,query.getWarehouseBalance,false
GET,/api/financial-reports/debitorlar,modules/finance/financial-reports/presentation/financial-reports.controller.ts,56,getDebitorlar,finance,"JwtAuthGuard, RolesGuard",false,,svc,query.getReceivables,false
GET,/api/financial-reports/kreditorlar,modules/finance/financial-reports/presentation/financial-reports.controller.ts,63,getKreditorlar,finance,"JwtAuthGuard, RolesGuard",false,,svc,query.getPayables,false
GET,/api/financial-reports/balans,modules/finance/financial-reports/presentation/financial-reports.controller.ts,70,getBalans,finance,"JwtAuthGuard, RolesGuard",false,,svc,query.getBalanceSheet,false
GET,/api/financial-reports/ishlab-chiqarish,modules/finance/financial-reports/presentation/financial-reports.controller.ts,77,getIshlabChiqarish,finance,"JwtAuthGuard, RolesGuard",false,,svc,query.getProductionMetrics,false
GET,/api/financial-reports/analytics,modules/finance/financial-reports/presentation/financial-reports.controller.ts,86,getAnalytics,finance,"JwtAuthGuard, RolesGuard",false,,svc,query.getCashSummary,false
GET,/api/financial-reports/dashboard,modules/finance/financial-reports/presentation/financial-reports.controller.ts,127,getDashboard,finance,"JwtAuthGuard, RolesGuard",false,,svc,query.getDashboard,false
GET,/api/financial-reports/alerts/overstock,modules/finance/financial-reports/presentation/financial-reports.controller.ts,136,getOverstockAlerts,finance,"JwtAuthGuard, RolesGuard",false,,svc,query.getOverstockAlerts,false
GET,/api/financial-reports/alerts/overdue-debts,modules/finance/financial-reports/presentation/financial-reports.controller.ts,143,getOverdueDebtAlerts,finance,"JwtAuthGuard, RolesGuard",false,,svc,query.getOverdueDebtAlerts,false
POST,/api/financial-reports/alerts/send-report,modules/finance/financial-reports/presentation/financial-reports.controller.ts,151,sendReportNow,finance,"JwtAuthGuard, RolesGuard",false,,svc,logger.log,false
GET,/api/budgets,modules/finance/presentation/budgets-standalone.controller.ts,36,getAll,finance,"RolesGuard",false,,svc,svc.findAll,true
POST,/api/budgets,modules/finance/presentation/budgets-standalone.controller.ts,44,create,finance,"RolesGuard",false,,svc,svc.create,true
GET,/api/budgets/:id/lines,modules/finance/presentation/budgets-standalone.controller.ts,53,getBudgetLines,finance,"RolesGuard",false,,svc,svc.findBudgetLines,true
POST,/api/budgets/:id/lines,modules/finance/presentation/budgets-standalone.controller.ts,62,createBudgetLine,finance,"RolesGuard",false,,svc,svc.createBudgetLine,true
GET,/api/cashflow/transactions,modules/finance/presentation/cashflow.controller.ts,27,getTransactions,finance,"RolesGuard",false,,svc,svc.findTransactions,true
POST,/api/cashflow/transactions,modules/finance/presentation/cashflow.controller.ts,35,createTransaction,finance,"RolesGuard",false,,svc,svc.createTransaction,true
GET,/api/cashflow/daily-summary,modules/finance/presentation/cashflow.controller.ts,43,getDailySummary,finance,"RolesGuard",false,,svc,svc.findDailySummary,true
GET,/api/cashflow/forecast,modules/finance/presentation/cashflow.controller.ts,50,getForecast,finance,"RolesGuard",false,,svc,svc.findForecast,true
GET,/api/fi/accounting-periods,modules/finance/presentation/fi.controller.ts,58,getAccountingPeriods,finance,"RolesGuard",false,,svc,svc.findAccountingPeriods,false
POST,/api/fi/accounting-periods,modules/finance/presentation/fi.controller.ts,66,createAccountingPeriod,finance,"RolesGuard",false,,svc,svc.createAccountingPeriod,false
POST,/api/fi/accounting-periods/:id/close,modules/finance/presentation/fi.controller.ts,76,closeAccountingPeriod,finance,"RolesGuard",false,,svc,svc.closeAccountingPeriod,false
POST,/api/fi/gl-documents/:id/post,modules/finance/presentation/fi.controller.ts,85,postGlDocument,finance,"RolesGuard",false,,svc,svc.postGlDocument,true
GET,/api/fi/payments,modules/finance/presentation/fi.controller.ts,92,getPayments,finance,"RolesGuard",false,,svc,svc.findPayments,true
POST,/api/fi/payments,modules/finance/presentation/fi.controller.ts,100,createPayment,finance,"RolesGuard",false,,svc,svc.createPayment,true
GET,/api/fi/cost-centers,modules/finance/presentation/fi.controller.ts,109,getCostCenters,finance,"RolesGuard",false,,svc,svc.getCostCenters,true
POST,/api/fi/cost-centers,modules/finance/presentation/fi.controller.ts,118,createCostCenter,finance,"RolesGuard",false,,svc,svc.createCostCenter,true
PATCH,/api/fi/cost-centers/:id,modules/finance/presentation/fi.controller.ts,129,updateCostCenter,finance,"RolesGuard",false,,svc,svc.updateCostCenter,true
DELETE,/api/fi/cost-centers/:id,modules/finance/presentation/fi.controller.ts,143,deleteCostCenter,finance,"RolesGuard",false,,svc,svc.deleteCostCenter,true
GET,/api/fi/stats,modules/finance/presentation/fi.controller.ts,151,getStats,finance,"RolesGuard",false,,svc,svc.getStats,true
GET,/api/fi/recent-transactions,modules/finance/presentation/fi.controller.ts,159,getRecentTransactions,finance,"RolesGuard",false,,svc,svc.getRecentTransactions,false
GET,/api/fi/gl-documents,modules/finance/presentation/fi.controller.ts,167,getGlDocuments,finance,"RolesGuard",false,,svc,svc.findGlDocuments,true
POST,/api/fi/gl-documents,modules/finance/presentation/fi.controller.ts,176,createGlDocument,finance,"RolesGuard",false,,svc,svc.createGlDoc,true
GET,/api/fi/profit-centers,modules/finance/presentation/fi.controller.ts,186,getProfitCenters,finance,"RolesGuard",false,,svc,svc.findProfitCenters,true
POST,/api/fi/profit-centers,modules/finance/presentation/fi.controller.ts,195,createProfitCenter,finance,"RolesGuard",false,,svc,svc.createProfitCenter,true
PATCH,/api/fi/profit-centers/:id,modules/finance/presentation/fi.controller.ts,206,updateProfitCenter,finance,"RolesGuard",false,,svc,svc.updateProfitCenter,true
DELETE,/api/fi/profit-centers/:id,modules/finance/presentation/fi.controller.ts,220,deleteProfitCenter,finance,"RolesGuard",false,,svc,svc.deleteProfitCenter,true
GET,/api/accounting/dashboard,modules/finance/presentation/finance-accounting.controller.ts,48,getDashboard,finance,"JwtAuthGuard, RolesGuard",false,,svc,svc.getDashboard,false
GET,/api/accounting/accounts,modules/finance/presentation/finance-accounting.controller.ts,62,getAccounts,finance,"JwtAuthGuard, RolesGuard",false,,svc,svc.getAccounts,false
GET,/api/accounting/gl-documents,modules/finance/presentation/finance-accounting.controller.ts,75,getGlDocuments,finance,"JwtAuthGuard, RolesGuard",false,,svc,svc.getGlDocuments,true
POST,/api/accounting/gl-documents,modules/finance/presentation/finance-accounting.controller.ts,90,createGlDocument,finance,"JwtAuthGuard, RolesGuard",false,,svc,svc.createGlDocument,true
GET,/api/accounting/periods,modules/finance/presentation/finance-accounting.controller.ts,100,getPeriods,finance,"JwtAuthGuard, RolesGuard",false,,svc,svc.getPeriods,true
POST,/api/accounting/periods/:id/close,modules/finance/presentation/finance-accounting.controller.ts,109,closePeriod,finance,"JwtAuthGuard, RolesGuard",false,,svc,svc.getPeriod,true
GET,/api/accounting/materials,modules/finance/presentation/finance-accounting.controller.ts,122,getMaterials,finance,"JwtAuthGuard, RolesGuard",false,,svc,svc.getMaterials,true
GET,/api/accounting/materials/by-order,modules/finance/presentation/finance-accounting.controller.ts,136,getMaterialsByOrder,finance,"JwtAuthGuard, RolesGuard",false,,svc,svc.getMaterialsByOrder,true
GET,/api/accounting/inventory-valuation,modules/finance/presentation/finance-accounting.controller.ts,144,getInventoryValuation,finance,"JwtAuthGuard, RolesGuard",false,,svc,svc.getInventoryValuation,true
GET,/api/finance/advances,modules/finance/presentation/finance-advance.controller.ts,45,listAdvances,finance,"RolesGuard",false,Role.FINANCE_OFFICER,Role.DIRECTOR,Role.SUPER_ADMIN,svc,advanceSvc.listAdvances,false
POST,/api/finance/advances/request,modules/finance/presentation/finance-advance.controller.ts,59,requestAdvance,finance,"RolesGuard",false,Role.FINANCE_OFFICER,Role.SUPER_ADMIN,svc,logger.log,false
POST,/api/finance/advances/override,modules/finance/presentation/finance-advance.controller.ts,72,overrideAdvance,finance,"RolesGuard",false,Role.DIRECTOR,Role.SUPER_ADMIN,svc,logger.log,false
GET,/api/finance/advances/pending,modules/finance/presentation/finance-advance.controller.ts,84,getPendingAdvances,finance,"RolesGuard",false,Role.DIRECTOR,Role.SUPER_ADMIN,svc,advanceSvc.getPendingAdvances,false
GET,/api/ap/aging,modules/finance/presentation/finance-ap.controller.ts,37,getAgingBuckets,finance,"RolesGuard",false,,svc,svc.getAgingBuckets,true
GET,/api/ap/overdue,modules/finance/presentation/finance-ap.controller.ts,58,getOverdue,finance,"RolesGuard",false,,svc,svc.getOverdue,true
POST,/api/ap/aging/recalculate,modules/finance/presentation/finance-ap.controller.ts,66,recalculateAging,finance,"RolesGuard",false,,svc,svc.recalculateAging,true
POST,/api/ap/entries,modules/finance/presentation/finance-ap.controller.ts,75,createApEntry,finance,"RolesGuard",false,,svc,svc.createEntry,false
GET,/api/ar/aging,modules/finance/presentation/finance-ar.controller.ts,37,getAgingBuckets,finance,"RolesGuard",false,,svc,svc.getAgingBuckets,true
GET,/api/ar/overdue,modules/finance/presentation/finance-ar.controller.ts,58,getOverdue,finance,"RolesGuard",false,,svc,svc.getOverdue,true
POST,/api/ar/aging/recalculate,modules/finance/presentation/finance-ar.controller.ts,66,recalculateAging,finance,"RolesGuard",false,,svc,svc.recalculateAging,true
POST,/api/ar/entries,modules/finance/presentation/finance-ar.controller.ts,75,createArEntry,finance,"RolesGuard",false,,svc,svc.createEntry,false
GET,/api/finance/break-even,modules/finance/presentation/finance-break-even.controller.ts,40,analyze,finance,"JwtAuthGuard, PermissionGuard",false,,svc,i18n.t,true
POST,/api/finance/break-even/cost-structure,modules/finance/presentation/finance-break-even.controller.ts,56,upsertCostStructure,finance,"JwtAuthGuard, PermissionGuard",false,,svc,svc.upsertCostStructure,true
GET,/api/finance/budgets,modules/finance/presentation/finance-budgets.controller.ts,54,getBudgets,finance,"RolesGuard",false,'FINANCE_MANAGER','SUPER_ADMIN','DIRECTOR',svc,queryBus.execute,true
GET,/api/finance/budgets/stats,modules/finance/presentation/finance-budgets.controller.ts,64,getBudgetStats,finance,"RolesGuard",false,'FINANCE_MANAGER','SUPER_ADMIN','DIRECTOR',svc,logger.debug,true
GET,/api/finance/budgets/:id,modules/finance/presentation/finance-budgets.controller.ts,76,getBudgetById,finance,"RolesGuard",false,'FINANCE_MANAGER','SUPER_ADMIN','DIRECTOR',svc,logger.debug,true
GET,/api/finance/budgets/:id/variance,modules/finance/presentation/finance-budgets.controller.ts,88,getBudgetVariance,finance,"RolesGuard",false,'FINANCE_MANAGER','SUPER_ADMIN','DIRECTOR',svc,logger.debug,true
POST,/api/finance/budgets,modules/finance/presentation/finance-budgets.controller.ts,99,createBudget,finance,"RolesGuard",false,'FINANCE_MANAGER','SUPER_ADMIN','DIRECTOR',svc,logger.debug,true
PATCH,/api/finance/budgets/:id/submit,modules/finance/presentation/finance-budgets.controller.ts,128,submitBudgetForApproval,finance,"RolesGuard",false,'FINANCE_MANAGER','SUPER_ADMIN','DIRECTOR',svc,logger.log,true
PATCH,/api/finance/budgets/:id/approve,modules/finance/presentation/finance-budgets.controller.ts,147,approveBudget,finance,"RolesGuard",false,'SUPER_ADMIN','DIRECTOR',svc,logger.log,true
GET,/api/finance/cashflow/forecast,modules/finance/presentation/finance-cashflow-forecast.controller.ts,27,forecast,finance,"JwtAuthGuard, PermissionGuard",false,,svc,svc.forecastWeeks,true
POST,/api/finance/cfo-config,modules/finance/presentation/finance-cfo-config.controller.ts,39,create,finance,"JwtAuthGuard, PermissionGuard",false,,svc,cfoConfig.update,true
GET,/api/finance/cfo-config,modules/finance/presentation/finance-cfo-config.controller.ts,52,findAll,finance,"JwtAuthGuard, PermissionGuard",false,,svc,cfoConfig.findAll,true
PUT,/api/finance/cfo-config/:key,modules/finance/presentation/finance-cfo-config.controller.ts,62,update,finance,"JwtAuthGuard, PermissionGuard",false,,svc,cfoConfig.update,true
GET,/api/finance-extended/income-expense/summary,modules/finance/presentation/finance-extended-income.controller.ts,32,getIncomeExpenseSummary,finance,"RolesGuard",false,,svc,svc.findIncomeExpenseSummary,true
GET,/api/finance-extended/income-expense,modules/finance/presentation/finance-extended-income.controller.ts,39,getIncomeExpense,finance,"RolesGuard",false,,svc,svc.findIncomeExpense,true
POST,/api/finance-extended/income-expense,modules/finance/presentation/finance-extended-income.controller.ts,47,createIncomeExpense,finance,"RolesGuard",false,,svc,svc.createIncomeExpense,true
PUT,/api/finance-extended/income-expense/:id,modules/finance/presentation/finance-extended-income.controller.ts,57,updateIncomeExpense,finance,"RolesGuard",false,,svc,svc.updateIncomeExpense,true
DELETE,/api/finance-extended/income-expense/:id,modules/finance/presentation/finance-extended-income.controller.ts,67,deleteIncomeExpense,finance,"RolesGuard",false,,svc,svc.deleteIncomeExpense,true
GET,/api/finance-extended/inventory-counts,modules/finance/presentation/finance-extended-income.controller.ts,74,getInventoryCounts,finance,"RolesGuard",false,,svc,svc.findInventoryCounts,true
POST,/api/finance-extended/inventory-counts,modules/finance/presentation/finance-extended-income.controller.ts,82,createInventoryCount,finance,"RolesGuard",false,,svc,svc.createInventoryCount,true
GET,/api/finance-extended/asset-inventory,modules/finance/presentation/finance-extended-income.controller.ts,91,getAssetInventory,finance,"RolesGuard",false,,svc,svc.findAssetInventory,true
POST,/api/finance-extended/asset-inventory,modules/finance/presentation/finance-extended-income.controller.ts,99,createAsset,finance,"RolesGuard",false,,svc,svc.createAsset,true
GET,/api/finance-extended/asset-inventory/summary,modules/finance/presentation/finance-extended-income.controller.ts,108,getAssetInventorySummary,finance,"RolesGuard",false,,svc,svc.findAssetInventoryById,true
GET,/api/finance-extended/asset-inventory/:id,modules/finance/presentation/finance-extended-income.controller.ts,116,getAssetById,finance,"RolesGuard",false,,svc,svc.findAssetInventoryById,true
GET,/api/finance-extended/daily-metrics,modules/finance/presentation/finance-extended-income.controller.ts,123,getDailyMetrics,finance,"RolesGuard",false,,svc,svc.findDailyMetrics,true
GET,/api/finance-extended/daily-metrics/today,modules/finance/presentation/finance-extended-income.controller.ts,130,getDailyMetricsToday,finance,"RolesGuard",false,,svc,svc.findDailyMetrics,true
GET,/api/finance-extended/overtime,modules/finance/presentation/finance-extended-income.controller.ts,137,getOvertime,finance,"RolesGuard",false,,svc,svc.findOvertime,false
GET,/api/finance-extended/customs,modules/finance/presentation/finance-extended-income.controller.ts,144,getCustoms,finance,"RolesGuard",false,,svc,svc.findCustoms,false
GET,/api/finance-extended/insurance,modules/finance/presentation/finance-extended-income.controller.ts,151,getInsurance,finance,"RolesGuard",false,,svc,svc.findInsurance,false
GET,/api/finance-extended/ai-finance-insights,modules/finance/presentation/finance-extended-income.controller.ts,158,getAiFinanceInsights,finance,"RolesGuard",false,,real?,,false
POST,/api/finance-extended/payroll/calculate,modules/finance/presentation/finance-extended-payroll.controller.ts,36,calculatePayroll,finance,"RolesGuard",false,,svc,svc.calculate,true
POST,/api/finance-extended/payroll/ai-calculate,modules/finance/presentation/finance-extended-payroll.controller.ts,45,aiCalculatePayroll,finance,"RolesGuard",false,,svc,svc.aiCalculate,true
POST,/api/finance-extended/payroll/run,modules/finance/presentation/finance-extended-payroll.controller.ts,54,runPayroll,finance,"RolesGuard",false,,svc,svc.runPayroll,true
GET,/api/finance-extended/payroll-calculations,modules/finance/presentation/finance-extended-payroll.controller.ts,63,getPayrollCalculations,finance,"RolesGuard",false,,svc,svc.listCalculations,true
PATCH,/api/finance-extended/payroll-calculations/:id/approve,modules/finance/presentation/finance-extended-payroll.controller.ts,70,approvePayrollCalculation,finance,"RolesGuard",false,,svc,svc.approveCalculation,true
POST,/api/finance-extended/payroll-calculations/:id/approve,modules/finance/presentation/finance-extended-payroll.controller.ts,79,postApprovePayrollCalculation,finance,"RolesGuard",false,,svc,svc.approveCalculation,true
GET,/api/finance-extended/payroll-contracts,modules/finance/presentation/finance-extended-payroll.controller.ts,88,getPayrollContracts,finance,"RolesGuard",false,,svc,svc.listContracts,true
GET,/api/finance-extended/tax-calendar,modules/finance/presentation/finance-extended-payroll.controller.ts,96,getTaxCalendar,finance,"RolesGuard",false,,real?,,true
GET,/api/finance-extended/salary-benchmark/:id,modules/finance/presentation/finance-extended-payroll.controller.ts,111,getSalaryBenchmark,finance,"RolesGuard",false,,real?,,false
GET,/api/finance-extended/finance-categories,modules/finance/presentation/finance-extended.controller.ts,38,getCategories,finance,"RolesGuard",false,,svc,svc.findCategories,true
GET,/api/finance-extended/finance-categories/:id,modules/finance/presentation/finance-extended.controller.ts,46,getCategoryById,finance,"RolesGuard",false,,svc,svc.findCategoryById,true
POST,/api/finance-extended/finance-categories,modules/finance/presentation/finance-extended.controller.ts,54,createCategory,finance,"RolesGuard",false,,svc,svc.createCategory,true
PUT,/api/finance-extended/finance-categories/:id,modules/finance/presentation/finance-extended.controller.ts,64,updateCategory,finance,"RolesGuard",false,,svc,svc.updateCategory,true
PATCH,/api/finance-extended/finance-categories/:id,modules/finance/presentation/finance-extended.controller.ts,74,patchCategory,finance,"RolesGuard",false,,svc,svc.updateCategory,true
DELETE,/api/finance-extended/finance-categories/:id,modules/finance/presentation/finance-extended.controller.ts,84,deleteCategory,finance,"RolesGuard",false,,svc,svc.deleteCategory,true
GET,/api/finance/gl,modules/finance/presentation/finance-gl.controller.ts,45,listGlEntries,finance,"RolesGuard",false,Role.ACCOUNTANT,Role.DIRECTOR,Role.SUPER_ADMIN,svc,queryBus.execute,false
POST,/api/finance/gl/post-sales-invoice,modules/finance/presentation/finance-gl.controller.ts,59,postSalesInvoice,finance,"RolesGuard",false,Role.ACCOUNTANT,Role.SUPER_ADMIN,svc,logger.log,false
POST,/api/finance/gl/post-payroll,modules/finance/presentation/finance-gl.controller.ts,74,postPayroll,finance,"RolesGuard",false,Role.ACCOUNTANT,Role.SUPER_ADMIN,svc,logger.log,false
GET,/api/finance/gl/trial-balance,modules/finance/presentation/finance-gl.controller.ts,88,getTrialBalance,finance,"RolesGuard",false,Role.ACCOUNTANT,Role.DIRECTOR,Role.SUPER_ADMIN,svc,glService.getTrialBalance,false
GET,/api/finance/gl/ledger/:accountCode,modules/finance/presentation/finance-gl.controller.ts,98,getLedger,finance,"RolesGuard",false,Role.ACCOUNTANT,Role.DIRECTOR,Role.SUPER_ADMIN,svc,glService.getLedger,false
GET,/api/finance/invoices,modules/finance/presentation/finance-invoices.controller.ts,55,listInvoices,finance,"RolesGuard",false,Role.FINANCE_OFFICER,Role.DIRECTOR,Role.SUPER_ADMIN,svc,queryBus.execute,false
POST,/api/finance/invoices,modules/finance/presentation/finance-invoices.controller.ts,69,createInvoiceRoot,finance,"RolesGuard",false,Role.FINANCE_OFFICER,Role.SUPER_ADMIN,svc,logger.log,false
POST,/api/finance/invoices/create,modules/finance/presentation/finance-invoices.controller.ts,97,createInvoice,finance,"RolesGuard",false,Role.FINANCE_OFFICER,Role.SUPER_ADMIN,svc,logger.log,false
POST,/api/finance/invoices/:invoiceId/post,modules/finance/presentation/finance-invoices.controller.ts,124,postInvoice,finance,"RolesGuard",false,Role.FINANCE_OFFICER,Role.SUPER_ADMIN,svc,invoiceRepo.postInvoiceWithGl,false
GET,/api/finance/invoices/:invoiceId,modules/finance/presentation/finance-invoices.controller.ts,149,getInvoice,finance,"RolesGuard",false,Role.FINANCE_OFFICER,Role.DIRECTOR,Role.SUPER_ADMIN,svc,invoiceRepo.findInvoiceById,false
POST,/api/finance/gl-entries,modules/finance/presentation/finance-main-actions.controller.ts,70,createGlEntry,finance,"JwtAuthGuard, RolesGuard",false,,svc,glSvc.postDocument,false
GET,/api/finance/gl-entries/:id/reverse,modules/finance/presentation/finance-main-actions.controller.ts,80,getGlEntryReverse,finance,"JwtAuthGuard, RolesGuard",false,,real?,,false
POST,/api/finance/gl-entries/:id/reverse,modules/finance/presentation/finance-main-actions.controller.ts,106,postGlEntryReverse,finance,"JwtAuthGuard, RolesGuard",false,,svc,glSvc.postDocument,false
GET,/api/finance/salary-benchmark/:userId,modules/finance/presentation/finance-main-actions.controller.ts,123,getSalaryBenchmark,finance,"JwtAuthGuard, RolesGuard",false,,svc,actionsSvc.getSalaryBenchmark,true
POST,/api/finance/profitability/recalculate,modules/finance/presentation/finance-main-actions.controller.ts,150,recalculateProfitability,finance,"JwtAuthGuard, RolesGuard",false,,real?,,true
POST,/api/finance/ap/entries,modules/finance/presentation/finance-main-actions.controller.ts,194,createApEntry,finance,"JwtAuthGuard, RolesGuard",false,,svc,actionsSvc.createApEntry,true
POST,/api/finance/ar/entries,modules/finance/presentation/finance-main-actions.controller.ts,206,createArEntry,finance,"JwtAuthGuard, RolesGuard",false,,svc,actionsSvc.createArEntry,true
GET,/api/finance/dashboard,modules/finance/presentation/finance-main.controller.ts,52,getDashboard,finance,"JwtAuthGuard, RolesGuard",false,,svc,accountingSvc.getDashboard,true
GET,/api/finance/gl-entries,modules/finance/presentation/finance-main.controller.ts,59,getGlEntries,finance,"JwtAuthGuard, RolesGuard",false,,svc,glSvc.findAllDocuments,false
GET,/api/finance/gl-accounts,modules/finance/presentation/finance-main.controller.ts,66,getGlAccounts,finance,"JwtAuthGuard, RolesGuard",false,,svc,glSvc.findAllAccounts,false
GET,/api/finance/exchange-rates,modules/finance/presentation/finance-main.controller.ts,73,getExchangeRates,finance,"JwtAuthGuard, RolesGuard",false,,real?,,false
GET,/api/finance/transactions,modules/finance/presentation/finance-main.controller.ts,106,getTransactions,finance,"JwtAuthGuard, RolesGuard",false,,stub/dead,cashflowSvc.findTransactions,false
GET,/api/finance/budget,modules/finance/presentation/finance-main.controller.ts,113,getBudget,finance,"JwtAuthGuard, RolesGuard",false,,stub/dead,budgetsSvc.findAll,false
GET,/api/finance/cash-flow,modules/finance/presentation/finance-main.controller.ts,120,getCashFlow,finance,"JwtAuthGuard, RolesGuard",false,,stub/dead,cashflowSvc.findTransactions,false
GET,/api/finance/reports,modules/finance/presentation/finance-main.controller.ts,128,getReports,finance,"JwtAuthGuard, RolesGuard",false,,stub/dead,glSvc.findAllAccounts,false
GET,/api/finance/accounts,modules/finance/presentation/finance-main.controller.ts,135,getAccounts,finance,"JwtAuthGuard, RolesGuard",false,,svc,glSvc.findAllAccounts,true
GET,/api/finance/expenses,modules/finance/presentation/finance-main.controller.ts,142,getExpenses,finance,"JwtAuthGuard, RolesGuard",false,,svc,accountingSvc.getExpenseReports,false
GET,/api/finance/expense-reports,modules/finance/presentation/finance-main.controller.ts,153,getExpenseReports,finance,"JwtAuthGuard, RolesGuard",false,,stub/dead,accountingSvc.getExpenseReports,false
GET,/api/finance/expense-reports/:id,modules/finance/presentation/finance-main.controller.ts,165,getExpenseReport,finance,"JwtAuthGuard, RolesGuard",false,,stub/dead,accountingSvc.getExpenseReportById,false
GET,/api/finance/loans,modules/finance/presentation/finance-main.controller.ts,174,getLoans,finance,"JwtAuthGuard, RolesGuard",false,,stub/dead,accountingSvc.getDashboard,true
GET,/api/finance/accounting,modules/finance/presentation/finance-main.controller.ts,181,getAccountingOverview,finance,"JwtAuthGuard, RolesGuard",false,,svc,accountingSvc.getDashboard,false
GET,/api/finance/payments,modules/finance/presentation/finance-payments.controller.ts,62,listPayments,finance,"JwtAuthGuard, RolesGuard",false,Role.FINANCE_OFFICER,Role.DIRECTOR,Role.SUPER_ADMIN,stub/dead,queryBus.execute,false
POST,/api/finance/payments,modules/finance/presentation/finance-payments.controller.ts,72,createPaymentRoot,finance,"JwtAuthGuard, RolesGuard",false,Role.FINANCE_OFFICER,Role.SUPER_ADMIN,stub/dead,actionsSvc.approvePayment,false
PATCH,/api/finance/payments/:id/approve,modules/finance/presentation/finance-payments.controller.ts,88,patchApprovePayment,finance,"JwtAuthGuard, RolesGuard",false,Role.DIRECTOR,Role.SUPER_ADMIN,svc,actionsSvc.approvePayment,false
POST,/api/finance/payments/record,modules/finance/presentation/finance-payments.controller.ts,102,recordPayment,finance,"JwtAuthGuard, RolesGuard",false,Role.FINANCE_OFFICER,Role.SUPER_ADMIN,svc,logger.log,false
POST,/api/finance/payments/:paymentId/verify,modules/finance/presentation/finance-payments.controller.ts,122,verifyPayment,finance,"JwtAuthGuard, RolesGuard",false,Role.DIRECTOR,Role.SUPER_ADMIN,svc,actionsSvc.verifyPayment,false
GET,/api/finance/payments/:invoiceId/outstanding,modules/finance/presentation/finance-payments.controller.ts,134,getOutstandingPayment,finance,"JwtAuthGuard, RolesGuard",false,Role.FINANCE_OFFICER,Role.DIRECTOR,Role.SUPER_ADMIN,svc,actionsSvc.approvePayment,false
POST,/api/finance/payments/:id/approve,modules/finance/presentation/finance-payments.controller.ts,154,approvePayment,finance,"JwtAuthGuard, RolesGuard",false,Role.DIRECTOR,Role.SUPER_ADMIN,svc,actionsSvc.approvePayment,false
GET,/api/payroll/by-department,modules/finance/presentation/finance-payroll.controller.ts,29,byDepartment,finance,"RolesGuard",false,,svc,svc.byDepartment,false
GET,/api/payroll/by-brigade,modules/finance/presentation/finance-payroll.controller.ts,36,byBrigade,finance,"RolesGuard",false,,svc,svc.byBrigade,false
GET,/api/payroll/tax-summary,modules/finance/presentation/finance-payroll.controller.ts,43,taxSummary,finance,"RolesGuard",false,,svc,svc.taxSummary,false
GET,/api/finance/ratios,modules/finance/presentation/finance-ratios.controller.ts,27,getRatios,finance,"JwtAuthGuard, PermissionGuard",false,,svc,svc.computeForPeriod,true
GET,/api/finance/standard-cost/:productId,modules/finance/presentation/finance-standard-cost.controller.ts,37,getForProductById,finance,"JwtAuthGuard, PermissionGuard",false,,svc,i18n.t,false
GET,/api/finance/standard-cost/name/:productName,modules/finance/presentation/finance-standard-cost.controller.ts,54,getForProduct,finance,"JwtAuthGuard, PermissionGuard",false,,svc,svc.getForProduct,false
GET,/api/finance/standard-cost/name/:productName/periods,modules/finance/presentation/finance-standard-cost.controller.ts,67,listPeriods,finance,"JwtAuthGuard, PermissionGuard",false,,svc,svc.listPeriods,false
POST,/api/finance/standard-cost/name/:productName/calculate,modules/finance/presentation/finance-standard-cost.controller.ts,76,calculate,finance,"JwtAuthGuard, PermissionGuard",false,,svc,svc.calculateAndSave,false
GET,/api/finance/variance/:orderId,modules/finance/presentation/finance-variance.controller.ts,32,analyzeOrder,finance,"JwtAuthGuard, PermissionGuard",false,,svc,i18n.t,true
GET,/api/gl/accounts,modules/finance/presentation/gl-standalone.controller.ts,38,getAccounts,finance,"JwtAuthGuard, RolesGuard",false,,svc,glSvc.findAllAccounts,true
POST,/api/gl/seed-accounts,modules/finance/presentation/gl-standalone.controller.ts,46,seedAccounts,finance,"JwtAuthGuard, RolesGuard",false,,svc,glSvc.seedAccounts,true
POST,/api/gl/accounts,modules/finance/presentation/gl-standalone.controller.ts,56,createAccount,finance,"JwtAuthGuard, RolesGuard",false,,svc,glSvc.createAccount,true
GET,/api/order-costing/top-profitable,modules/finance/presentation/order-costing.controller.ts,27,getTopProfitable,finance,"RolesGuard",false,,svc,svc.findTopProfitable,true
GET,/api/order-costing/top-loss,modules/finance/presentation/order-costing.controller.ts,34,getTopLoss,finance,"RolesGuard",false,,svc,svc.findTopLoss,true
GET,/api/order-costing,modules/finance/presentation/order-costing.controller.ts,41,getAll,finance,"RolesGuard",false,,svc,svc.findAll,true
POST,/api/order-costing,modules/finance/presentation/order-costing.controller.ts,49,create,finance,"RolesGuard",false,,svc,svc.create,true
POST,/api/order-costing/:id/calculate,modules/finance/presentation/order-costing.controller.ts,59,calculate,finance,"RolesGuard",false,,svc,svc.calculate,true
GET,/api/payroll/periods,modules/finance/presentation/payroll-periods.controller.ts,29,getPeriods,finance,"RolesGuard",false,,svc,svc.findAll,true
POST,/api/payroll/periods,modules/finance/presentation/payroll-periods.controller.ts,37,createPeriod,finance,"RolesGuard",false,,svc,svc.create,true
POST,/api/payroll/periods/:id/calculate,modules/finance/presentation/payroll-periods.controller.ts,47,calculatePeriod,finance,"RolesGuard",false,,svc,svc.calculatePeriod,true
POST,/api/payroll/periods/:id/close,modules/finance/presentation/payroll-periods.controller.ts,56,closePeriod,finance,"RolesGuard",false,,svc,svc.close,true
POST,/api/payroll/calculate-tax,modules/finance/presentation/payroll-periods.controller.ts,64,calculateTax,finance,"RolesGuard",false,,real?,,true
POST,/api/pricing/calculate,modules/finance/presentation/pricing.controller.ts,45,calculatePrice,finance,"JwtAuthGuard, PermissionGuard",false,,svc,svc.calculatePrice,true
GET,/api/pricing/tiers/:productName,modules/finance/presentation/pricing.controller.ts,55,listTiers,finance,"JwtAuthGuard, PermissionGuard",false,,svc,svc.listTiers,true
POST,/api/pricing/tiers,modules/finance/presentation/pricing.controller.ts,64,upsertTier,finance,"JwtAuthGuard, PermissionGuard",false,,svc,svc.upsertTier,true
GET,/api/finance/reports-hub,modules/finance/presentation/reports-hub.controller.ts,33,getHub,finance,"RolesGuard",false,,svc,svc.getSummary,false
GET,/api/reports/trial-balance,modules/finance/presentation/reports.controller.ts,34,getTrialBalance,finance,"RolesGuard",false,,svc,svc.findTrialBalance,true
GET,/api/reports/profit-loss,modules/finance/presentation/reports.controller.ts,41,getProfitLoss,finance,"RolesGuard",false,,svc,svc.findProfitLoss,true
GET,/api/reports/weekly-summary/current-week,modules/finance/presentation/reports.controller.ts,48,getWeeklySummaryCurrentWeek,finance,"RolesGuard",false,,svc,svc.findWeeklySummary,true
GET,/api/reports/weekly-summary,modules/finance/presentation/reports.controller.ts,55,getWeeklySummary,finance,"RolesGuard",false,,svc,svc.findWeeklySummary,true
GET,/api/reports/monthly-summary,modules/finance/presentation/reports.controller.ts,62,getMonthlySummary,finance,"RolesGuard",false,,svc,svc.findMonthlySummary,true
GET,/api/reports/kpi-dashboard,modules/finance/presentation/reports.controller.ts,69,getKpiDashboard,finance,"RolesGuard",false,,svc,svc.findKpiDashboard,true
GET,/api/reports/production-efficiency,modules/finance/presentation/reports.controller.ts,76,getProductionEfficiency,finance,"RolesGuard",false,,real?,,true
POST,/api/reports/profitability/export,modules/finance/presentation/reports.controller.ts,109,exportProfitability,finance,"RolesGuard",false,,svc,logger.log,true
GET,/api/sales-orders,modules/finance/presentation/sales-orders-standalone.controller.ts,26,getAll,finance,"RolesGuard",false,,svc,svc.findAll,true
GET,/api/face-embeddings,modules/general/controllers/general-legacy-a.controller.ts,56,getFaceEmbeddings,general,"",false,,svc,svc.getFaceEmbeddings,true
DELETE,/api/face-embeddings/:id,modules/general/controllers/general-legacy-a.controller.ts,61,deleteFaceEmbedding,general,"JwtAuthGuard, RolesGuard",false,'admin','super_admin','hr_manager',svc,svc.deleteFaceEmbedding,true
GET,/api/attendance,modules/general/controllers/general-legacy-a.controller.ts,69,getAttendance,general,"",false,,svc,svc.getAttendance,true
GET,/api/attendance/user,modules/general/controllers/general-legacy-a.controller.ts,74,getMyAttendance,general,"",false,,svc,svc.getMyAttendance,true
GET,/api/attendance/zone-logs,modules/general/controllers/general-legacy-a.controller.ts,79,getZoneLogs,general,"",false,,svc,svc.getZoneLogs,true
GET,/api/attendance/stats,modules/general/controllers/general-legacy-a.controller.ts,84,getAttendanceStats,general,"",false,,svc,svc.getAttendanceStats,true
GET,/api/papka-orders,modules/general/controllers/general-legacy-a.controller.ts,89,getPapkaOrders,general,"",false,,svc,svc.getPapkaOrders,true
POST,/api/papka-orders,modules/general/controllers/general-legacy-a.controller.ts,97,createPapkaOrder,general,"",false,,svc,svc.createPapkaOrder,true
DELETE,/api/papka-orders/:id,modules/general/controllers/general-legacy-a.controller.ts,125,deletePapkaOrder,general,"",false,,svc,svc.updatePapkaOrder,true
PATCH,/api/papka-orders/:id,modules/general/controllers/general-legacy-a.controller.ts,133,updatePapkaOrder,general,"",false,,svc,svc.updatePapkaOrder,true
GET,/api/machine-tasks,modules/general/controllers/general-legacy-a.controller.ts,159,getMachineTasks,general,"",false,,svc,svc.getMachineTasks,true
POST,/api/machine-tasks,modules/general/controllers/general-legacy-a.controller.ts,164,createMachineTask,general,"",false,,svc,svc.createMachineTask,true
GET,/api/planning/operations,modules/general/controllers/general-legacy-a.controller.ts,180,getPlanningOperations,general,"",false,,svc,svc.getPlanningOperations,true
POST,/api/planning/operations,modules/general/controllers/general-legacy-a.controller.ts,185,createPlanningOperation,general,"",false,,svc,svc.createPlanningOperation,true
POST,/api/upload,modules/general/controllers/general-legacy-a.controller.ts,201,uploadFile,general,"",false,,svc,logger.log,true
POST,/api/client-errors,modules/general/controllers/general-legacy-a.controller.ts,225,logClientError,general,"",true,,real?,,true
GET,/api/warehouse/orders-by-date,modules/general/controllers/general-legacy-b.controller.ts,55,getOrdersByDate,general,"JwtAuthGuard, RolesGuard",false,,svc,svc.getOrdersByDate,true
GET,/api/warehouse/stock,modules/general/controllers/general-legacy-b.controller.ts,62,getWarehouseStock,general,"JwtAuthGuard, RolesGuard",false,,svc,svc.getWarehouseStock,true
GET,/api/warehouse/transfers,modules/general/controllers/general-legacy-b.controller.ts,67,getWarehouseTransfers,general,"JwtAuthGuard, RolesGuard",false,,svc,svc.getWarehouseTransfers,true
GET,/api/warehouse/lots,modules/general/controllers/general-legacy-b.controller.ts,72,getWarehouseLots,general,"JwtAuthGuard, RolesGuard",false,,svc,svc.getWarehouseLots,true
GET,/api/warehouse/internal-requests,modules/general/controllers/general-legacy-b.controller.ts,77,getWarehouseInternalRequests,general,"JwtAuthGuard, RolesGuard",false,,svc,svc.getWarehouseInternalRequests,true
GET,/api/warehouse/dashboard/warehouse-occupancy,modules/general/controllers/general-legacy-b.controller.ts,84,getWarehouseOccupancy,general,"JwtAuthGuard, RolesGuard",false,,svc,svc.getWarehouseOccupancy,true
GET,/api/finance/salary-benchmark,modules/general/controllers/general-legacy-b.controller.ts,90,getSalaryBenchmark,general,"JwtAuthGuard, RolesGuard",false,,svc,svc.getSalaryBenchmark,true
GET,/api/progress/user,modules/general/controllers/general-legacy-b.controller.ts,96,getProgressUser,general,"JwtAuthGuard, RolesGuard",false,,svc,lmsRepo.findAllCourses,true
GET,/api/certificates/user,modules/general/controllers/general-legacy-b.controller.ts,113,getCertificatesUser,general,"JwtAuthGuard, RolesGuard",false,,svc,svc.getCertificatesUser,true
GET,/api/safety-violations/user,modules/general/controllers/general-legacy-b.controller.ts,118,getSafetyViolationsUser,general,"JwtAuthGuard, RolesGuard",false,,svc,svc.getSafetyViolationsUser,true
GET,/api/abc-analysis/user,modules/general/controllers/general-legacy-b.controller.ts,123,getAbcAnalysisUser,general,"JwtAuthGuard, RolesGuard",false,,svc,logger.error,true
GET,/api/discipline/user,modules/general/controllers/general-legacy-b.controller.ts,136,getDisciplineUser,general,"JwtAuthGuard, RolesGuard",false,,svc,svc.getDisciplineUser,true
GET,/api/iot/dashboard/stats,modules/general/controllers/general-legacy-b.controller.ts,142,getIotDashboardStats,general,"JwtAuthGuard, RolesGuard",false,,svc,iotSvc.getIotDashboardStats,true
GET,/api/iot/production-sessions,modules/general/controllers/general-legacy-b.controller.ts,149,getIotProductionSessions,general,"JwtAuthGuard, RolesGuard",false,,svc,iotSvc.getIotProductionSessions,true
GET,/api/iot/downtime-events,modules/general/controllers/general-legacy-b.controller.ts,154,getIotDowntimeEvents,general,"JwtAuthGuard, RolesGuard",false,,svc,iotSvc.getIotDowntimeEvents,true
GET,/api/iot/tablet/defect-reasons,modules/general/controllers/general-legacy-b.controller.ts,159,getIotTabletDefectReasons,general,"JwtAuthGuard, RolesGuard",false,,svc,iotSvc.getIotTabletDefectReasons,true
GET,/api/production/orders/report,modules/general/controllers/general-legacy-b.controller.ts,165,getProductionOrdersReport,general,"JwtAuthGuard, RolesGuard",false,,svc,iotSvc.getProductionOrdersReport,true
GET,/api/production/orders/report/excel,modules/general/controllers/general-legacy-b.controller.ts,173,getProductionOrdersReportExcel,general,"JwtAuthGuard, RolesGuard",false,,svc,iotSvc.getPpProductionOrders,true
GET,/api/pp/production-orders,modules/general/controllers/general-legacy-b.controller.ts,184,getPpProductionOrders,general,"JwtAuthGuard, RolesGuard",false,,svc,iotSvc.getPpProductionOrders,true
GET,/api/products,modules/general/controllers/general-legacy-b.controller.ts,190,getProducts,general,"JwtAuthGuard, RolesGuard",false,,svc,iotSvc.getProducts,true
GET,/api/technology-cards,modules/general/controllers/general-legacy-b.controller.ts,196,getTechnologyCards,general,"JwtAuthGuard, RolesGuard",false,,svc,iotSvc.getTechnologyCards,true
POST,/api/attendance,modules/general/controllers/general-legacy-b.controller.ts,201,createAttendance,general,"JwtAuthGuard, RolesGuard",false,,svc,svc.createAttendance,true
GET,/api/hr-v2/ai-interview/sessions,modules/hr/ai-interview-v2/ai-interview-v2.controller.ts,71,list,hr,"JwtAuthGuard, RolesGuard",false,,svc,svc.listSessions,true
GET,/api/hr-v2/ai-interview/stats,modules/hr/ai-interview-v2/ai-interview-v2.controller.ts,78,stats,hr,"JwtAuthGuard, RolesGuard",false,,svc,svc.getPipelineStats,true
POST,/api/hr-v2/ai-interview/sessions,modules/hr/ai-interview-v2/ai-interview-v2.controller.ts,86,create,hr,"JwtAuthGuard, RolesGuard",false,,svc,svc.createSession,true
GET,/api/hr-v2/ai-interview/sessions/:id,modules/hr/ai-interview-v2/ai-interview-v2.controller.ts,101,getById,hr,"JwtAuthGuard, RolesGuard",false,,svc,svc.getSession,true
GET,/api/hr-v2/ai-interview/session/:token/validate,modules/hr/ai-interview-v2/ai-interview-v2.controller.ts,110,validate,hr,"JwtAuthGuard, RolesGuard",true,,svc,svc.validateToken,true
POST,/api/hr-v2/ai-interview/session/:token/camera-rejected,modules/hr/ai-interview-v2/ai-interview-v2.controller.ts,120,reportCameraRejection,hr,"JwtAuthGuard, RolesGuard",false,,svc,svc.reportCameraRejection,true
POST,/api/hr-v2/ai-interview/session/:token/submit,modules/hr/ai-interview-v2/ai-interview-v2.controller.ts,129,publicSubmit,hr,"JwtAuthGuard, RolesGuard",true,,svc,svc.submitPublicAnswers,true
PATCH,/api/hr-v2/ai-interview/sessions/:id/results,modules/hr/ai-interview-v2/ai-interview-v2.controller.ts,141,saveResults,hr,"JwtAuthGuard, RolesGuard",false,,svc,svc.completeSession,true
GET,/api/hr-v2/ai-interview/questions,modules/hr/ai-interview-v2/ai-interview-v2.controller.ts,159,listQuestions,hr,"JwtAuthGuard, RolesGuard",false,,svc,svc.listQuestions,true
GET,/api/hr-v2/ai-interview/questions/for-job,modules/hr/ai-interview-v2/ai-interview-v2.controller.ts,166,getQuestionsForJob,hr,"JwtAuthGuard, RolesGuard",false,,svc,svc.getQuestionsForJob,true
POST,/api/hr-v2/ai-interview/questions,modules/hr/ai-interview-v2/ai-interview-v2.controller.ts,177,createQuestion,hr,"JwtAuthGuard, RolesGuard",false,,svc,svc.createQuestion,true
DELETE,/api/hr-v2/ai-interview/questions/:id,modules/hr/ai-interview-v2/ai-interview-v2.controller.ts,197,deleteQuestion,hr,"JwtAuthGuard, RolesGuard",false,,svc,svc.deleteQuestion,true
GET,/api/application-responses,modules/hr/applications/application-responses.controller.ts,54,list,hr,"RolesGuard",false,,svc,svc.listResponses,true
GET,/api/application-responses/:id,modules/hr/applications/application-responses.controller.ts,72,getById,hr,"RolesGuard",false,,svc,svc.getResponseById,true
POST,/api/application-responses,modules/hr/applications/application-responses.controller.ts,83,create,hr,"RolesGuard",false,,svc,svc.createResponse,true
PATCH,/api/application-responses/:id,modules/hr/applications/application-responses.controller.ts,93,update,hr,"RolesGuard",false,,svc,svc.updateResponse,true
GET,/api/applications,modules/hr/applications/applications.controller.ts,39,list,hr,"RolesGuard",false,,svc,svc.list,true
GET,/api/applications/:id,modules/hr/applications/applications.controller.ts,56,getById,hr,"RolesGuard",false,,svc,svc.getById,true
POST,/api/applications,modules/hr/applications/applications.controller.ts,68,create,hr,"RolesGuard",false,,svc,svc.create,true
PUT,/api/applications/:id,modules/hr/applications/applications.controller.ts,78,update,hr,"RolesGuard",false,,svc,svc.update,true
DELETE,/api/applications/:id,modules/hr/applications/applications.controller.ts,92,delete,hr,"RolesGuard",false,'super_admin','director',svc,svc.delete,true
POST,/api/hr/attendance/face/register,modules/hr/attendance/attendance-face.controller.ts,70,registerFace,hr,"",false,,svc,faceRec.registerEmbeddingFromImages,true
POST,/api/hr/attendance/territory,modules/hr/attendance/attendance-face.controller.ts,106,cameraEvent,hr,"",false,,svc,territory.handleCameraEvent,true
GET,/api/hr/attendance/live,modules/hr/attendance/attendance-face.controller.ts,124,getLiveStatus,hr,"",false,,svc,territory.getLiveStatus,true
GET,/api/hr/attendance/territory/logs,modules/hr/attendance/attendance-face.controller.ts,135,getTerritoryLogs,hr,"",false,,svc,territory.getLogsForDate,true
GET,/api/hr/attendance/face/health,modules/hr/attendance/attendance-face.controller.ts,151,faceAiHealth,hr,"",false,,svc,faceRec.healthCheck,true
GET,/api/hr/attendance/late-arrivals/today,modules/hr/attendance/attendance-face.controller.ts,162,lateArrivalsToday,hr,"",false,,svc,lateArrival.getLateArrivalsToday,true
GET,/api/hr-v2/career-path,modules/hr/career-path/career-path.controller.ts,56,getAll,hr,"JwtAuthGuard",false,,svc,svc.getAll,true
POST,/api/hr-v2/career-path,modules/hr/career-path/career-path.controller.ts,64,create,hr,"JwtAuthGuard",false,,svc,svc.createPath,true
GET,/api/hr-v2/career-path/department/:id/ladder,modules/hr/career-path/career-path.controller.ts,80,getDepartmentLadder,hr,"JwtAuthGuard",false,,svc,svc.getDepartmentLadder,true
GET,/api/hr-v2/career-path/employee/:id,modules/hr/career-path/career-path.controller.ts,88,getByEmployee,hr,"JwtAuthGuard",false,,svc,svc.getByEmployee,true
POST,/api/hr-v2/career-path/:id/steps,modules/hr/career-path/career-path.controller.ts,97,addStep,hr,"JwtAuthGuard",false,,svc,svc.addStep,true
PATCH,/api/hr-v2/career-path/:id/steps/:stepId,modules/hr/career-path/career-path.controller.ts,113,updateProgress,hr,"JwtAuthGuard",false,,svc,svc.updateProgress,true
POST,/api/hr-v2/daily-reports,modules/hr/daily-report/daily-report.controller.ts,48,submit,hr,"JwtAuthGuard, RolesGuard",false,,svc,svc.submitReport,true
PATCH,/api/hr-v2/daily-reports/:id/override,modules/hr/daily-report/daily-report.controller.ts,64,override,hr,"JwtAuthGuard, RolesGuard",false,,svc,svc.hrOverride,true
GET,/api/hr-v2/daily-reports/stats,modules/hr/daily-report/daily-report.controller.ts,75,stats,hr,"JwtAuthGuard, RolesGuard",false,,svc,svc.getStats,true
GET,/api/hr-v2/daily-reports/by-date,modules/hr/daily-report/daily-report.controller.ts,94,byDate,hr,"JwtAuthGuard, RolesGuard",false,,svc,svc.getByDate,true
GET,/api/hr-v2/daily-reports/employee,modules/hr/daily-report/daily-report.controller.ts,121,byEmployeeQuery,hr,"JwtAuthGuard, RolesGuard",false,,svc,svc.getByEmployee,true
GET,/api/hr-v2/daily-reports/employee/:id,modules/hr/daily-report/daily-report.controller.ts,133,byEmployeeParam,hr,"JwtAuthGuard, RolesGuard",false,,svc,svc.getByEmployee,true
GET,/api/hr-v2/daily-reports/department/:id,modules/hr/daily-report/daily-report.controller.ts,143,byDepartment,hr,"JwtAuthGuard, RolesGuard",false,,svc,svc.getByDepartment,true
GET,/api/hr-v2/enps,modules/hr/enps/enps.controller.ts,46,findAll,hr,"",false,,svc,repo.findAll,true
GET,/api/hr-v2/enps/:id,modules/hr/enps/enps.controller.ts,52,findOne,hr,"",false,,svc,repo.findOne,true
POST,/api/hr-v2/enps,modules/hr/enps/enps.controller.ts,60,create,hr,"",false,,svc,repo.create,true
PATCH,/api/hr-v2/enps/:id/close,modules/hr/enps/enps.controller.ts,73,close,hr,"",false,,svc,repo.updateStatus,true
PATCH,/api/hr-v2/enps/:id/launch,modules/hr/enps/enps.controller.ts,79,launch,hr,"",false,,svc,repo.updateStatus,true
POST,/api/hr-v2/enps/respond,modules/hr/enps/enps.controller.ts,85,respond,hr,"",false,,svc,repo.respond,true
GET,/api/360/dashboard,modules/hr/feedback-360/feedback-360.controller.ts,33,getDashboard,hr,"JwtAuthGuard, RolesGuard",false,,svc,svc.getDashboard,false
GET,/api/360/feedback,modules/hr/feedback-360/feedback-360.controller.ts,40,getAssessments,hr,"JwtAuthGuard, RolesGuard",false,,svc,svc.getAssessments,false
GET,/api/360/assessments,modules/hr/feedback-360/feedback-360.controller.ts,55,getAssessmentList,hr,"JwtAuthGuard, RolesGuard",false,,svc,svc.getAssessments,false
GET,/api/360/responses,modules/hr/feedback-360/feedback-360.controller.ts,70,getResponses,hr,"JwtAuthGuard, RolesGuard",false,,svc,svc.getResponses,false
GET,/api/assets,modules/hr/hr-assets/hr-assets.controller.ts,42,getAll,hr,"JwtAuthGuard, RolesGuard",false,...HR_ROLES,svc,svc.getAll,true
GET,/api/assets/employee,modules/hr/hr-assets/hr-assets.controller.ts,54,getMyAssets,hr,"JwtAuthGuard, RolesGuard",false,...HR_ROLES,Role.EMPLOYEE,svc,svc.getByEmployee,true
GET,/api/assets/employee/:employeeId,modules/hr/hr-assets/hr-assets.controller.ts,61,getEmployeeAssets,hr,"JwtAuthGuard, RolesGuard",false,...HR_ROLES,svc,svc.getByEmployee,true
POST,/api/assets,modules/hr/hr-assets/hr-assets.controller.ts,68,create,hr,"JwtAuthGuard, RolesGuard",false,...HR_ROLES,svc,svc.create,true
GET,/api/assets/:id,modules/hr/hr-assets/hr-assets.controller.ts,77,getById,hr,"JwtAuthGuard, RolesGuard",false,...HR_ROLES,svc,svc.getById,true
PUT,/api/assets/:id,modules/hr/hr-assets/hr-assets.controller.ts,84,update,hr,"JwtAuthGuard, RolesGuard",false,...HR_ROLES,svc,svc.update,true
DELETE,/api/assets/:id,modules/hr/hr-assets/hr-assets.controller.ts,93,remove,hr,"JwtAuthGuard, RolesGuard",false,Role.SUPER_ADMIN,Role.DIRECTOR,Role.HR_MANAGER,svc,svc.remove,true
POST,/api/assets/:id/assign,modules/hr/hr-assets/hr-assets.controller.ts,102,assign,hr,"JwtAuthGuard, RolesGuard",false,...HR_ROLES,svc,svc.assign,true
PATCH,/api/assets/:id/return,modules/hr/hr-assets/hr-assets.controller.ts,111,returnAsset,hr,"JwtAuthGuard, RolesGuard",false,...HR_ROLES,svc,svc.returnAsset,true
PATCH,/api/assets/:id/report,modules/hr/hr-assets/hr-assets.controller.ts,120,reportIssue,hr,"JwtAuthGuard, RolesGuard",false,...HR_ROLES,svc,svc.reportIssue,true
POST,/api/hr/inspection/rooms/:roomCode/reference-photo,modules/hr/inspection/inspection.controller.ts,49,uploadReferencePhoto,hr,"",false,...REFERENCE_PHOTO_ROLES,svc,svc.uploadReferencePhoto,true
GET,/api/hr/inspection/rooms,modules/hr/inspection/inspection.controller.ts,68,getRooms,hr,"",false,...READ_ROLES,svc,svc.getRooms,true
GET,/api/hr/inspection/rooms/:roomCode/history,modules/hr/inspection/inspection.controller.ts,78,getRoomHistory,hr,"",false,...READ_ROLES,svc,svc.getRoomHistory,true
POST,/api/hr/inspection/manual,modules/hr/inspection/inspection.controller.ts,98,createManualInspection,hr,"",false,...MANUAL_INSPECTION_ROLES,svc,svc.createManualInspection,false
POST,/api/hr/inspection/checklist,modules/hr/inspection/inspection.controller.ts,114,submitChecklist,hr,"",false,...CHECKLIST_ROLES,svc,svc.submitChecklist,true
GET,/api/hr/inspection/checklist-pdf/:id,modules/hr/inspection/inspection.controller.ts,130,getChecklistPdf,hr,"",false,...READ_ROLES,svc,repo.findAnalysisById,false
GET,/api/hr/inspection/alerts,modules/hr/inspection/inspection.controller.ts,147,getAlerts,hr,"",false,...READ_ROLES,svc,svc.getAlerts,true
POST,/api/hr/leave/accrual/run,modules/hr/leave/hr-leave-accrual.controller.ts,31,run,hr,"JwtAuthGuard, RolesGuard",false,,svc,job.runForMonth,false
GET,/api/hr/offboarding/cases,modules/hr/offboarding/hr-offboarding.controller.ts,34,listCases,hr,"JwtAuthGuard, RolesGuard",false,,svc,svc.listCases,true
GET,/api/hr/offboarding/stats,modules/hr/offboarding/hr-offboarding.controller.ts,43,getStats,hr,"JwtAuthGuard, RolesGuard",false,,svc,svc.getStats,false
GET,/api/hr/offboarding/cases/:id,modules/hr/offboarding/hr-offboarding.controller.ts,52,getCase,hr,"JwtAuthGuard, RolesGuard",false,,svc,svc.getCaseDetail,true
POST,/api/hr/offboarding/cases,modules/hr/offboarding/hr-offboarding.controller.ts,60,createCase,hr,"JwtAuthGuard, RolesGuard",false,,svc,svc.createCase,true
PATCH,/api/hr/offboarding/cases/:id/checklist/:itemId,modules/hr/offboarding/hr-offboarding.controller.ts,75,updateChecklistItem,hr,"JwtAuthGuard, RolesGuard",false,,svc,svc.updateChecklistItem,true
POST,/api/hr/offboarding/cases/:id/exit-interview,modules/hr/offboarding/hr-offboarding.controller.ts,87,recordExitInterview,hr,"JwtAuthGuard, RolesGuard",false,,svc,svc.recordExitInterview,true
POST,/api/hr/offboarding/cases/:id/finalize,modules/hr/offboarding/hr-offboarding.controller.ts,103,finalizeCase,hr,"JwtAuthGuard, RolesGuard",false,,svc,svc.finalizeCase,true
POST,/api/hr/offboarding/cases/:id/cancel,modules/hr/offboarding/hr-offboarding.controller.ts,113,cancelCase,hr,"JwtAuthGuard, RolesGuard",false,,svc,svc.cancelCase,true
POST,/api/hr/onboarding/plans,modules/hr/onboarding/onboarding.controller.ts,56,createPlan,hr,"RolesGuard",false,'admin','hr_manager','hr',svc,onboardingService.createPlan,false
POST,/api/hr/onboarding/plans/default-hr-manager,modules/hr/onboarding/onboarding.controller.ts,64,createDefaultHrManagerPlan,hr,"RolesGuard",false,'admin','hr_manager',svc,onboardingService.createDefaultHrManagerPlan,false
GET,/api/hr/onboarding/plans,modules/hr/onboarding/onboarding.controller.ts,72,listPlans,hr,"",false,,svc,onboardingService.listPlans,false
GET,/api/hr/onboarding/plans/:id,modules/hr/onboarding/onboarding.controller.ts,86,getPlan,hr,"",false,,svc,onboardingService.getPlanById,false
POST,/api/hr/onboarding/start,modules/hr/onboarding/onboarding.controller.ts,94,startOnboarding,hr,"RolesGuard",false,'admin','hr_manager','hr',svc,onboardingService.startOnboarding,false
PATCH,/api/hr/onboarding/:id/progress,modules/hr/onboarding/onboarding.controller.ts,102,updateProgress,hr,"RolesGuard",false,'admin','hr_manager','hr',svc,onboardingService.updateProgress,false
PATCH,/api/hr/onboarding/:id/complete-probation,modules/hr/onboarding/onboarding.controller.ts,114,completeProbation,hr,"RolesGuard",false,'admin','hr_manager',svc,onboardingService.completeProbation,false
GET,/api/hr/onboarding/employee/:employeeId,modules/hr/onboarding/onboarding.controller.ts,125,getEmployeeOnboarding,hr,"",false,,svc,onboardingService.getEmployeeOnboarding,false
POST,/api/hr/onboarding/job-descriptions,modules/hr/onboarding/onboarding.controller.ts,133,createJobDescription,hr,"RolesGuard",false,'admin','hr_manager',svc,onboardingService.createJobDescription,false
GET,/api/hr/onboarding/job-descriptions,modules/hr/onboarding/onboarding.controller.ts,141,listJobDescriptions,hr,"",false,,svc,onboardingService.listJobDescriptions,false
PATCH,/api/hr/onboarding/job-descriptions/:id/approve,modules/hr/onboarding/onboarding.controller.ts,148,approveJobDescription,hr,"RolesGuard",false,'admin','hr_manager','director',svc,onboardingService.approveJobDescription,false
POST,/api/hr/onboarding/motivation/:employeeId,modules/hr/onboarding/onboarding.controller.ts,161,createMotivationPlan,hr,"",false,'admin','hr_manager','hr',svc,onboardingService.createMotivationPlan,false
GET,/api/hr/onboarding/motivation/:employeeId,modules/hr/onboarding/onboarding.controller.ts,173,getMotivationPlan,hr,"",false,,svc,onboardingService.getEmployeeMotivationPlan,false
PATCH,/api/hr/onboarding/:id/buddy,modules/hr/onboarding/onboarding.controller.ts,181,assignBuddy,hr,"RolesGuard",false,'admin','hr_manager','hr',svc,onboardingService.assignBuddy,false
GET,/api/hr/onboarding/dashboard/stats,modules/hr/onboarding/onboarding.controller.ts,196,dashboardStats,hr,"",false,,svc,onboardingService.getDashboardStats,false
GET,/api/hr/onboarding-checklists,modules/hr/onboarding-checklists/onboarding-checklists.controller.ts,51,list,hr,"JwtAuthGuard, RolesGuard",false,,svc,svc.list,true
POST,/api/hr/onboarding-checklists,modules/hr/onboarding-checklists/onboarding-checklists.controller.ts,62,create,hr,"JwtAuthGuard, RolesGuard",false,,svc,svc.createForUser,true
PATCH,/api/hr/onboarding-checklists/:id,modules/hr/onboarding-checklists/onboarding-checklists.controller.ts,81,updateProgress,hr,"JwtAuthGuard, RolesGuard",false,,svc,svc.updateProgress,true
GET,/api/hr/onboarding-checklists/:id,modules/hr/onboarding-checklists/onboarding-checklists.controller.ts,89,getOne,hr,"JwtAuthGuard, RolesGuard",false,,svc,svc.getById,true
POST,/api/hr/payroll/closure/periods/:id/close,modules/hr/payroll/hr-payroll-closure.controller.ts,23,closePeriod,hr,"JwtAuthGuard, RolesGuard",false,,svc,svc.closePeriod,true
GET,/api/hr-v2/pip,modules/hr/pip/pip.controller.ts,49,findAll,hr,"",false,,svc,repo.findAll,true
GET,/api/hr-v2/pip/:id,modules/hr/pip/pip.controller.ts,55,findOne,hr,"",false,,svc,repo.findOne,true
POST,/api/hr-v2/pip,modules/hr/pip/pip.controller.ts,63,create,hr,"",false,,svc,repo.create,true
PATCH,/api/hr-v2/pip/:id/acknowledge,modules/hr/pip/pip.controller.ts,79,acknowledge,hr,"",false,,svc,repo.acknowledge,true
POST,/api/hr-v2/pip/:id/progress,modules/hr/pip/pip.controller.ts,85,addProgress,hr,"",false,,svc,repo.addProgress,true
GET,/api/employees-for-face,modules/hr/presentation/employees-for-face.controller.ts,22,getEmployeesForFace,hr,"JwtAuthGuard, RolesGuard",false,,svc,svc.getEmployeesList,true
GET,/api/hr/attendance/today,modules/hr/presentation/hr-attendance.controller.ts,39,getTodayAttendance,hr,"RolesGuard",false,'HR_SPECIALIST','HR_MANAGER','SUPER_ADMIN','DIRECTOR',svc,attendanceSvc.getTodayAll,true
GET,/api/hr/attendance,modules/hr/presentation/hr-attendance.controller.ts,48,getAttendance,hr,"RolesGuard",false,'HR_SPECIALIST','HR_MANAGER','SUPER_ADMIN','DIRECTOR',svc,hrRepo.findAttendance,true
GET,/api/hr/attendance/:employeeId/summary/:period,modules/hr/presentation/hr-attendance.controller.ts,62,getAttendanceSummary,hr,"RolesGuard",false,'HR_SPECIALIST','HR_MANAGER','SUPER_ADMIN','DIRECTOR',svc,hrRepo.findAttendance,true
POST,/api/hr/attendance/check-in,modules/hr/presentation/hr-attendance.controller.ts,83,checkIn,hr,"RolesGuard",false,'HR_SPECIALIST','HR_MANAGER','SUPER_ADMIN',svc,hrRepo.saveAttendance,true
POST,/api/hr/attendance/check-out,modules/hr/presentation/hr-attendance.controller.ts,103,checkOut,hr,"RolesGuard",false,'HR_SPECIALIST','HR_MANAGER','SUPER_ADMIN',svc,hrRepo.saveAttendance,true
GET,/api/hr/360/review,modules/hr/presentation/hr-compat-a.controller.ts,77,get360Reviews,hr,"RolesGuard",false,...HR_ROLES,svc,svc.get360Reviews,false
POST,/api/hr/360/review,modules/hr/presentation/hr-compat-a.controller.ts,82,create360Review,hr,"RolesGuard",false,,svc,svc.create360Review,false
GET,/api/hr/360/dept-summary,modules/hr/presentation/hr-compat-a.controller.ts,96,get360DeptSummary,hr,"RolesGuard",false,,svc,svc.get360DeptSummary,false
GET,/api/hr/conflict-reports,modules/hr/presentation/hr-compat-a.controller.ts,102,getConflictReports,hr,"RolesGuard",false,,svc,svc.getConflictReports,true
POST,/api/hr/conflict-reports,modules/hr/presentation/hr-compat-a.controller.ts,107,createConflictReport,hr,"RolesGuard",false,,svc,svc.createConflictReport,true
GET,/api/hr/employee-skills,modules/hr/presentation/hr-compat-a.controller.ts,114,getEmployeeSkills,hr,"RolesGuard",false,,svc,svc.getEmployeeSkills,true
POST,/api/hr/employee-skills,modules/hr/presentation/hr-compat-a.controller.ts,119,createEmployeeSkill,hr,"RolesGuard",false,,svc,svc.createEmployeeSkill,true
GET,/api/hr/employee-skills/:employeeId,modules/hr/presentation/hr-compat-a.controller.ts,126,getEmployeeSkillsById,hr,"RolesGuard",false,,svc,svc.getEmployeeSkillsById,true
GET,/api/hr/health-checkups,modules/hr/presentation/hr-compat-a.controller.ts,132,getHealthCheckups,hr,"RolesGuard",false,,svc,svc.getHealthCheckups,true
POST,/api/hr/health-checkups,modules/hr/presentation/hr-compat-a.controller.ts,137,createHealthCheckup,hr,"RolesGuard",false,,real?,,true
GET,/api/hr/hrc-tests/sessions,modules/hr/presentation/hr-compat-a.controller.ts,175,getHrcTestSessions,hr,"RolesGuard",false,,svc,svc.getHrcTestSessions,true
GET,/api/hr/hrc-tests/tool-test/questions,modules/hr/presentation/hr-compat-a.controller.ts,180,getHrcTestQuestions,hr,"RolesGuard",false,,svc,svc.getHrcTestQuestions,true
GET,/api/hr/recruitment/vacancy/candidates,modules/hr/presentation/hr-compat-a.controller.ts,185,getRecruitmentVacancyCandidates,hr,"RolesGuard",false,,svc,svc.getVacancyCandidates,true
GET,/api/hr/discipline,modules/hr/presentation/hr-compat-a.controller.ts,190,getDiscipline,hr,"RolesGuard",false,,svc,svc.getDiscipline,true
POST,/api/hr/discipline-records,modules/hr/presentation/hr-compat-a.controller.ts,202,createDisciplineRecord,hr,"RolesGuard",false,,svc,svc.createDisciplineRecord,true
GET,/api/hr/vacancies,modules/hr/presentation/hr-compat-a.controller.ts,209,getVacancies,hr,"RolesGuard",false,,svc,svc.getVacancies,false
GET,/api/hr/departments,modules/hr/presentation/hr-compat-a.controller.ts,217,getDepartments,hr,"RolesGuard",false,,svc,svc.getDepartments,true
GET,/api/hr/positions,modules/hr/presentation/hr-compat-a.controller.ts,225,getPositions,hr,"RolesGuard",false,,svc,svc.getPositions,true
GET,/api/hr/payroll-runs,modules/hr/presentation/hr-compat-a.controller.ts,234,getPayrollRuns,hr,"RolesGuard",false,,svc,svc.getPayrollRuns,false
GET,/api/hr/payroll-periods,modules/hr/presentation/hr-compat-a.controller.ts,239,getPayrollPeriods,hr,"RolesGuard",false,,svc,svc.getPayrollPeriods,false
PATCH,/api/hr/hrc-tests/tool-test/questions/:id,modules/hr/presentation/hr-compat-a.controller.ts,244,updateTestQuestion,hr,"RolesGuard",false,,real?,,true
DELETE,/api/hr/hrc-tests/tool-test/questions/:id,modules/hr/presentation/hr-compat-a.controller.ts,257,deleteTestQuestion,hr,"RolesGuard",false,,svc,svc.deleteEmployeeSkill,true
GET,/api/hr/hrc-tests/employee/:employeeId/results,modules/hr/presentation/hr-compat-a.controller.ts,264,getEmployeeTestResults,hr,"RolesGuard",false,,svc,svc.deleteEmployeeSkill,true
DELETE,/api/hr/employee-skills/:id,modules/hr/presentation/hr-compat-a.controller.ts,275,deleteEmployeeSkill,hr,"RolesGuard",false,,svc,svc.deleteEmployeeSkill,true
GET,/api/hr/skills,modules/hr/presentation/hr-compat-a.controller.ts,285,getSkillsCatalog,hr,"RolesGuard",false,,svc,svc.getSkillsCatalog,true
POST,/api/hr/skills,modules/hr/presentation/hr-compat-a.controller.ts,290,createSkill,hr,"RolesGuard",false,,svc,svc.createSkillCatalog,true
PATCH,/api/hr/skills/:id,modules/hr/presentation/hr-compat-a.controller.ts,303,updateSkill,hr,"RolesGuard",false,,svc,svc.updateSkillCatalog,true
DELETE,/api/hr/skills/:id,modules/hr/presentation/hr-compat-a.controller.ts,315,deleteSkill,hr,"RolesGuard",false,,svc,svc.deleteSkillCatalog,true
POST,/api/hr/hrc-tests/sessions,modules/hr/presentation/hr-compat-a.controller.ts,323,createHrcTestSession,hr,"RolesGuard",false,,real?,,true
POST,/api/hr/hrc-tests/tool-test/questions,modules/hr/presentation/hr-compat-a.controller.ts,341,createHrcTestQuestion,hr,"RolesGuard",false,,real?,,true
GET,/api/hr/brand-settings,modules/hr/presentation/hr-compat-safety.controller.ts,43,getBrandSettings,hr,"RolesGuard",false,...HR_ROLES,svc,svc.getBrandSettings,true
PATCH,/api/hr/brand-settings,modules/hr/presentation/hr-compat-safety.controller.ts,58,updateBrandSettings,hr,"RolesGuard",false,,svc,svc.updateBrandSettings,true
GET,/api/hr/documents,modules/hr/presentation/hr-compat-safety.controller.ts,68,getDocuments,hr,"RolesGuard",false,,svc,svc.getDocuments,false
GET,/api/hr/documents/admin/workflow-routes,modules/hr/presentation/hr-compat-safety.controller.ts,73,getDocumentWorkflowRoutes,hr,"RolesGuard",false,,svc,svc.getDocumentWorkflowRoutes,false
DELETE,/api/hr/documents/:id,modules/hr/presentation/hr-compat-safety.controller.ts,78,deleteDocument,hr,"RolesGuard",false,,svc,svc.archiveDocument,false
GET,/api/hr/safety/incidents,modules/hr/presentation/hr-compat-safety.controller.ts,85,getSafetyIncidents,hr,"RolesGuard",false,,svc,svc.getSafetyIncidents,true
GET,/api/hr/safety/export/pdf,modules/hr/presentation/hr-compat-safety.controller.ts,94,exportSafetyPdf,hr,"RolesGuard",false,,svc,svc.generateSafetyIncidentReport,true
POST,/api/hr/safety/incidents,modules/hr/presentation/hr-compat-safety.controller.ts,105,createSafetyIncident,hr,"RolesGuard",false,,svc,svc.createSafetyIncident,true
GET,/api/hr/safety/trainings,modules/hr/presentation/hr-compat-safety.controller.ts,118,getSafetyTrainings,hr,"RolesGuard",false,,svc,svc.getSafetyTrainings,true
POST,/api/hr/safety/trainings,modules/hr/presentation/hr-compat-safety.controller.ts,123,createSafetyTraining,hr,"RolesGuard",false,,svc,svc.createSafetyTraining,true
GET,/api/hr/safety/hazard-zones,modules/hr/presentation/hr-compat-safety.controller.ts,137,getHazardZones,hr,"RolesGuard",false,,svc,svc.getHazardZones,true
POST,/api/hr/safety/hazard-zones,modules/hr/presentation/hr-compat-safety.controller.ts,142,createHazardZone,hr,"RolesGuard",false,,svc,svc.createHazardZone,true
GET,/api/hr/safety/ppe-compliance,modules/hr/presentation/hr-compat-safety.controller.ts,156,getPpeCompliance,hr,"RolesGuard",false,,svc,svc.getPpeCompliance,true
POST,/api/hr/safety/ppe-compliance,modules/hr/presentation/hr-compat-safety.controller.ts,161,createPpeCompliance,hr,"RolesGuard",false,,svc,svc.createPpeCompliance,true
GET,/api/hr/leave-requests,modules/hr/presentation/hr-compat-safety.controller.ts,169,getLeaveRequests,hr,"RolesGuard",false,,svc,svc.getLeaveRequests,true
POST,/api/hr/leave-requests,modules/hr/presentation/hr-compat-safety.controller.ts,175,createLeaveRequest,hr,"RolesGuard",false,,svc,svc.createLeaveRequest,true
GET,/api/hr/gamification/leaderboard/monthly,modules/hr/presentation/hr-compat-safety.controller.ts,199,getGamLeaderboardMonthly,hr,"RolesGuard",false,,svc,svc.getGamLeaderboardMonthly,true
GET,/api/hr/milestones/generate,modules/hr/presentation/hr-compat-safety.controller.ts,205,generateMilestones,hr,"RolesGuard",false,,svc,svc.getAdaptationMilestones,true
POST,/api/hr/milestones/generate,modules/hr/presentation/hr-compat-safety.controller.ts,211,postGenerateMilestones,hr,"RolesGuard",false,,svc,svc.getAdaptationMilestones,true
PUT,/api/hr/brand-settings,modules/hr/presentation/hr-compat-safety.controller.ts,218,putBrandSettings,hr,"RolesGuard",false,,svc,svc.updateBrandSettings,true
GET,/api/hr/resignation-stats,modules/hr/presentation/hr-dashboard-extra.controller.ts,29,getResignationStats,hr,"RolesGuard",false,,svc,svc.getResignationStatsProjected,true
GET,/api/hr/resignation-stats/:lang,modules/hr/presentation/hr-dashboard-extra.controller.ts,37,getResignationStatsByLang,hr,"RolesGuard",false,,svc,svc.getRiskScoresProjected,true
GET,/api/hr/risk-scores,modules/hr/presentation/hr-dashboard-extra.controller.ts,44,getRiskScores,hr,"RolesGuard",false,,svc,svc.getRiskScoresProjected,true
GET,/api/hr/safety/summary,modules/hr/presentation/hr-dashboard-extra.controller.ts,52,getSafetySummary,hr,"RolesGuard",false,,svc,svc.getSafetySummaryProjected,true
GET,/api/hr/offboarding/cases/stats,modules/hr/presentation/hr-dashboard-extra.controller.ts,63,getOffboardingStats,hr,"RolesGuard",false,,svc,svc.getOffboardingStats,true
GET,/api/hr/safety,modules/hr/presentation/hr-dashboard-extra.controller.ts,79,getSafetyOverview,hr,"RolesGuard",false,,stub/dead,svc.getSafetyOverview,true
GET,/api/hr/contracts,modules/hr/presentation/hr-dashboard-extra.controller.ts,87,getContracts,hr,"RolesGuard",false,,stub/dead,svc.getContractsExpiringProjected,true
GET,/api/hr/contracts/expiring,modules/hr/presentation/hr-dashboard-extra.controller.ts,94,getContractsExpiring,hr,"RolesGuard",false,,stub/dead,svc.getContractsExpiringProjected,true
GET,/api/hr-capital/courses,modules/hr/presentation/hr-dashboard-extra.controller.ts,109,getCourses,hr,"RolesGuard",false,'HR_MANAGER','SUPER_ADMIN','DIRECTOR','ADMIN',stub/dead,,false
GET,/api/hr-capital/stats,modules/hr/presentation/hr-dashboard-extra.controller.ts,116,getStats,hr,"RolesGuard",false,,stub/dead,,false
GET,/api/hr/birthdays,modules/hr/presentation/hr-dashboard.controller.ts,25,getBirthdays,hr,"RolesGuard",false,'HR_MANAGER','HR_SPECIALIST','SUPER_ADMIN','DIRECTOR','ADMIN','MANAGER',svc,svc.getBirthdaysUpcoming,true
GET,/api/hr/birthdays/today,modules/hr/presentation/hr-dashboard.controller.ts,30,getBirthdaysToday,hr,"RolesGuard",false,,svc,svc.getBirthdaysToday,true
GET,/api/hr/birthdays/upcoming,modules/hr/presentation/hr-dashboard.controller.ts,35,getBirthdaysUpcoming,hr,"RolesGuard",false,,svc,svc.getBirthdaysUpcoming,true
GET,/api/hr/milestones/upcoming,modules/hr/presentation/hr-dashboard.controller.ts,40,getMilestonesUpcoming,hr,"RolesGuard",false,,svc,svc.getMilestonesUpcoming,true
GET,/api/hr/monthly-trend,modules/hr/presentation/hr-dashboard.controller.ts,45,getMonthlyTrend,hr,"RolesGuard",false,,svc,svc.getMonthlyTrend,true
GET,/api/hr/monthly-trend/:lang,modules/hr/presentation/hr-dashboard.controller.ts,50,getMonthlyTrendByLang,hr,"RolesGuard",false,,svc,svc.getMonthlyTrend,true
GET,/api/hr/abc-analysis,modules/hr/presentation/hr-dashboard.controller.ts,55,getAbcAnalysis,hr,"RolesGuard",false,,svc,svc.getAbcAnalysis,true
GET,/api/hr/alerts,modules/hr/presentation/hr-dashboard.controller.ts,60,getAlerts,hr,"RolesGuard",false,,svc,svc.getAlerts,true
GET,/api/hr/discipline-records,modules/hr/presentation/hr-dashboard.controller.ts,65,getDisciplineRecords,hr,"RolesGuard",false,,svc,svc.getDisciplineRecords,true
GET,/api/hr/pip,modules/hr/presentation/hr-dashboard.controller.ts,70,getPip,hr,"RolesGuard",false,,svc,svc.getPip,true
POST,/api/hr/pip,modules/hr/presentation/hr-dashboard.controller.ts,75,createPip,hr,"RolesGuard",false,,svc,svc.createPip,true
PATCH,/api/hr/pip/:id,modules/hr/presentation/hr-dashboard.controller.ts,82,updatePip,hr,"RolesGuard",false,,svc,svc.updatePip,true
GET,/api/hr/enps/surveys,modules/hr/presentation/hr-dashboard.controller.ts,91,getEnpsSurveys,hr,"RolesGuard",false,,svc,svc.getEnpsSurveys,true
GET,/api/hr/ai-interview/sessions,modules/hr/presentation/hr-dashboard.controller.ts,96,getAiInterviewSessions,hr,"RolesGuard",false,,svc,svc.getAiInterviewSessions,true
GET,/api/hr/daily-reports/stats,modules/hr/presentation/hr-dashboard.controller.ts,101,getDailyReportsStats,hr,"RolesGuard",false,,svc,svc.getDailyReportsStats,false
GET,/api/hr/adaptation/at-risk,modules/hr/presentation/hr-dashboard.controller.ts,107,getAdaptationAtRisk,hr,"RolesGuard",false,,svc,svc.getAdaptationAtRisk,true
GET,/api/hr/shifts/today,modules/hr/presentation/hr-dashboard.controller.ts,112,getShiftsToday,hr,"RolesGuard",false,,svc,svc.getShiftsToday,true
GET,/api/hr/milestones,modules/hr/presentation/hr-dashboard.controller.ts,117,getMilestones,hr,"RolesGuard",false,,svc,svc.getMilestonesUpcoming,true
GET,/api/hr/dashboard-stats,modules/hr/presentation/hr-dashboard.controller.ts,122,getDashboardStats,hr,"RolesGuard",false,,svc,svc.getAdaptationAtRisk,true
GET,/api/hr/adaptation,modules/hr/presentation/hr-dashboard.controller.ts,136,getAdaptation,hr,"RolesGuard",false,,svc,svc.getAdaptationAtRisk,true
GET,/api/hr/adaptation/:id,modules/hr/presentation/hr-dashboard.controller.ts,141,getAdaptationById,hr,"RolesGuard",false,,svc,svc.getAlumni,true
GET,/api/hr/alumni,modules/hr/presentation/hr-dashboard.controller.ts,151,getAlumni,hr,"RolesGuard",false,,svc,svc.getAlumni,true
GET,/api/hr/alumni/:id,modules/hr/presentation/hr-dashboard.controller.ts,158,getAlumniById,hr,"RolesGuard",false,,svc,svc.getAlumni,true
GET,/api/hr/daily-reports,modules/hr/presentation/hr-dashboard.controller.ts,167,getDailyReports,hr,"RolesGuard",false,,svc,svc.getDailyReportsStats,false
GET,/api/hr/daily-reports/department,modules/hr/presentation/hr-dashboard.controller.ts,173,getDailyReportsByDept,hr,"RolesGuard",false,,svc,svc.getDailyReportsStats,false
GET,/api/hr/daily-reports/my,modules/hr/presentation/hr-dashboard.controller.ts,179,getDailyReportsMy,hr,"RolesGuard",false,,svc,svc.getDailyReportsStats,false
POST,/api/hr/daily-reports,modules/hr/presentation/hr-dashboard.controller.ts,185,createDailyReport,hr,"RolesGuard",false,,svc,svc.createDailyReport,false
GET,/api/hr/offboarding/questions,modules/hr/presentation/hr-dashboard.controller.ts,201,getOffboardingQuestions,hr,"RolesGuard",false,,real?,,true
GET,/api/hr/fp-cycle,modules/hr/presentation/hr-dashboard.controller.ts,216,getFpCycle,hr,"RolesGuard",false,,real?,,true
GET,/api/hr/hrc-tests/employee,modules/hr/presentation/hr-dashboard.controller.ts,225,getHrcTestsEmployee,hr,"RolesGuard",false,,real?,,true
GET,/api/hr/hrc-tests/public,modules/hr/presentation/hr-dashboard.controller.ts,234,getHrcTestsPublic,hr,"RolesGuard",false,,real?,,true
GET,/api/hr/hrc-tests/stats,modules/hr/presentation/hr-dashboard.controller.ts,243,getHrcTestsStats,hr,"RolesGuard",false,,real?,,true
GET,/api/hr/360/reviewable,modules/hr/presentation/hr-dashboard.controller.ts,260,get360Reviewable,hr,"RolesGuard",false,,real?,,false
GET,/api/hr/birthdays/settings,modules/hr/presentation/hr-dashboard.controller.ts,272,getBirthdaySettings,hr,"RolesGuard",false,,real?,,false
POST,/api/hr/birthdays/settings,modules/hr/presentation/hr-dashboard.controller.ts,282,saveBirthdaySettings,hr,"RolesGuard",false,,real?,,false
GET,/api/hr/birthdays/settings/:id,modules/hr/presentation/hr-dashboard.controller.ts,297,getBirthdaySettingsById,hr,"RolesGuard",false,,real?,,false
GET,/api/hr/ai-interview/session,modules/hr/presentation/hr-dashboard.controller.ts,309,getAiInterviewSession,hr,"RolesGuard",false,,real?,,true
GET,/api/hr/ai-interview/session/:id/review,modules/hr/presentation/hr-dashboard.controller.ts,319,getAiInterviewSessionReview,hr,"RolesGuard",false,,real?,,true
GET,/api/hr/documents/employee,modules/hr/presentation/hr-dashboard.controller.ts,329,getEmployeeDocuments,hr,"RolesGuard",false,,real?,,false
GET,/api/hr/documents/my,modules/hr/presentation/hr-dashboard.controller.ts,334,getMyDocuments,hr,"RolesGuard",false,,svc,svc.getDailyReportsStats,false
GET,/api/hr/documents/pending,modules/hr/presentation/hr-dashboard.controller.ts,339,getPendingDocuments,hr,"RolesGuard",false,,svc,svc.getDailyReportsStats,false
GET,/api/hr/employee-corp,modules/hr/presentation/hr-dashboard.controller.ts,344,getEmployeeCorp,hr,"RolesGuard",false,,svc,svc.getDailyReportsStats,true
GET,/api/hr/employees/operator-stats,modules/hr/presentation/hr-dashboard.controller.ts,353,getEmployeeOperatorStats,hr,"RolesGuard",false,,svc,svc.getDailyReportsStats,true
GET,/api/hr/enps/surveys/results,modules/hr/presentation/hr-dashboard.controller.ts,360,getEnpsSurveyResults,hr,"RolesGuard",false,,svc,svc.getAbcAnalysis,true
GET,/api/hr/abc-analysis/:id/calculate,modules/hr/presentation/hr-dashboard.controller.ts,374,calculateAbcAnalysis,hr,"RolesGuard",false,,svc,svc.getAbcAnalysis,true
GET,/api/hr/discipline/blocked,modules/hr/presentation/hr-dashboard.controller.ts,389,getDisciplineBlocked,hr,"RolesGuard",false,,svc,svc.getDisciplineBlocked,true
GET,/api/hr/attendance/gamification/leaderboard,modules/hr/presentation/hr-dashboard.controller.ts,404,getGamificationLeaderboard,hr,"",false,,svc,svc.getGamificationLeaderboard,true
GET,/api/hr/attendance/employee-corp/:id,modules/hr/presentation/hr-dashboard.controller.ts,411,getEmployeeCorpById,hr,"",false,,real?,,true
PATCH,/api/hr/attendance/adaptation/:id,modules/hr/presentation/hr-dashboard.controller.ts,423,updateAdaptation,hr,"",false,,real?,,true
PATCH,/api/hr/attendance/ai-interview/session/:id/review,modules/hr/presentation/hr-dashboard.controller.ts,441,reviewAiInterviewSession,hr,"",false,,real?,,true
GET,/api/hr/employees/:id/goals,modules/hr/presentation/hr-employee-goals.controller.ts,75,listGoals,hr,"RolesGuard",false,'HR_MANAGER','HR_SPECIALIST','SUPER_ADMIN','DIRECTOR','MANAGER','EMPLOYEE',real?,,true
POST,/api/hr/employees/:id/goals,modules/hr/presentation/hr-employee-goals.controller.ts,93,createGoal,hr,"RolesGuard",false,'HR_MANAGER','HR_SPECIALIST','SUPER_ADMIN','DIRECTOR','MANAGER',real?,,true
PATCH,/api/hr/employees/:id/goals/:goalId,modules/hr/presentation/hr-employee-goals.controller.ts,125,updateGoal,hr,"RolesGuard",false,'HR_MANAGER','HR_SPECIALIST','SUPER_ADMIN','DIRECTOR','MANAGER',real?,,true
GET,/api/hr/employees/:id/one-on-ones,modules/hr/presentation/hr-employee-goals.controller.ts,164,listOneOnOnes,hr,"RolesGuard",false,'HR_MANAGER','HR_SPECIALIST','SUPER_ADMIN','DIRECTOR','MANAGER','EMPLOYEE',real?,,true
POST,/api/hr/employees/:id/one-on-ones,modules/hr/presentation/hr-employee-goals.controller.ts,185,createOneOnOne,hr,"RolesGuard",false,'HR_MANAGER','HR_SPECIALIST','SUPER_ADMIN','DIRECTOR','MANAGER',real?,,true
POST,/api/hr/employees/:id/profile-image,modules/hr/presentation/hr-employees-ext.controller.ts,42,updateProfileImage,hr,"RolesGuard",false,'HR_MANAGER','HR_SPECIALIST','SUPER_ADMIN','DIRECTOR','EMPLOYEE',svc,svc.updateProfileImage,true
POST,/api/hr/employees/:id/assign-org-functions,modules/hr/presentation/hr-employees-ext.controller.ts,57,assignOrgFunctions,hr,"RolesGuard",false,'HR_MANAGER','SUPER_ADMIN','DIRECTOR',svc,svc.assignOrgFunctions,true
POST,/api/hr/employees/import,modules/hr/presentation/hr-employees-ext.controller.ts,71,importEmployees,hr,"RolesGuard",false,'HR_MANAGER','SUPER_ADMIN',svc,svc.importEmployee,true
GET,/api/hr/employees/:id/assets,modules/hr/presentation/hr-employees-ext.controller.ts,87,getEmployeeAssets,hr,"RolesGuard",false,'HR_MANAGER','HR_SPECIALIST','SUPER_ADMIN','DIRECTOR',svc,svc.getEmployeeAssets,true
POST,/api/hr/employees/:id/assets,modules/hr/presentation/hr-employees-ext.controller.ts,98,assignAsset,hr,"RolesGuard",false,'HR_MANAGER','SUPER_ADMIN',svc,svc.assignAsset,true
GET,/api/hr/employees/:employeeId/swap-requests,modules/hr/presentation/hr-employees-ext.controller.ts,110,getEmployeeSwapRequests,hr,"RolesGuard",false,'HR_MANAGER','HR_SPECIALIST','SUPER_ADMIN','DIRECTOR','MANAGER',svc,svc.getEmployeeSwapRequests,true
GET,/api/hr/employees/:employeeId/complaints,modules/hr/presentation/hr-employees-ext.controller.ts,120,getEmployeeComplaints,hr,"RolesGuard",false,'HR_MANAGER','HR_SPECIALIST','SUPER_ADMIN','DIRECTOR',svc,svc.getEmployeeComplaints,true
POST,/api/hr/employees/:employeeId/complaints,modules/hr/presentation/hr-employees-ext.controller.ts,131,createComplaint,hr,"RolesGuard",false,'HR_MANAGER','HR_SPECIALIST','SUPER_ADMIN',svc,svc.createComplaint,true
GET,/api/hr/employees/:employeeId/assessment-skips,modules/hr/presentation/hr-employees-ext.controller.ts,143,getAssessmentSkips,hr,"RolesGuard",false,'HR_MANAGER','HR_SPECIALIST','SUPER_ADMIN','DIRECTOR',svc,svc.getAssessmentSkips,true
GET,/api/hr/employees/list/for-face,modules/hr/presentation/hr-employees-ext.controller.ts,152,getEmployeesForFace,hr,"RolesGuard",false,'HR_MANAGER','HR_SPECIALIST','SUPER_ADMIN','DIRECTOR','admin',svc,svc.getEmployeesList,true
GET,/api/hr/employees/:employeeId/documents/:docId,modules/hr/presentation/hr-employees-ext.controller.ts,167,getEmployeeDocumentById,hr,"RolesGuard",false,,svc,svc.getEmployeeDocumentById,true
GET,/api/hr/employees/:employeeId/operator-stats,modules/hr/presentation/hr-employees-ext.controller.ts,179,getOperatorStats,hr,"RolesGuard",false,,real?,,true
GET,/api/hr/employees,modules/hr/presentation/hr-employees.controller.ts,52,getEmployees,hr,"RolesGuard",false,'HR_MANAGER','HR_SPECIALIST','SUPER_ADMIN','DIRECTOR',svc,queryBus.execute,true
GET,/api/hr/employees/:id,modules/hr/presentation/hr-employees.controller.ts,72,getEmployee,hr,"RolesGuard",false,'HR_MANAGER','HR_SPECIALIST','SUPER_ADMIN','DIRECTOR',svc,hrRepo.findEmployeeById,true
GET,/api/hr/employees/:employeeId/kpi,modules/hr/presentation/hr-employees.controller.ts,84,getEmployeeKpi,hr,"RolesGuard",false,'HR_SPECIALIST','HR_MANAGER','SUPER_ADMIN','DIRECTOR',svc,hrRepo.getAttendanceStats,true
POST,/api/hr/employees,modules/hr/presentation/hr-employees.controller.ts,103,createEmployee,hr,"RolesGuard",false,'HR_MANAGER','SUPER_ADMIN',svc,hrRepo.saveEmployee,true
PUT,/api/hr/employees/:id,modules/hr/presentation/hr-employees.controller.ts,121,updateEmployee,hr,"RolesGuard",false,'HR_MANAGER','SUPER_ADMIN',svc,hrRepo.updateEmployee,true
PATCH,/api/hr/employees/:id,modules/hr/presentation/hr-employees.controller.ts,122,updateEmployee,hr,"RolesGuard",false,'HR_MANAGER','SUPER_ADMIN',svc,hrRepo.updateEmployee,true
PATCH,/api/hr/employees/:id/status,modules/hr/presentation/hr-employees.controller.ts,132,updateEmployeeStatus,hr,"RolesGuard",false,'HR_MANAGER','DIRECTOR','SUPER_ADMIN',svc,hrRepo.updateEmployee,true
DELETE,/api/hr/employees/:id,modules/hr/presentation/hr-employees.controller.ts,147,deleteEmployee,hr,"RolesGuard",false,'HR_MANAGER','SUPER_ADMIN',svc,hrRepo.findEmployeeById,true
GET,/api/hr/employees/:employeeId/documents,modules/hr/presentation/hr-employees.controller.ts,168,getEmployeeDocuments,hr,"RolesGuard",false,'HR_MANAGER','HR_SPECIALIST','SUPER_ADMIN','DIRECTOR',real?,,true
POST,/api/hr/employees/:employeeId/documents,modules/hr/presentation/hr-employees.controller.ts,180,createEmployeeDocument,hr,"RolesGuard",false,'HR_MANAGER','SUPER_ADMIN',real?,,true
DELETE,/api/hr/employees/:employeeId/documents/:docId,modules/hr/presentation/hr-employees.controller.ts,205,deleteEmployeeDocument,hr,"RolesGuard",false,'HR_MANAGER','SUPER_ADMIN',svc,hrRepo.findEmployeeById,true
POST,/api/hr/employees/:employeeId/salary-review,modules/hr/presentation/hr-employees.controller.ts,216,reviewSalary,hr,"RolesGuard",false,'DIRECTOR','SUPER_ADMIN',svc,hrRepo.findEmployeeById,true
GET,/api/hr/gsd/employees/:id,modules/hr/presentation/hr-gsd.controller.ts,51,getGsdEmployee,hr,"",false,,svc,svc.getEmployee,true
GET,/api/hr/gsd/employees/:id/history,modules/hr/presentation/hr-gsd.controller.ts,61,getGsdEmployeeHistory,hr,"",false,,svc,svc.getEmployeeHistory,true
GET,/api/hr/referrals,modules/hr/presentation/hr-gsd.controller.ts,70,getReferrals,hr,"",false,,svc,svc.getReferrals,true
GET,/api/hr/referrals/boomerang,modules/hr/presentation/hr-gsd.controller.ts,80,getBoomerangReferrals,hr,"",false,,svc,svc.getBoomerangs,true
GET,/api/hr/milestones/:id/complete,modules/hr/presentation/hr-gsd.controller.ts,94,getMilestoneComplete,hr,"",false,,svc,svc.getMilestone,true
POST,/api/hr/milestones/:id/complete,modules/hr/presentation/hr-gsd.controller.ts,105,completeMilestone,hr,"",false,,svc,svc.completeMilestone,true
PATCH,/api/hr/milestones/:id/complete,modules/hr/presentation/hr-gsd.controller.ts,116,patchMilestoneComplete,hr,"",false,,svc,svc.completeMilestone,true
POST,/api/hr/gsd/employees/:id,modules/hr/presentation/hr-gsd.controller.ts,127,updateGsdEmployee,hr,"",false,,svc,svc.createReferral,true
POST,/api/hr/referrals,modules/hr/presentation/hr-gsd.controller.ts,136,createReferral,hr,"",false,,svc,svc.createReferral,true
PATCH,/api/hr/referrals/:id,modules/hr/presentation/hr-gsd.controller.ts,156,updateReferral,hr,"",false,'HR_MANAGER','SUPER_ADMIN','DIRECTOR',svc,svc.updateReferral,true
GET,/api/hr/mentorship-pairings,modules/hr/presentation/hr-gsd.controller.ts,174,getMentorshipPairings,hr,"",false,,svc,svc.getMentorshipPairings,false
POST,/api/hr/mentorship-pairings,modules/hr/presentation/hr-gsd.controller.ts,189,createMentorshipPairing,hr,"",false,,svc,svc.createMentorshipPairing,false
PATCH,/api/hr/mentorship-pairings/:id,modules/hr/presentation/hr-gsd.controller.ts,206,updateMentorshipPairing,hr,"",false,,svc,svc.updateMentorshipPairing,false
GET,/api/hr/leave,modules/hr/presentation/hr-leave.controller.ts,52,getLeaves,hr,"RolesGuard",false,'HR_MANAGER','SUPER_ADMIN','DIRECTOR',svc,queryBus.execute,true
GET,/api/hr/leave/stats,modules/hr/presentation/hr-leave.controller.ts,64,getLeaveStats,hr,"RolesGuard",false,'HR_MANAGER','SUPER_ADMIN','DIRECTOR',svc,hrRepo.getLeaveStats,false
GET,/api/hr/leave/balance/:employeeId,modules/hr/presentation/hr-leave.controller.ts,74,getLeaveBalance,hr,"RolesGuard",false,'HR_MANAGER','SUPER_ADMIN','DIRECTOR',svc,queryBus.execute,false
GET,/api/hr/leave/:id,modules/hr/presentation/hr-leave.controller.ts,84,getLeaveById,hr,"RolesGuard",false,'HR_MANAGER','SUPER_ADMIN','DIRECTOR',svc,hrRepo.findLeaveById,false
POST,/api/hr/leave,modules/hr/presentation/hr-leave.controller.ts,97,createLeaveRequest,hr,"RolesGuard",false,'EMPLOYEE','HR_MANAGER','SUPER_ADMIN','DIRECTOR',svc,commandBus.execute,true
PATCH,/api/hr/leave/:id/approve,modules/hr/presentation/hr-leave.controller.ts,115,approveLeave,hr,"RolesGuard",false,'HR_MANAGER','SUPER_ADMIN','DIRECTOR',svc,commandBus.execute,false
PATCH,/api/hr/leave/:id/reject,modules/hr/presentation/hr-leave.controller.ts,134,rejectLeave,hr,"RolesGuard",false,'HR_MANAGER','SUPER_ADMIN','DIRECTOR',svc,commandBus.execute,false
PATCH,/api/hr/leave/:id/cancel,modules/hr/presentation/hr-leave.controller.ts,154,cancelLeave,hr,"RolesGuard",false,'EMPLOYEE','HR_MANAGER','SUPER_ADMIN','DIRECTOR',svc,commandBus.execute,false
DELETE,/api/hr/leave/:id,modules/hr/presentation/hr-leave.controller.ts,165,deleteLeave,hr,"RolesGuard",false,'HR_MANAGER','SUPER_ADMIN','DIRECTOR',svc,commandBus.execute,false
GET,/api/hr/payroll,modules/hr/presentation/hr-payroll.controller.ts,47,getPayrolls,hr,"RolesGuard",false,'PAYROLL_OFFICER','HR_MANAGER','DIRECTOR','SUPER_ADMIN',svc,hrRepo.findPayroll,true
GET,/api/hr/payroll/summary/:period,modules/hr/presentation/hr-payroll.controller.ts,62,getPayrollSummary,hr,"RolesGuard",false,'PAYROLL_OFFICER','DIRECTOR','SUPER_ADMIN',svc,hrRepo.getPayrollSummary,true
POST,/api/hr/payroll/calculate,modules/hr/presentation/hr-payroll.controller.ts,71,calculatePayroll,hr,"RolesGuard",false,'PAYROLL_OFFICER','HR_MANAGER','SUPER_ADMIN',real?,,true
POST,/api/hr/payroll/:payrollId/approve,modules/hr/presentation/hr-payroll.controller.ts,118,approvePayroll,hr,"RolesGuard",false,'DIRECTOR','SUPER_ADMIN',svc,hrRepo.updatePayroll,true
POST,/api/hr/payroll/:payrollId/post-to-gl,modules/hr/presentation/hr-payroll.controller.ts,133,postToGL,hr,"RolesGuard",false,'DIRECTOR','SUPER_ADMIN',svc,hrRepo.updatePayroll,true
GET,/api/questionnaire,modules/hr/presentation/hr-questionnaire.controller.ts,27,getQuestionnaire,hr,"RolesGuard",false,'HR_MANAGER','HR_SPECIALIST','SUPER_ADMIN','DIRECTOR','ADMIN','MANAGER',real?,,true
GET,/api/questionnaire-templates,modules/hr/presentation/hr-questionnaire.controller.ts,64,getQuestionnaireTemplates,hr,"RolesGuard",false,,real?,,true
GET,/api/hr/shifts/schedule,modules/hr/presentation/hr-shifts-compat.controller.ts,37,getSchedule,hr,"RolesGuard",false,,svc,shiftService.getSchedule,false
POST,/api/hr/shifts/schedule,modules/hr/presentation/hr-shifts-compat.controller.ts,54,createSchedule,hr,"RolesGuard",false,,svc,shiftService.findEmployeeByUserId,false
GET,/api/hr/shifts/swap-requests,modules/hr/presentation/hr-shifts-compat.controller.ts,80,getSwapRequests,hr,"RolesGuard",false,,svc,shiftService.getSwapRequests,false
POST,/api/hr/shifts/swap-request,modules/hr/presentation/hr-shifts-compat.controller.ts,85,createSwapRequest,hr,"RolesGuard",false,,svc,shiftService.findShiftByEmployeeAndDate,false
PATCH,/api/hr/shifts/swap-request/:id/approve,modules/hr/presentation/hr-shifts-compat.controller.ts,105,approveSwapRequest,hr,"RolesGuard",false,,svc,shiftService.approveSwap,false
DELETE,/api/hr/shifts/:id,modules/hr/presentation/hr-shifts-compat.controller.ts,111,deleteShift,hr,"RolesGuard",false,,svc,shiftService.deleteShift,false
GET,/api/hr-v2/reception,modules/hr/reception/reception.controller.ts,54,getRoot,hr,"JwtAuthGuard",false,,svc,svc.getActiveVisitors,true
GET,/api/hr-v2/reception/active,modules/hr/reception/reception.controller.ts,68,getActive,hr,"JwtAuthGuard",false,,svc,svc.getActiveVisitors,true
GET,/api/hr-v2/reception/stats,modules/hr/reception/reception.controller.ts,75,getStats,hr,"JwtAuthGuard",false,,svc,svc.getStats,true
GET,/api/hr-v2/reception/log,modules/hr/reception/reception.controller.ts,90,getLog,hr,"JwtAuthGuard",false,,svc,svc.getVisitorLog,true
POST,/api/hr-v2/reception/check-in,modules/hr/reception/reception.controller.ts,98,checkIn,hr,"JwtAuthGuard",false,,svc,svc.checkInVisitor,true
PATCH,/api/hr-v2/reception/:id/check-out,modules/hr/reception/reception.controller.ts,117,checkOut,hr,"JwtAuthGuard",false,,svc,svc.checkOutVisitor,true
GET,/api/hr-v2/reception/badge/:badge_number,modules/hr/reception/reception.controller.ts,125,validateBadge,hr,"JwtAuthGuard",false,,svc,svc.validateBadge,true
GET,/api/hr/recruitment/checklist-alerts,modules/hr/recruitment/hr-vacancies-analytics.controller.ts,39,getChecklistAlerts,hr,"",false,,svc,svc.findPipeline,true
GET,/api/hr/recruitment/kpi,modules/hr/recruitment/hr-vacancies-analytics.controller.ts,48,getKpi,hr,"",false,,svc,svc.findKpi,true
GET,/api/hr/recruitment/urgent,modules/hr/recruitment/hr-vacancies-analytics.controller.ts,57,getUrgent,hr,"",false,,svc,svc.findUrgent,true
GET,/api/hr/recruitment/worker-type-stats,modules/hr/recruitment/hr-vacancies-analytics.controller.ts,66,getWorkerTypeStats,hr,"",false,,svc,svc.findWorkerTypeStats,true
GET,/api/hr/recruitment/internal-board,modules/hr/recruitment/hr-vacancies-analytics.controller.ts,75,getInternalBoard,hr,"",false,,svc,svc.findInternalBoard,true
POST,/api/hr/recruitment/internal-apply/:id,modules/hr/recruitment/hr-vacancies-analytics.controller.ts,85,internalApply,hr,"",false,,svc,svc.addCandidateToFunnel,false
GET,/api/hr/recruitment/pipeline,modules/hr/recruitment/hr-vacancies-pipeline.controller.ts,71,getPipeline,hr,"",false,,svc,svc.findPipeline,true
GET,/api/hr/recruitment/pipeline/:id/stage,modules/hr/recruitment/hr-vacancies-pipeline.controller.ts,81,getPipelineStage,hr,"",false,,svc,svc.findPipelineById,true
POST,/api/hr/recruitment/pipeline/:id/stage,modules/hr/recruitment/hr-vacancies-pipeline.controller.ts,91,updatePipelineStagePost,hr,"",false,,svc,svc.updatePipelineStage,true
PATCH,/api/hr/recruitment/pipeline/:id/stage,modules/hr/recruitment/hr-vacancies-pipeline.controller.ts,108,updatePipelineStage,hr,"",false,,svc,svc.updatePipelineStage,true
GET,/api/hr/recruitment/pipeline/:id/roadmap,modules/hr/recruitment/hr-vacancies-pipeline.controller.ts,125,getPipelineRoadmap,hr,"",false,,svc,svc.findRoadmapByPipeline,true
GET,/api/hr/recruitment/roadmaps,modules/hr/recruitment/hr-vacancies-pipeline.controller.ts,146,getRoadmaps,hr,"",false,,svc,svc.findRoadmaps,true
GET,/api/hr/recruitment/pipeline/:id/report,modules/hr/recruitment/hr-vacancies-pipeline.controller.ts,156,getPipelineReport,hr,"",false,,svc,svc.findPipelineById,true
POST,/api/hr/recruitment/pipeline/:id/nda-request,modules/hr/recruitment/hr-vacancies-pipeline.controller.ts,170,submitNdaRequest,hr,"",false,,svc,svc.recordFunnelHistory,true
POST,/api/hr/recruitment/pipeline/:id/offer,modules/hr/recruitment/hr-vacancies-pipeline.controller.ts,184,sendOffer,hr,"",false,,svc,svc.recordFunnelHistory,true
POST,/api/hr/recruitment/pipeline/:id/checklist,modules/hr/recruitment/hr-vacancies-pipeline.controller.ts,199,submitChecklist,hr,"",false,,svc,svc.updateFunnelNotes,true
GET,/api/hr/recruitment/pipeline/:id/checklist,modules/hr/recruitment/hr-vacancies-pipeline.controller.ts,215,getPipelineChecklist,hr,"",false,,svc,svc.updateFunnelNotes,true
PATCH,/api/hr/recruitment/pipeline/:id/checklist,modules/hr/recruitment/hr-vacancies-pipeline.controller.ts,230,patchPipelineChecklist,hr,"",false,,svc,svc.updateFunnelNotes,true
POST,/api/hr/recruitment/pipeline/:id/roadmap,modules/hr/recruitment/hr-vacancies-pipeline.controller.ts,247,createPipelineRoadmap,hr,"",false,,svc,svc.createRoadmap,true
POST,/api/hr/recruitment/vacancy/candidates,modules/hr/recruitment/hr-vacancies-pipeline.controller.ts,265,addCandidateToVacancy,hr,"",false,,svc,svc.addCandidateToFunnel,true
GET,/api/hr/recruitment/pipeline/:id/probation-journal,modules/hr/recruitment/hr-vacancies-probation.controller.ts,53,getProbationJournal,hr,"",false,,svc,svc.findProbationJournal,true
GET,/api/hr/recruitment/pipeline/:id/probation-dates,modules/hr/recruitment/hr-vacancies-probation.controller.ts,63,getProbationDates,hr,"",false,,svc,svc.findProbationDates,true
POST,/api/hr/recruitment/pipeline/:id/probation-review,modules/hr/recruitment/hr-vacancies-probation.controller.ts,74,submitProbationReview,hr,"",false,,svc,svc.recordFunnelHistory,true
PATCH,/api/hr/recruitment/pipeline/:id/probation-dates,modules/hr/recruitment/hr-vacancies-probation.controller.ts,91,patchProbationDates,hr,"",false,,real?,,true
POST,/api/hr/recruitment/pipeline/:id/probation-journal,modules/hr/recruitment/hr-vacancies-probation.controller.ts,111,createProbationJournalEntry,hr,"",false,,svc,svc.recordFunnelHistory,true
GET,/api/hr/recruitment/pipeline/:id/probation-review,modules/hr/recruitment/hr-vacancies-probation.controller.ts,126,getProbationReview,hr,"",false,,real?,,true
GET,/api/hr/recruitment/vacancies,modules/hr/recruitment/hr-vacancies.controller.ts,81,getVacancies,hr,"",false,,svc,svc.findAll,true
GET,/api/hr/recruitment/vacancies/:id,modules/hr/recruitment/hr-vacancies.controller.ts,91,getVacancy,hr,"",false,,svc,svc.findById,true
POST,/api/hr/recruitment/vacancies/:id/channel-status,modules/hr/recruitment/hr-vacancies.controller.ts,101,updateChannelStatus,hr,"",false,,svc,svc.recordFunnelHistory,true
POST,/api/hr/recruitment/vacancies/:id/telegram-announce,modules/hr/recruitment/hr-vacancies.controller.ts,117,telegramAnnounce,hr,"",false,,svc,svc.recordFunnelHistory,true
POST,/api/hr/recruitment/vacancies/:id/alumni-notify,modules/hr/recruitment/hr-vacancies.controller.ts,131,alumniNotify,hr,"",false,,svc,svc.recordFunnelHistory,true
GET,/api/hr/recruitment/vacancies/:id/market-analysis,modules/hr/recruitment/hr-vacancies.controller.ts,145,getMarketAnalysis,hr,"",false,,svc,svc.findMarketAnalysisByVacancy,true
GET,/api/hr/recruitment/vacancies/:id/portret,modules/hr/recruitment/hr-vacancies.controller.ts,155,getPortret,hr,"",false,,svc,svc.findById,true
GET,/api/hr/recruitment/vacancies/:id/channels,modules/hr/recruitment/hr-vacancies.controller.ts,165,getVacancyChannels,hr,"",false,,svc,svc.findChannelsByVacancy,true
POST,/api/hr/recruitment/vacancies,modules/hr/recruitment/hr-vacancies.controller.ts,175,createVacancy,hr,"",false,,svc,svc.create,true
POST,/api/hr/recruitment/vacancies/:id/publish,modules/hr/recruitment/hr-vacancies.controller.ts,194,publishVacancy,hr,"",false,,svc,svc.publishVacancy,true
PATCH,/api/hr/recruitment/vacancies/:id/channel-status,modules/hr/recruitment/hr-vacancies.controller.ts,211,patchChannelStatus,hr,"",false,,svc,svc.recordFunnelHistory,true
PATCH,/api/hr/recruitment/vacancies/:id/channels,modules/hr/recruitment/hr-vacancies.controller.ts,228,patchVacancyChannels,hr,"",false,,svc,svc.findMarketAnalysisByVacancy,true
POST,/api/hr/recruitment/vacancies/:id/market-analysis,modules/hr/recruitment/hr-vacancies.controller.ts,245,postMarketAnalysis,hr,"",false,,svc,svc.findMarketAnalysisByVacancy,true
PATCH,/api/hr/recruitment/vacancies/:id/portret,modules/hr/recruitment/hr-vacancies.controller.ts,258,patchPortret,hr,"",false,,real?,,true
POST,/api/hr/recruitment/references-check,modules/hr/recruitment/recruitment-offers.controller.ts,45,createReferencesCheck,hr,"RolesGuard",false,'admin','hr_manager','hr','hr_recruiter',svc,recruitmentService.createReferencesCheck,false
GET,/api/hr/recruitment/references-check/funnel/:funnelId,modules/hr/recruitment/recruitment-offers.controller.ts,57,getReferencesChecksByFunnel,hr,"RolesGuard",false,'admin','hr_manager','hr','hr_recruiter',svc,recruitmentService.getReferencesChecksByFunnel,false
PATCH,/api/hr/recruitment/references-check/:id,modules/hr/recruitment/recruitment-offers.controller.ts,65,updateReferencesCheck,hr,"RolesGuard",false,'admin','hr_manager','hr','hr_recruiter',svc,recruitmentService.updateReferencesCheck,false
POST,/api/hr/recruitment/job-offer,modules/hr/recruitment/recruitment-offers.controller.ts,78,createJobOffer,hr,"RolesGuard",false,'admin','hr_manager','hr','hr_recruiter',svc,recruitmentService.createJobOffer,false
GET,/api/hr/recruitment/job-offer/candidate/:candidateId,modules/hr/recruitment/recruitment-offers.controller.ts,90,getJobOffersByCandidate,hr,"RolesGuard",false,'admin','hr_manager','hr','hr_recruiter',svc,recruitmentService.getJobOffersByCandidate,false
GET,/api/hr/recruitment/job-offer/:id,modules/hr/recruitment/recruitment-offers.controller.ts,98,getJobOfferById,hr,"RolesGuard",false,'admin','hr_manager','hr','hr_recruiter',svc,recruitmentService.getJobOfferById,false
PATCH,/api/hr/recruitment/job-offer/:id/status,modules/hr/recruitment/recruitment-offers.controller.ts,106,updateJobOfferStatus,hr,"RolesGuard",false,'admin','hr_manager','hr','hr_recruiter',svc,recruitmentService.updateJobOfferStatus,false
GET,/api/hr/recruitment,modules/hr/recruitment/recruitment.controller.ts,57,getRecruitmentList,hr,"RolesGuard",false,'admin','hr_manager','hr','hr_recruiter','SUPER_ADMIN','DIRECTOR',svc,recruitmentService.listFunnels,true
POST,/api/hr/recruitment/funnel,modules/hr/recruitment/recruitment.controller.ts,68,createFunnel,hr,"RolesGuard",false,'admin','hr_manager','hr','hr_recruiter',svc,recruitmentService.createFunnel,false
GET,/api/hr/recruitment/funnel,modules/hr/recruitment/recruitment.controller.ts,77,listFunnels,hr,"",false,,svc,recruitmentService.listFunnels,false
GET,/api/hr/recruitment/funnel/kanban,modules/hr/recruitment/recruitment.controller.ts,84,kanban,hr,"",false,,svc,recruitmentService.getFunnelKanban,false
GET,/api/hr/recruitment/funnel/:id,modules/hr/recruitment/recruitment.controller.ts,91,getFunnel,hr,"",false,,svc,recruitmentService.getFunnelById,false
PATCH,/api/hr/recruitment/funnel/:id/move,modules/hr/recruitment/recruitment.controller.ts,97,moveFunnelStage,hr,"RolesGuard",false,'admin','hr_manager','hr','hr_recruiter',svc,recruitmentService.moveFunnelStage,false
PATCH,/api/hr/recruitment/funnel/:id/screening,modules/hr/recruitment/recruitment.controller.ts,110,quickScreening,hr,"RolesGuard",false,'admin','hr_manager','hr','hr_recruiter',svc,recruitmentService.quickScreening,false
POST,/api/hr/recruitment/tool-test,modules/hr/recruitment/recruitment.controller.ts,124,createToolTest,hr,"RolesGuard",false,'admin','hr_manager','hr','hr_recruiter',svc,recruitmentService.createToolTest,true
GET,/api/hr/recruitment/tool-test/candidate/:candidateId,modules/hr/recruitment/recruitment.controller.ts,133,getToolTestByCandidate,hr,"",false,,svc,recruitmentService.getToolTestByCandidate,true
POST,/api/hr/recruitment/tool-test/match,modules/hr/recruitment/recruitment.controller.ts,139,matchPositionProfile,hr,"",false,,svc,recruitmentService.matchPositionProfile,false
POST,/api/hr/recruitment/productivity-interview,modules/hr/recruitment/recruitment.controller.ts,148,createProductivityInterview,hr,"RolesGuard",false,'admin','hr_manager','hr','hr_recruiter',svc,recruitmentService.createProductivityInterview,true
GET,/api/hr/recruitment/productivity-interview/candidate/:candidateId,modules/hr/recruitment/recruitment.controller.ts,160,getProductivityInterview,hr,"",false,,svc,recruitmentService.getProductivityInterview,true
GET,/api/hr/recruitment/channel-analytics,modules/hr/recruitment/recruitment.controller.ts,168,getChannelAnalytics,hr,"",false,,svc,recruitmentService.getChannelAnalytics,true
POST,/api/hr/recruitment/job-offers,modules/hr/recruitment/recruitment.controller.ts,177,createSimpleJobOffer,hr,"RolesGuard",false,'admin','hr_manager','hr','hr_recruiter',svc,recruitmentService.createJobOffer,true
GET,/api/hr/recruitment/statistics/weekly,modules/hr/recruitment/recruitment.controller.ts,188,getWeeklyStats,hr,"RolesGuard",false,'admin','hr_manager','hr','hr_recruiter',svc,recruitmentService.getWeeklyStatistics,false
GET,/api/hr/recruitment/health-check,modules/hr/recruitment/recruitment.controller.ts,206,runHealthCheck,hr,"RolesGuard",false,'admin','hr_manager',svc,recruitmentService.runHrHealthCheck,false
GET,/api/hr/safety/department-summary,modules/hr/safety/hr-safety.controller.ts,38,getDepartmentSummary,hr,"",false,,svc,svc.getDepartmentSummary,false
GET,/api/hr/safety/incidents/:id,modules/hr/safety/hr-safety.controller.ts,48,getIncident,hr,"",false,,svc,svc.getIncidentById,true
DELETE,/api/hr/safety/incidents/:id,modules/hr/safety/hr-safety.controller.ts,59,deleteIncident,hr,"",false,,svc,svc.updateIncident,true
PATCH,/api/hr/safety/incidents/:id,modules/hr/safety/hr-safety.controller.ts,68,updateIncident,hr,"",false,,svc,svc.updateIncident,true
GET,/api/hr/safety/hazard-zones/:id,modules/hr/safety/hr-safety.controller.ts,82,getHazardZone,hr,"",false,,svc,svc.getHazardZoneById,true
PATCH,/api/hr/safety/hazard-zones/:id,modules/hr/safety/hr-safety.controller.ts,92,updateHazardZone,hr,"",false,,svc,svc.updateHazardZone,true
POST,/api/hr/safety/export/pdf,modules/hr/safety/hr-safety.controller.ts,106,exportPdf,hr,"",false,,svc,svc.getAllIncidents,true
POST,/api/hr-v2/shifts,modules/hr/shift/shift.controller.ts,69,assign,hr,"JwtAuthGuard",false,'admin','manager','supervisor','hr_manager',svc,svc.findEmployeeByUserId,true
POST,/api/hr-v2/shifts/swap-request,modules/hr/shift/shift.controller.ts,100,requestSwap,hr,"JwtAuthGuard",false,,svc,svc.findShiftByEmployeeAndDate,true
PATCH,/api/hr-v2/shifts/:id/approve-swap,modules/hr/shift/shift.controller.ts,132,approveSwap,hr,"JwtAuthGuard",false,,svc,svc.rejectSwap,true
GET,/api/hr-v2/shifts/schedule,modules/hr/shift/shift.controller.ts,146,getSchedule,hr,"JwtAuthGuard",false,,svc,svc.getSchedule,true
GET,/api/hr-v2/shifts/swap-requests,modules/hr/shift/shift.controller.ts,157,getSwapRequests,hr,"JwtAuthGuard",false,,svc,svc.getSwapRequests,true
DELETE,/api/hr-v2/shifts/:id,modules/hr/shift/shift.controller.ts,164,deleteShift,hr,"JwtAuthGuard",false,,svc,svc.deleteShift,true
GET,/api/hr-v2/skills-matrix/catalog,modules/hr/skills-matrix/skills-matrix.controller.ts,38,catalog,hr,"JwtAuthGuard",false,,svc,svc.getSkillCatalog,true
GET,/api/hr-v2/skills-matrix/employee/:id,modules/hr/skills-matrix/skills-matrix.controller.ts,46,getEmployee,hr,"JwtAuthGuard",false,,svc,svc.getEmployeeSkills,true
POST,/api/hr-v2/skills-matrix/score,modules/hr/skills-matrix/skills-matrix.controller.ts,54,upsertScore,hr,"JwtAuthGuard",false,,svc,svc.upsertSkillScore,true
GET,/api/hr-v2/skills-matrix/gap-analysis/:employeeId,modules/hr/skills-matrix/skills-matrix.controller.ts,66,gapAnalysis,hr,"JwtAuthGuard",false,,svc,svc.getGapAnalysis,true
GET,/api/hr-v2/skills-matrix/team/:departmentId,modules/hr/skills-matrix/skills-matrix.controller.ts,77,teamMatrix,hr,"JwtAuthGuard",false,,svc,svc.getTeamMatrix,true
GET,/api/hr-v2/telegram-bots/status,modules/hr/telegram-bots/telegram-bots.controller.ts,41,getStatus,hr,"JwtAuthGuard",false,,svc,svc.getBotStatus,true
POST,/api/hr-v2/telegram-bots/send,modules/hr/telegram-bots/telegram-bots.controller.ts,49,sendMessage,hr,"JwtAuthGuard",false,,svc,svc.sendMessage,true
POST,/api/hr-v2/telegram-bots/broadcast,modules/hr/telegram-bots/telegram-bots.controller.ts,62,broadcast,hr,"JwtAuthGuard",false,,svc,svc.broadcastToAll,true
POST,/api/hr-v2/telegram-bots/internal-vacancy-published,modules/hr/telegram-bots/telegram-bots.controller.ts,71,internalVacancyPublished,hr,"JwtAuthGuard",false,,svc,svc.onInternalVacancyPublished,true
POST,/api/hr-v2/telegram-bots/notify-employee,modules/hr/telegram-bots/telegram-bots.controller.ts,85,notifyEmployee,hr,"JwtAuthGuard",false,,svc,svc.notifyEmployee,true
POST,/api/hr-v2/telegram-bots/notify-hr,modules/hr/telegram-bots/telegram-bots.controller.ts,99,notifyHr,hr,"JwtAuthGuard",false,,svc,svc.notifyHrGroup,true
GET,/api/integration/employee-complaints/:id,modules/integration/integration-employee.controller.ts,51,getComplaints,integration,"JwtAuthGuard, RolesGuard",false,,svc,svc.getEmployeeComplaints,true
GET,/api/integration/employee-assessment-skips/:id,modules/integration/integration-employee.controller.ts,60,getAssessmentSkips,integration,"JwtAuthGuard, RolesGuard",false,,svc,svc.getEmployeeAssessmentSkips,true
GET,/api/integration/swap-requests,modules/integration/integration-employee.controller.ts,68,getSwapRequests,integration,"JwtAuthGuard, RolesGuard",false,,svc,svc.getSwapRequests,true
GET,/api/integration/skill-gap/:id,modules/integration/integration-employee.controller.ts,80,getSkillGap,integration,"JwtAuthGuard, RolesGuard",false,,svc,svc.getSkillGap,true
GET,/api/integration/employee-mentorships/:id,modules/integration/integration-employee.controller.ts,89,getMentorships,integration,"JwtAuthGuard, RolesGuard",false,,svc,svc.getEmployeeMentorships,true
GET,/api/integration/employee-mes-summary/:id,modules/integration/integration-employee.controller.ts,97,getMesSummary,integration,"JwtAuthGuard, RolesGuard",false,,stub/dead,svc.getEmployeeMesSummary,true
GET,/api/integration/employee-wms-summary/:id,modules/integration/integration-employee.controller.ts,109,getWmsSummary,integration,"JwtAuthGuard, RolesGuard",false,,stub/dead,svc.getEmployeeWmsSummary,true
GET,/api/integration/employee-complaints,modules/integration/integration-employee.controller.ts,118,getEmployeeComplaintsList,integration,"JwtAuthGuard, RolesGuard",false,,stub/dead,svc.getAllComplaints,true
GET,/api/integration/employee-assessment-skips,modules/integration/integration-employee.controller.ts,127,getEmployeeAssessmentSkipsList,integration,"JwtAuthGuard, RolesGuard",false,,stub/dead,svc.getAllAssessmentSkips,true
GET,/api/integration/skill-gap,modules/integration/integration-employee.controller.ts,136,getSkillGapList,integration,"JwtAuthGuard, RolesGuard",false,,stub/dead,svc.getAllMentorships,true
GET,/api/integration/employee-mentorships,modules/integration/integration-employee.controller.ts,151,getEmployeeMentorshipsList,integration,"JwtAuthGuard, RolesGuard",false,,stub/dead,svc.getAllMentorships,true
GET,/api/integration/employee-mes-summary,modules/integration/integration-employee.controller.ts,160,getEmployeeMesSummaryList,integration,"JwtAuthGuard, RolesGuard",false,,stub/dead,svc.getAllMesSummary,true
GET,/api/integration/employee-wms-summary,modules/integration/integration-employee.controller.ts,169,getEmployeeWmsSummaryList,integration,"JwtAuthGuard, RolesGuard",false,,svc,svc.getAllWmsSummary,true
GET,/api/integration/expense,modules/integration/integration-employee.controller.ts,177,getExpenseList,integration,"JwtAuthGuard, RolesGuard",false,,real?,,true
POST,/api/integration/expense,modules/integration/integration-employee.controller.ts,190,createExpense,integration,"JwtAuthGuard, RolesGuard",false,,real?,,true
GET,/api/integration/invoice,modules/integration/integration-employee.controller.ts,212,getInvoiceList,integration,"JwtAuthGuard, RolesGuard",false,,real?,,true
POST,/api/integration/invoice,modules/integration/integration-employee.controller.ts,225,createInvoice,integration,"JwtAuthGuard, RolesGuard",false,,real?,,true
GET,/api/integration/hr-lms/position-skills,modules/integration/integration-extended-hr.controller.ts,37,getPositionSkills,integration,"JwtAuthGuard, RolesGuard",false,...SKILLS_ROLES,svc,repo.findHrLmsPositionSkills,true
GET,/api/integration/hr-lms/employee-skills,modules/integration/integration-extended-hr.controller.ts,46,getEmployeeSkills,integration,"JwtAuthGuard, RolesGuard",false,...SKILLS_ROLES,svc,repo.findHrLmsEmployeeSkills,true
GET,/api/integration/hr-lms/expiring-certifications,modules/integration/integration-extended-hr.controller.ts,55,getExpiringCertifications,integration,"JwtAuthGuard, RolesGuard",false,...HR_ROLES,svc,repo.findHrLmsExpiringCertifications,true
GET,/api/integration/hr-lms/stats,modules/integration/integration-extended-hr.controller.ts,64,getHrLmsStats,integration,"JwtAuthGuard, RolesGuard",false,...HR_ROLES,svc,repo.getHrLmsStats,true
GET,/api/integration/employee-rating/ratings/:year/:month,modules/integration/integration-extended-hr.controller.ts,73,getEmployeeRatingsByPeriod,integration,"JwtAuthGuard, RolesGuard",false,...HR_ROLES,svc,repo.findEmployeeRatings,true
GET,/api/integration/employee-rating/ratings,modules/integration/integration-extended-hr.controller.ts,85,getEmployeeRatings,integration,"JwtAuthGuard, RolesGuard",false,...HR_ROLES,svc,repo.findEmployeeRatings,true
GET,/api/integration/employee-rating/goals,modules/integration/integration-extended-hr.controller.ts,117,getEmployeeRatingGoals,integration,"JwtAuthGuard, RolesGuard",false,...HR_ROLES,svc,repo.findEmployeeRatingGoals,true
GET,/api/integration/employee-rating/stats,modules/integration/integration-extended-hr.controller.ts,136,getEmployeeRatingStats,integration,"JwtAuthGuard, RolesGuard",false,...HR_ROLES,svc,repo.getEmployeeRatingStats,true
GET,/api/integration/vendor-performance,modules/integration/integration-extended-hr.controller.ts,153,getVendorPerformance,integration,"JwtAuthGuard, RolesGuard",false,...VENDOR_ROLES,svc,repo.findVendorPerformance,true
GET,/api/integration/vendor-performance/spend-analysis,modules/integration/integration-extended-hr.controller.ts,162,getVendorSpendAnalysis,integration,"JwtAuthGuard, RolesGuard",false,...VENDOR_ROLES,svc,repo.findVendorSpendAnalysis,true
GET,/api/integration/pm-upcoming,modules/integration/integration-extended-hr.controller.ts,171,getPmUpcomingAlias,integration,"JwtAuthGuard, RolesGuard",false,'admin','super_admin','manager','director','warehouse','warehouse_manager',svc,mroRepo.findPmUpcoming,false
GET,/api/integration/mro/pm-upcoming,modules/integration/integration-extended-hr.controller.ts,188,getPmUpcoming,integration,"JwtAuthGuard, RolesGuard",false,'admin','super_admin','manager','director','warehouse','warehouse_manager',svc,repo.findPmUpcoming,true
GET,/api/integration/equipment,modules/integration/integration-extended.controller.ts,42,getEquipment,integration,"JwtAuthGuard, RolesGuard",false,...MRO_ROLES,svc,repo.findFlatEquipment,true
POST,/api/integration/equipment,modules/integration/integration-extended.controller.ts,52,createEquipment,integration,"JwtAuthGuard, RolesGuard",false,...ADMIN_ROLES,svc,repo.insertFlatEquipment,true
GET,/api/integration/requests,modules/integration/integration-extended.controller.ts,66,getFlatRequests,integration,"JwtAuthGuard, RolesGuard",false,...MRO_ROLES,svc,repo.findFlatRequests,true
POST,/api/integration/requests,modules/integration/integration-extended.controller.ts,76,createFlatRequest,integration,"JwtAuthGuard, RolesGuard",false,...ADMIN_ROLES,svc,repo.insertFlatRequest,true
GET,/api/integration/items,modules/integration/integration-extended.controller.ts,90,getFlatItems,integration,"JwtAuthGuard, RolesGuard",false,...MRO_ROLES,svc,repo.findFlatItems,true
POST,/api/integration/items,modules/integration/integration-extended.controller.ts,100,createFlatItem,integration,"JwtAuthGuard, RolesGuard",false,...ADMIN_ROLES,svc,repo.insertFlatItem,true
GET,/api/integration/stats,modules/integration/integration-extended.controller.ts,115,getFlatStats,integration,"JwtAuthGuard, RolesGuard",false,...ALL_ROLES,svc,repo.getFlatStats,true
GET,/api/integration/mro,modules/integration/integration-extended.controller.ts,124,getMroOverview,integration,"JwtAuthGuard, RolesGuard",false,...ALL_ROLES,svc,repo.getMroOverview,true
GET,/api/integration/shifts,modules/integration/integration-extended.controller.ts,133,getShifts,integration,"JwtAuthGuard, RolesGuard",false,...ALL_ROLES,svc,repo.findShifts,true
GET,/api/integration/expense/expense-requests/all,modules/integration/integration-extended.controller.ts,142,getAllExpenseRequests,integration,"JwtAuthGuard, RolesGuard",false,...ALL_ROLES,svc,repo.findExpenseRequests,true
GET,/api/integration/expense/expense-requests,modules/integration/integration-extended.controller.ts,151,getExpenseRequests,integration,"JwtAuthGuard, RolesGuard",false,...ALL_ROLES,svc,repo.findExpenseRequests,true
POST,/api/integration/expense/expense-requests,modules/integration/integration-extended.controller.ts,162,createExpenseRequest,integration,"JwtAuthGuard, RolesGuard",false,...ADMIN_ROLES,svc,repo.insertExpenseRequest,true
GET,/api/integration/expense/expense-stats,modules/integration/integration-extended.controller.ts,176,getExpenseStats,integration,"JwtAuthGuard, RolesGuard",false,...ALL_ROLES,svc,repo.getExpenseStats,true
GET,/api/integration/expense/advance-payments,modules/integration/integration-extended.controller.ts,194,getAdvancePayments,integration,"JwtAuthGuard, RolesGuard",false,...ALL_ROLES,svc,repo.findAdvancePayments,true
PUT,/api/integration/expense-requests/:id/approve,modules/integration/integration-extended.controller.ts,205,approveExpenseRequest,integration,"JwtAuthGuard, RolesGuard",false,...ADMIN_ROLES,svc,repo.approveExpenseRequest,true
GET,/api/integration/gl/stock-gl-postings,modules/integration/integration-extended.controller.ts,215,getGlPostings,integration,"JwtAuthGuard, RolesGuard",false,...FINANCE_ROLES,svc,repo.findGlPostings,true
GET,/api/integration/gl/stock-gl-postings/stats,modules/integration/integration-extended.controller.ts,224,getGlStats,integration,"JwtAuthGuard, RolesGuard",false,...FINANCE_ROLES,svc,repo.getGlPostingStats,true
GET,/api/integration/gl/gl-account-mapping,modules/integration/integration-extended.controller.ts,233,getGlAccountMapping,integration,"JwtAuthGuard, RolesGuard",false,...FINANCE_ROLES,svc,repo.findGlAccountMapping,true
GET,/api/integration/invoice/vendor-invoices,modules/integration/integration-extended.controller.ts,242,getVendorInvoices,integration,"JwtAuthGuard, RolesGuard",false,...FINANCE_ROLES,svc,repo.findVendorInvoices,true
GET,/api/integration/invoice/three-way-match/stats,modules/integration/integration-extended.controller.ts,251,getThreeWayMatchStats,integration,"JwtAuthGuard, RolesGuard",false,...FINANCE_ROLES,svc,repo.getThreeWayMatchStats,true
GET,/api/integration/invoice/three-way-match/results,modules/integration/integration-extended.controller.ts,260,getThreeWayMatchResults,integration,"JwtAuthGuard, RolesGuard",false,...FINANCE_ROLES,svc,repo.findThreeWayMatchResults,true
POST,/api/integration/invoice/three-way-match/:invoiceId,modules/integration/integration-extended.controller.ts,271,performThreeWayMatch,integration,"JwtAuthGuard, RolesGuard",false,...ADMIN_ROLES,svc,repo.performThreeWayMatch,true
GET,/api/integration/mro/items,modules/integration/integration-mro.controller.ts,43,getItems,integration,"JwtAuthGuard, RolesGuard",false,,svc,svc.getItems,true
POST,/api/integration/mro/items,modules/integration/integration-mro.controller.ts,52,createItem,integration,"JwtAuthGuard, RolesGuard",false,,svc,svc.createItem,true
GET,/api/integration/mro/requests,modules/integration/integration-mro.controller.ts,62,getRequests,integration,"JwtAuthGuard, RolesGuard",false,,svc,svc.getRequests,true
POST,/api/integration/mro/requests,modules/integration/integration-mro.controller.ts,71,createRequest,integration,"JwtAuthGuard, RolesGuard",false,,svc,svc.createRequest,true
GET,/api/integration/mro/equipment,modules/integration/integration-mro.controller.ts,81,getEquipment,integration,"JwtAuthGuard, RolesGuard",false,,svc,svc.getEquipment,true
GET,/api/integration/mro/stats,modules/integration/integration-mro.controller.ts,89,getStats,integration,"JwtAuthGuard, RolesGuard",false,,svc,svc.getStats,true
GET,/api/integration/mro/budgets,modules/integration/integration-mro.controller.ts,97,getBudgets,integration,"JwtAuthGuard, RolesGuard",false,,svc,svc.getBudgets,true
GET,/api/integration/mro/cleaning-schedules,modules/integration/integration-mro.controller.ts,105,getCleaningSchedules,integration,"JwtAuthGuard, RolesGuard",false,,svc,svc.getCleaningSchedules,true
GET,/api/integration/mro/utility-readings,modules/integration/integration-mro.controller.ts,113,getUtilityReadings,integration,"JwtAuthGuard, RolesGuard",false,,svc,svc.getUtilityReadings,true
GET,/api/integration/mro/facilities,modules/integration/integration-mro.controller.ts,121,getFacilities,integration,"JwtAuthGuard, RolesGuard",false,,svc,svc.getFacilities,true
PATCH,/api/integration/mro/:id/approve,modules/integration/integration-mro.controller.ts,131,approveMro,integration,"JwtAuthGuard, RolesGuard",false,,svc,svc.approveRequest,true
PUT,/api/integration/requests/:id/approve,modules/integration/integration-mro.controller.ts,150,approveRequest,integration,"JwtAuthGuard, RolesGuard",false,,svc,svc.approveRequest,true
GET,/api/sap/sales-orders,modules/integration/sap/sap.controller.ts,45,listSalesOrders,integration,"RolesGuard",false,,svc,svc.listSalesOrders,true
GET,/api/sap/sales-orders/:id,modules/integration/sap/sap.controller.ts,61,getSalesOrder,integration,"RolesGuard",false,,svc,svc.getSalesOrder,true
PUT,/api/sap/sales-orders/:id,modules/integration/sap/sap.controller.ts,74,updateSalesOrder,integration,"RolesGuard",false,,svc,svc.updateSalesOrder,true
POST,/api/sap/sales-orders,modules/integration/sap/sap.controller.ts,83,createSalesOrder,integration,"RolesGuard",false,,svc,svc.createSalesOrder,true
PATCH,/api/sap/sales-orders/:id,modules/integration/sap/sap.controller.ts,94,patchSalesOrder,integration,"RolesGuard",false,,svc,svc.updateSalesOrder,true
DELETE,/api/sap/sales-orders/:id,modules/integration/sap/sap.controller.ts,103,deleteSalesOrder,integration,"RolesGuard",false,,svc,svc.deleteSalesOrder,true
GET,/api/camera-ai/summary,modules/iot/presentation/camera-ai.controller.ts,39,getSummary,iot,"JwtAuthGuard, RolesGuard",false,...CAM_READ,svc,svc.getSummary,true
GET,/api/camera-ai/safety-trends,modules/iot/presentation/camera-ai.controller.ts,47,getSafetyTrends,iot,"JwtAuthGuard, RolesGuard",false,...CAM_READ,svc,svc.getSafetyTrends,true
GET,/api/camera-ai/quality-analysis,modules/iot/presentation/camera-ai.controller.ts,56,getQualityAnalysis,iot,"JwtAuthGuard, RolesGuard",false,...CAM_READ,svc,svc.getQualityAnalysis,true
GET,/api/camera-ai/productivity-scores,modules/iot/presentation/camera-ai.controller.ts,64,getProductivityScores,iot,"JwtAuthGuard, RolesGuard",false,...CAM_READ,svc,svc.getProductivityScores,true
GET,/api/camera-ai/machine-utilization,modules/iot/presentation/camera-ai.controller.ts,72,getMachineUtilization,iot,"JwtAuthGuard, RolesGuard",false,...CAM_READ,svc,svc.getMachineUtilization,true
GET,/api/camera-ai/anomaly-detection,modules/iot/presentation/camera-ai.controller.ts,80,getAnomalyDetection,iot,"JwtAuthGuard, RolesGuard",false,...CAM_READ,svc,svc.getAnomalyDetection,true
GET,/api/camera-ai/cameras,modules/iot/presentation/camera-ai.controller.ts,88,listCamerasAi,iot,"JwtAuthGuard, RolesGuard",false,...CAM_READ,svc,svc.listCamerasAi,true
GET,/api/camera-ai/cameras/:id/trigger-rules,modules/iot/presentation/camera-ai.controller.ts,97,getCameraTriggerRules,iot,"JwtAuthGuard, RolesGuard",false,...CAM_READ,svc,svc.getCameraTriggerRules,true
PUT,/api/camera-ai/cameras/:id/prompt,modules/iot/presentation/camera-ai.controller.ts,108,updateCameraPrompt,iot,"JwtAuthGuard, RolesGuard",false,...CAM_WRITE,svc,svc.updateCameraPrompt,true
PUT,/api/camera-ai/cameras/:id/trigger-rules,modules/iot/presentation/camera-ai.controller.ts,128,updateCameraTriggerRules,iot,"JwtAuthGuard, RolesGuard",false,...CAM_WRITE,svc,svc.updateCameraTriggerRulesFromBody,true
GET,/api/camera-alerts,modules/iot/presentation/camera-alerts.controller.ts,50,getAlerts,iot,"JwtAuthGuard, RolesGuard",false,...CAM_READ,svc,svc.getCameraAlerts,true
POST,/api/camera-alerts/:id/acknowledge,modules/iot/presentation/camera-alerts.controller.ts,61,acknowledge,iot,"JwtAuthGuard, RolesGuard",false,...CAM_WRITE,svc,svc.acknowledgeCameraAlert,true
POST,/api/camera-alerts/:id/resolve,modules/iot/presentation/camera-alerts.controller.ts,71,resolve,iot,"JwtAuthGuard, RolesGuard",false,...CAM_WRITE,svc,svc.resolveCameraAlert,true
PATCH,/api/camera-alerts/:id/acknowledge,modules/iot/presentation/camera-alerts.controller.ts,86,patchAcknowledge,iot,"JwtAuthGuard, RolesGuard",false,...CAM_WRITE,svc,svc.acknowledgeCameraAlert,true
PATCH,/api/camera-alerts/:id/resolve,modules/iot/presentation/camera-alerts.controller.ts,96,patchResolve,iot,"JwtAuthGuard, RolesGuard",false,...CAM_WRITE,svc,svc.resolveCameraAlert,true
GET,/api/camera-settings,modules/iot/presentation/camera-alerts.controller.ts,116,getSettings,iot,"JwtAuthGuard, RolesGuard",false,...CAM_READ,svc,svc.getCameraSettings,true
PUT,/api/camera-settings,modules/iot/presentation/camera-alerts.controller.ts,125,updateSettings,iot,"JwtAuthGuard, RolesGuard",false,...CAM_WRITE,svc,svc.updateCameraSettings,true
GET,/api/cameras,modules/iot/presentation/camera-alerts.controller.ts,142,list,iot,"JwtAuthGuard, RolesGuard",false,...CAM_READ,svc,svc.listAllCameras,true
GET,/api/cameras/:id,modules/iot/presentation/camera-alerts.controller.ts,154,getOne,iot,"JwtAuthGuard, RolesGuard",false,...CAM_READ,svc,svc.getCameraById,true
PATCH,/api/cameras/:id,modules/iot/presentation/camera-alerts.controller.ts,171,patchAi,iot,"JwtAuthGuard, RolesGuard",false,...CAM_WRITE,svc,svc.patchCameraAi,true
GET,/api/camera-employee-ratings,modules/iot/presentation/camera-alerts.controller.ts,191,getRatings,iot,"JwtAuthGuard, RolesGuard",false,...CAM_READ,svc,svc.getCameraEmployeeRatings,true
POST,/api/ai-camera/analyze-by-missions,modules/iot/presentation/camera-alerts.controller.ts,208,analyzeByMissions,iot,"JwtAuthGuard, RolesGuard",false,...CAM_WRITE,svc,svc.getDashboard,true
GET,/api/machine-status-current,modules/iot/presentation/camera-alerts.controller.ts,227,getCurrent,iot,"JwtAuthGuard, RolesGuard",false,...CAM_READ,svc,svc.getMachineStatusCurrent,true
GET,/api/machine-status-logs,modules/iot/presentation/camera-alerts.controller.ts,242,getLogs,iot,"JwtAuthGuard, RolesGuard",false,...CAM_READ,svc,svc.getMachineStatusLogs,true
GET,/api/safety-violations,modules/iot/presentation/camera-alerts.controller.ts,258,getViolations,iot,"JwtAuthGuard, RolesGuard",false,...CAM_READ,svc,svc.getSafetyViolations,true
GET,/api/employee-productivity,modules/iot/presentation/camera-alerts.controller.ts,274,getProductivity,iot,"JwtAuthGuard, RolesGuard",false,...CAM_READ,svc,svc.getEmployeeProductivity,true
GET,/api/quality-defects-camera,modules/iot/presentation/camera-alerts.controller.ts,290,getQualityDefects,iot,"JwtAuthGuard, RolesGuard",false,...CAM_READ,svc,svc.getQualityDefectsCamera,true
GET,/api/camera-dashboard/stats,modules/iot/presentation/camera-dashboard.controller.ts,37,getStats,iot,"",false,...CAM_READ,svc,svc.getStats,true
GET,/api/camera-dashboard/pending-alerts,modules/iot/presentation/camera-dashboard.controller.ts,45,getPendingAlerts,iot,"",false,...CAM_READ,svc,svc.getPendingAlerts,true
GET,/api/camera-dashboard/recent-events,modules/iot/presentation/camera-dashboard.controller.ts,54,getRecentEvents,iot,"",false,...CAM_READ,svc,svc.getRecentEvents,true
GET,/api/camera-dashboard/top-employees,modules/iot/presentation/camera-dashboard.controller.ts,63,getTopEmployees,iot,"",false,...CAM_READ,svc,svc.getTopEmployees,true
GET,/api/camera-dashboard/quality-stats,modules/iot/presentation/camera-dashboard.controller.ts,72,getQualityStats,iot,"",false,...CAM_READ,svc,svc.getQualityStats,true
GET,/api/camera-dashboard/attendance-stats,modules/iot/presentation/camera-dashboard.controller.ts,80,getAttendanceStats,iot,"",false,...CAM_READ,svc,svc.getAttendanceStats,false
GET,/api/camera-dashboard/production-stats,modules/iot/presentation/camera-dashboard.controller.ts,88,getProductionStats,iot,"",false,...CAM_READ,svc,svc.getProductionStats,false
GET,/api/camera-dashboard/safety-stats,modules/iot/presentation/camera-dashboard.controller.ts,96,getSafetyStats,iot,"",false,...CAM_READ,svc,svc.getSafetyStats,true
GET,/api/camera-dashboard/weekly-trend,modules/iot/presentation/camera-dashboard.controller.ts,104,getWeeklyTrend,iot,"",false,...CAM_READ,svc,svc.getWeeklyTrend,true
GET,/api/camera-heatmap/data,modules/iot/presentation/camera-heatmap-reports.controller.ts,34,getHeatmapData,iot,"JwtAuthGuard, RolesGuard",false,...CAM_READ,svc,svc.getHeatmapData,true
GET,/api/camera-heatmap/employees,modules/iot/presentation/camera-heatmap-reports.controller.ts,45,getHeatmapEmployees,iot,"JwtAuthGuard, RolesGuard",false,...CAM_READ,svc,svc.getHeatmapEmployees,true
GET,/api/camera-heatmap/employee,modules/iot/presentation/camera-heatmap-reports.controller.ts,54,getHeatmapEmployeeList,iot,"JwtAuthGuard, RolesGuard",false,...CAM_READ,svc,svc.getHeatmapEmployees,true
GET,/api/camera-heatmap/employee/:id,modules/iot/presentation/camera-heatmap-reports.controller.ts,64,getHeatmapEmployee,iot,"JwtAuthGuard, RolesGuard",false,...CAM_READ,svc,svc.getHeatmapEmployee,true
POST,/api/camera-reports/generate-pdf,modules/iot/presentation/camera-heatmap-reports.controller.ts,80,generatePdf,iot,"JwtAuthGuard, RolesGuard",false,...CAM_WRITE,svc,svc.generateReport,false
POST,/api/camera-reports/generate-excel,modules/iot/presentation/camera-heatmap-reports.controller.ts,91,generateExcel,iot,"JwtAuthGuard, RolesGuard",false,...CAM_WRITE,svc,svc.generateReport,false
GET,/api/camera-reports/generate-pdf,modules/iot/presentation/camera-heatmap-reports.controller.ts,101,downloadPdf,iot,"JwtAuthGuard, RolesGuard",false,...CAM_READ,real?,,false
GET,/api/camera-reports/generate-excel,modules/iot/presentation/camera-heatmap-reports.controller.ts,107,downloadExcel,iot,"JwtAuthGuard, RolesGuard",false,...CAM_READ,real?,,false
GET,/api/camera/recognition-stats,modules/iot/presentation/camera-recognition.controller.ts,33,getRecognitionStats,iot,"JwtAuthGuard, RolesGuard",false,...CAM_READ,svc,svc.getRecognitionStats,true
GET,/api/camera/recognition-logs,modules/iot/presentation/camera-recognition.controller.ts,41,getRecognitionLogs,iot,"JwtAuthGuard, RolesGuard",false,...CAM_READ,svc,svc.getRecognitionLogs,true
PATCH,/api/camera/recognition-logs/:id/flag,modules/iot/presentation/camera-recognition.controller.ts,52,flagLog,iot,"JwtAuthGuard, RolesGuard",false,...CAM_WRITE,svc,svc.flagRecognitionLog,true
PATCH,/api/camera/recognition-logs/:id/unflag,modules/iot/presentation/camera-recognition.controller.ts,63,unflagLog,iot,"JwtAuthGuard, RolesGuard",false,...CAM_WRITE,svc,svc.unflagRecognitionLog,true
POST,/api/camera/recognition-logs/:id/flag,modules/iot/presentation/camera-recognition.controller.ts,74,postFlagLog,iot,"JwtAuthGuard, RolesGuard",false,...CAM_WRITE,svc,svc.flagRecognitionLog,true
POST,/api/camera/recognition-logs/:id/unflag,modules/iot/presentation/camera-recognition.controller.ts,86,postUnflagLog,iot,"JwtAuthGuard, RolesGuard",false,...CAM_WRITE,svc,svc.unflagRecognitionLog,true
GET,/api/iot/alerts,modules/iot/presentation/iot-alerts.controller.ts,42,getAlerts,iot,"JwtAuthGuard, RolesGuard",false,,svc,svc.getAlerts,false
POST,/api/iot/alerts/:id/acknowledge,modules/iot/presentation/iot-alerts.controller.ts,52,acknowledgeAlert,iot,"JwtAuthGuard, RolesGuard",false,,svc,svc.acknowledgeAlert,false
GET,/api/iot/safety-violations,modules/iot/presentation/iot-alerts.controller.ts,57,getSafetyViolations,iot,"JwtAuthGuard, RolesGuard",false,...IOT_READ,svc,svc.getSafetyViolations,false
POST,/api/iot/alerts,modules/iot/presentation/iot-alerts.controller.ts,67,createAlert,iot,"JwtAuthGuard, RolesGuard",false,,svc,svc.acknowledgeAlert,false
PATCH,/api/iot/alerts/:id/acknowledge,modules/iot/presentation/iot-alerts.controller.ts,84,patchAcknowledgeAlert,iot,"JwtAuthGuard, RolesGuard",false,,svc,svc.acknowledgeAlert,false
GET,/api/camera/camera-events,modules/iot/presentation/iot-camera-events.controller.ts,46,listCameraEvents,iot,"",false,,svc,svc.listCameraEvents,false
POST,/api/camera/camera-events,modules/iot/presentation/iot-camera-events.controller.ts,55,createCameraEvent,iot,"RolesGuard",false,...MANAGER_ROLES,svc,svc.createCameraEvent,false
PATCH,/api/camera/camera-events/:id,modules/iot/presentation/iot-camera-events.controller.ts,77,updateCameraEvent,iot,"RolesGuard",false,...MANAGER_ROLES,svc,svc.updateCameraEvent,false
GET,/api/camera/safety-violations,modules/iot/presentation/iot-camera-events.controller.ts,87,listSafetyViolations,iot,"",false,,svc,svc.listSafetyViolations,false
POST,/api/camera/safety-violations,modules/iot/presentation/iot-camera-events.controller.ts,96,createSafetyViolation,iot,"RolesGuard",false,...MANAGER_ROLES,svc,svc.createSafetyViolation,false
GET,/api/camera/quality-defects-camera,modules/iot/presentation/iot-camera-events.controller.ts,114,listQualityDefects,iot,"",false,,svc,svc.listQualityDefects,false
POST,/api/camera/quality-defects-camera,modules/iot/presentation/iot-camera-events.controller.ts,122,createQualityDefect,iot,"RolesGuard",false,...MANAGER_ROLES,svc,svc.createQualityDefect,false
PATCH,/api/camera/quality-defects-camera/:id,modules/iot/presentation/iot-camera-events.controller.ts,141,updateQualityDefect,iot,"RolesGuard",false,...MANAGER_ROLES,svc,svc.updateQualityDefect,false
GET,/api/camera/cameras,modules/iot/presentation/iot-camera.controller.ts,50,listCameras,iot,"",false,,svc,svc.listCameras,false
GET,/api/camera/cameras/:id,modules/iot/presentation/iot-camera.controller.ts,58,getCamera,iot,"",false,,svc,svc.getCamera,false
POST,/api/camera/cameras,modules/iot/presentation/iot-camera.controller.ts,68,createCamera,iot,"RolesGuard",false,...MANAGER_ROLES,svc,svc.createCamera,false
PATCH,/api/camera/cameras/:id,modules/iot/presentation/iot-camera.controller.ts,88,updateCamera,iot,"RolesGuard",false,...MANAGER_ROLES,svc,svc.updateCamera,false
DELETE,/api/camera/cameras/:id,modules/iot/presentation/iot-camera.controller.ts,113,deleteCamera,iot,"RolesGuard",false,...MANAGER_ROLES,svc,svc.deleteCamera,false
GET,/api/camera/cameras/:cameraId/zones,modules/iot/presentation/iot-camera.controller.ts,124,getCameraZones,iot,"",false,,svc,svc.getCameraZones,false
POST,/api/camera/camera-zones,modules/iot/presentation/iot-camera.controller.ts,132,createCameraZone,iot,"RolesGuard",false,...MANAGER_ROLES,svc,svc.createCameraZone,false
GET,/api/iot/dashboard,modules/iot/presentation/iot-main.controller.ts,56,getDashboard,iot,"JwtAuthGuard, RolesGuard",false,,svc,svc.getDashboard,true
GET,/api/iot/attendance/live,modules/iot/presentation/iot-main.controller.ts,61,getAttendanceLive,iot,"JwtAuthGuard, RolesGuard",false,,svc,svc.getAttendanceLive,true
GET,/api/iot/room-inspections,modules/iot/presentation/iot-main.controller.ts,66,getRoomInspections,iot,"JwtAuthGuard, RolesGuard",false,,svc,svc.getRoomInspections,true
GET,/api/iot/employee-health,modules/iot/presentation/iot-main.controller.ts,74,getEmployeeHealth,iot,"JwtAuthGuard, RolesGuard",false,,svc,svc.getEmployeeHealth,true
GET,/api/iot/machine-status,modules/iot/presentation/iot-main.controller.ts,83,getMachineStatus,iot,"JwtAuthGuard, RolesGuard",false,,svc,svc.getMachineStatusCurrent,true
GET,/api/iot/machine-status-logs,modules/iot/presentation/iot-main.controller.ts,88,getMachineStatusLogs,iot,"JwtAuthGuard, RolesGuard",false,...IOT_READ,svc,svc.getMachineStatusLogs,true
GET,/api/iot/employee-productivity,modules/iot/presentation/iot-main.controller.ts,97,getEmployeeProductivity,iot,"JwtAuthGuard, RolesGuard",false,...IOT_READ,svc,svc.getEmployeeProductivity,false
GET,/api/iot/environment,modules/iot/presentation/iot-main.controller.ts,107,getEnvironment,iot,"JwtAuthGuard, RolesGuard",false,...IOT_READ,svc,svc.getEnvironmentData,false
GET,/api/iot/devices/:id/stats,modules/iot/presentation/iot-main.controller.ts,120,getDeviceStats,iot,"JwtAuthGuard, RolesGuard",false,...IOT_READ,svc,svc.getDeviceStats,false
GET,/api/iot/quality-defects,modules/iot/presentation/iot-main.controller.ts,128,getQualityDefects,iot,"JwtAuthGuard, RolesGuard",false,...IOT_READ,svc,svc.getQualityDefects,true
GET,/api/iot/recognition-stats,modules/iot/presentation/iot-main.controller.ts,137,getRecognitionStats,iot,"JwtAuthGuard, RolesGuard",false,...IOT_READ,svc,svc.getRecognitionStats,false
GET,/api/iot/energy-consumption,modules/iot/presentation/iot-main.controller.ts,145,getEnergyConsumption,iot,"JwtAuthGuard, RolesGuard",false,...IOT_READ,svc,svc.getEnvironmentData,false
GET,/api/iot/temperature,modules/iot/presentation/iot-main.controller.ts,154,getTemperature,iot,"JwtAuthGuard, RolesGuard",false,...IOT_READ,svc,svc.getEnvironmentData,false
GET,/api/iot/humidity,modules/iot/presentation/iot-main.controller.ts,162,getHumidity,iot,"JwtAuthGuard, RolesGuard",false,...IOT_READ,svc,svc.getEnvironmentData,false
GET,/api/iot/pressure,modules/iot/presentation/iot-main.controller.ts,170,getPressure,iot,"JwtAuthGuard, RolesGuard",false,...IOT_READ,svc,svc.getEnvironmentData,false
GET,/api/iot/vibration,modules/iot/presentation/iot-main.controller.ts,178,getVibration,iot,"JwtAuthGuard, RolesGuard",false,...IOT_READ,svc,svc.getEnvironmentData,false
GET,/api/iot/gas-levels,modules/iot/presentation/iot-main.controller.ts,189,getGasLevels,iot,"JwtAuthGuard, RolesGuard",false,...IOT_READ,svc,svc.getEnvironmentData,false
GET,/api/iot/noise-levels,modules/iot/presentation/iot-main.controller.ts,197,getNoiseLevels,iot,"JwtAuthGuard, RolesGuard",false,...IOT_READ,svc,svc.getEnvironmentData,false
GET,/api/iot/production-metrics,modules/iot/presentation/iot-main.controller.ts,206,getProductionMetrics,iot,"JwtAuthGuard, RolesGuard",false,...IOT_READ,svc,svc.getProductionMetrics,false
GET,/api/iot/oee,modules/iot/presentation/iot-main.controller.ts,214,getOee,iot,"JwtAuthGuard, RolesGuard",false,...IOT_READ,svc,svc.getOee,true
GET,/api/iot/downtime,modules/iot/presentation/iot-main.controller.ts,223,getDowntime,iot,"JwtAuthGuard, RolesGuard",false,...IOT_READ,svc,svc.getMachineStatusLogs,false
GET,/api/iot/shift-report,modules/iot/presentation/iot-main.controller.ts,232,getShiftReport,iot,"JwtAuthGuard, RolesGuard",false,...IOT_READ,svc,svc.getShiftReport,false
GET,/api/iot/maintenance-schedule,modules/iot/presentation/iot-main.controller.ts,241,getMaintenanceSchedule,iot,"JwtAuthGuard, RolesGuard",false,...IOT_READ,svc,svc.getMachineStatusCurrent,false
GET,/api/iot/sensors,modules/iot/presentation/iot-main.controller.ts,249,getSensorsList,iot,"JwtAuthGuard, RolesGuard",false,,svc,sensorsSvc.listSensors,true
GET,/api/iot/telemetry,modules/iot/presentation/iot-main.controller.ts,256,getTelemetry,iot,"JwtAuthGuard, RolesGuard",false,,svc,sensorsSvc.getDashboard,false
GET,/api/iot/live-dashboard/summary,modules/iot/presentation/iot-main.controller.ts,263,getLiveDashboardSummary,iot,"JwtAuthGuard, RolesGuard",false,,svc,svc.getDashboard,true
GET,/api/iot/downtime-reason-codes,modules/iot/presentation/iot-main.controller.ts,270,getDowntimeReasonCodes,iot,"JwtAuthGuard, RolesGuard",false,,real?,,true
PATCH,/api/iot/devices/:id,modules/iot/presentation/iot-main.controller.ts,284,patchDevice,iot,"JwtAuthGuard, RolesGuard",false,,real?,,false
GET,/api/iot/oee/live,modules/iot/presentation/iot-main.controller.ts,303,getOeeLive,iot,"JwtAuthGuard, RolesGuard",false,,real?,,true
GET,/api/iot-sensors/dashboard,modules/iot/presentation/iot-sensors-main.controller.ts,57,getDashboard,iot,"",false,...IOT_READ,svc,svc.getDashboard,true
GET,/api/iot-sensors/live,modules/iot/presentation/iot-sensors-main.controller.ts,65,getLive,iot,"",false,...IOT_READ,svc,svc.getLiveReadings,true
GET,/api/iot-sensors/alerts,modules/iot/presentation/iot-sensors-main.controller.ts,74,getAlerts,iot,"",false,...IOT_READ,svc,svc.getAlerts,true
GET,/api/iot-sensors/oee,modules/iot/presentation/iot-sensors-main.controller.ts,83,getOee,iot,"",false,...IOT_READ,svc,svc.getOee,true
GET,/api/iot-sensors,modules/iot/presentation/iot-sensors-main.controller.ts,92,listSensors,iot,"",false,...IOT_READ,svc,svc.listSensors,true
GET,/api/iot-sensors/trends,modules/iot/presentation/iot-sensors-main.controller.ts,101,getTrends,iot,"",false,...IOT_READ,svc,svc.getSensorTrends,true
GET,/api/iot-sensors/:id/history,modules/iot/presentation/iot-sensors-main.controller.ts,110,getSensorHistory,iot,"",false,...IOT_READ,svc,svc.getSensorHistory,true
GET,/api/iot-sensors/predictive-maintenance,modules/iot/presentation/iot-sensors-main.controller.ts,122,getPredictiveMaintenance,iot,"",false,...IOT_READ,real?,,true
PATCH,/api/iot-sensors/alerts/:alertId/resolve,modules/iot/presentation/iot-sensors-main.controller.ts,138,resolveAlert,iot,"",false,,svc,svc.createSensor,true
POST,/api/iot-sensors,modules/iot/presentation/iot-sensors-main.controller.ts,151,createSensor,iot,"",false,...IOT_READ,svc,svc.createSensor,true
POST,/api/iot-sensors/alerts/:alertId/resolve,modules/iot/presentation/iot-sensors-main.controller.ts,163,postResolveAlert,iot,"",false,...IOT_READ,real?,,true
GET,/api/iot/devices,modules/iot/presentation/iot-sensors.controller.ts,59,getDevices,iot,"RolesGuard",false,Role.OPERATOR,Role.TECHNOLOGIST,Role.SUPER_ADMIN,svc,queryBus.execute,false
GET,/api/iot/devices/:id,modules/iot/presentation/iot-sensors.controller.ts,74,getDevice,iot,"RolesGuard",false,Role.OPERATOR,Role.TECHNOLOGIST,Role.SUPER_ADMIN,svc,logger.log,false
POST,/api/iot/devices,modules/iot/presentation/iot-sensors.controller.ts,87,registerDevice,iot,"RolesGuard",false,Role.SUPER_ADMIN,svc,commandBus.execute,false
PATCH,/api/iot/devices/:id/thresholds,modules/iot/presentation/iot-sensors.controller.ts,108,updateThresholds,iot,"RolesGuard",false,Role.SUPER_ADMIN,svc,commandBus.execute,false
POST,/api/iot/devices/:id/readings,modules/iot/presentation/iot-sensors.controller.ts,123,recordReading,iot,"RolesGuard",false,Role.OPERATOR,Role.TECHNOLOGIST,Role.SUPER_ADMIN,svc,commandBus.execute,false
GET,/api/iot/devices/:id/readings,modules/iot/presentation/iot-sensors.controller.ts,136,getReadings,iot,"RolesGuard",false,Role.OPERATOR,Role.TECHNOLOGIST,Role.SUPER_ADMIN,svc,queryBus.execute,false
GET,/api/iot/anomalies,modules/iot/presentation/iot-sensors.controller.ts,155,getAnomalies,iot,"RolesGuard",false,Role.OPERATOR,Role.TECHNOLOGIST,Role.SUPER_ADMIN,svc,queryBus.execute,false
GET,/api/iot/sensors/:id/oee,modules/iot/presentation/iot-sensors.controller.ts,168,getOEE,iot,"RolesGuard",false,Role.OPERATOR,Role.TECHNOLOGIST,Role.SUPER_ADMIN,svc,logger.log,true
GET,/api/iot/tablet/orders,modules/iot/presentation/iot-tablet.controller.ts,68,getTabletOrders,iot,"JwtAuthGuard, RolesGuard|TabletTokenGuard",true,,svc,tabletSvc.getTabletOrders,true
GET,/api/iot/tablet/worker-schedule,modules/iot/presentation/iot-tablet.controller.ts,80,getTabletWorkerSchedule,iot,"JwtAuthGuard, RolesGuard|TabletTokenGuard",true,,svc,tabletSvc.getWorkerSchedule,true
GET,/api/iot/tablet/equipment,modules/iot/presentation/iot-tablet.controller.ts,92,getTabletEquipment,iot,"JwtAuthGuard, RolesGuard|TabletTokenGuard",true,,svc,tabletSvc.getTabletEquipment,true
GET,/api/iot/tablet/shift,modules/iot/presentation/iot-tablet.controller.ts,104,getTabletShift,iot,"JwtAuthGuard, RolesGuard",false,,real?,,true
GET,/api/iot/tablet/sessions,modules/iot/presentation/iot-tablet.controller.ts,117,getTabletSessions,iot,"JwtAuthGuard, RolesGuard",false,,real?,,true
POST,/api/iot/tablet/sessions,modules/iot/presentation/iot-tablet.controller.ts,128,createTabletSession,iot,"JwtAuthGuard, RolesGuard",false,,real?,,true
POST,/api/iot/tablet/login,modules/iot/presentation/iot-tablet.controller.ts,152,tabletLogin,iot,"JwtAuthGuard, RolesGuard",true,,svc,tabletSvc.login,true
POST,/api/iot/tablet/sos-alert,modules/iot/presentation/iot-tablet.controller.ts,163,tabletSosAlert,iot,"JwtAuthGuard, RolesGuard",true,,svc,tabletSvc.raiseSosAlert,true
POST,/api/iot/tablet/handover,modules/iot/presentation/iot-tablet.controller.ts,183,tabletHandover,iot,"JwtAuthGuard, RolesGuard",false,,real?,,true
POST,/api/iot/material-kit-items/:id/scan,modules/iot/presentation/iot-tablet.controller.ts,214,scanMaterialKitItem,iot,"JwtAuthGuard, RolesGuard",false,,real?,,true
PATCH,/api/iot/material-kit-items/:id/scan,modules/iot/presentation/iot-tablet.controller.ts,227,patchScanMaterialKitItem,iot,"JwtAuthGuard, RolesGuard",false,,real?,,true
GET,/api/iot/iot/production-sessions,modules/iot/presentation/iot-tablet.controller.ts,240,createProductionSession,iot,"JwtAuthGuard, RolesGuard",false,...IOT_READ,real?,,false
POST,/api/iot/production-sessions,modules/iot/presentation/iot-tablet.controller.ts,245,createProductionSession,iot,"JwtAuthGuard, RolesGuard",false,,real?,,true
GET,/api/iot/production-sessions/:id/crew,modules/iot/presentation/iot-tablet.controller.ts,270,getProductionSessionCrew,iot,"JwtAuthGuard, RolesGuard",false,,real?,,true
POST,/api/iot/production-sessions/:id/start,modules/iot/presentation/iot-tablet.controller.ts,282,startProductionSession,iot,"JwtAuthGuard, RolesGuard",false,,real?,,true
POST,/api/iot/production-sessions/:id/stop,modules/iot/presentation/iot-tablet.controller.ts,295,stopProductionSession,iot,"JwtAuthGuard, RolesGuard",false,,real?,,true
POST,/api/iot/production-sessions/:id/defect,modules/iot/presentation/iot-tablet.controller.ts,308,reportProductionDefect,iot,"JwtAuthGuard, RolesGuard",false,,real?,,true
POST,/api/iot/production-sessions/:id/evaluation,modules/iot/presentation/iot-tablet.controller.ts,332,submitProductionEvaluation,iot,"JwtAuthGuard, RolesGuard",false,,real?,,true
POST,/api/iot/production-sessions/:id/material-return,modules/iot/presentation/iot-tablet.controller.ts,363,submitMaterialReturn,iot,"JwtAuthGuard, RolesGuard",false,,real?,,true
POST,/api/iot/production-sessions/:id/inline-qc,modules/iot/presentation/iot-tablet.controller.ts,389,submitInlineQc,iot,"JwtAuthGuard, RolesGuard",false,,real?,,true
GET,/api/kanban/boards,modules/kanban/presentation/kanban-boards.controller.ts,51,getBoards,kanban,"JwtAuthGuard",false,,svc,boardsSvc.getBoards,true
GET,/api/kanban/boards/:boardId,modules/kanban/presentation/kanban-boards.controller.ts,63,getBoardById,kanban,"JwtAuthGuard",false,,svc,boardsSvc.getBoardById,true
POST,/api/kanban/boards,modules/kanban/presentation/kanban-boards.controller.ts,69,createBoard,kanban,"JwtAuthGuard",false,,svc,boardsSvc.createBoard,true
POST,/api/kanban/boards/:boardId/columns,modules/kanban/presentation/kanban-boards.controller.ts,79,addColumn,kanban,"JwtAuthGuard",false,,svc,boardsSvc.addColumn,true
PATCH,/api/kanban/boards/:boardId/columns/:columnId,modules/kanban/presentation/kanban-boards.controller.ts,87,updateColumn,kanban,"JwtAuthGuard",false,,svc,boardsSvc.updateColumn,true
DELETE,/api/kanban/boards/:boardId/columns/:columnId,modules/kanban/presentation/kanban-boards.controller.ts,98,deleteColumn,kanban,"JwtAuthGuard",false,,svc,boardsSvc.deleteColumn,true
POST,/api/kanban/boards/:boardId/cards,modules/kanban/presentation/kanban-boards.controller.ts,112,addCard,kanban,"JwtAuthGuard",false,,svc,boardsSvc.addCard,true
PUT,/api/kanban/cards/:id,modules/kanban/presentation/kanban-boards.controller.ts,120,updateCard,kanban,"JwtAuthGuard",false,,svc,boardsSvc.updateCard,true
PUT,/api/kanban/cards/:id/move,modules/kanban/presentation/kanban-boards.controller.ts,127,moveCard,kanban,"JwtAuthGuard",false,,svc,boardsSvc.moveCard,true
DELETE,/api/kanban/cards/:id,modules/kanban/presentation/kanban-boards.controller.ts,134,deleteCard,kanban,"JwtAuthGuard",false,,svc,boardsSvc.deleteCard,true
GET,/api/kanban/employees,modules/kanban/presentation/kanban-boards.controller.ts,145,getEmployees,kanban,"JwtAuthGuard",false,,svc,extSvc.getEmployees,true
GET,/api/kanban/notifications/unread-count,modules/kanban/presentation/kanban-boards.controller.ts,153,getUnreadCount,kanban,"JwtAuthGuard",false,,svc,extSvc.getUnreadCount,true
GET,/api/kanban/notifications,modules/kanban/presentation/kanban-boards.controller.ts,161,getNotifications,kanban,"JwtAuthGuard",false,,svc,extSvc.getNotifications,true
PUT,/api/kanban/notifications/read-all,modules/kanban/presentation/kanban-boards.controller.ts,177,readAllNotifications,kanban,"JwtAuthGuard",false,,svc,extSvc.markAllNotificationsRead,true
PUT,/api/kanban/notifications/:id/read,modules/kanban/presentation/kanban-boards.controller.ts,185,readNotification,kanban,"JwtAuthGuard",false,,svc,extSvc.markNotificationRead,true
GET,/api/kanban/templates,modules/kanban/presentation/kanban-boards.controller.ts,198,getTemplates,kanban,"JwtAuthGuard",false,,svc,extSvc.getTemplates,true
POST,/api/kanban/templates,modules/kanban/presentation/kanban-boards.controller.ts,204,createTemplate,kanban,"JwtAuthGuard",false,,svc,extSvc.createTemplate,true
PUT,/api/kanban/templates/:id,modules/kanban/presentation/kanban-boards.controller.ts,222,updateTemplate,kanban,"JwtAuthGuard",false,,svc,extSvc.updateTemplate,true
DELETE,/api/kanban/templates/:id,modules/kanban/presentation/kanban-boards.controller.ts,229,deleteTemplate,kanban,"JwtAuthGuard",false,,svc,extSvc.deleteTemplate,true
POST,/api/kanban/templates/:templateId/apply,modules/kanban/presentation/kanban-boards.controller.ts,237,applyTemplate,kanban,"JwtAuthGuard",false,,svc,extSvc.getTemplates,true
GET,/api/kanban/boards/:boardId/robots,modules/kanban/presentation/kanban-boards.controller.ts,275,getRobots,kanban,"JwtAuthGuard",false,,svc,extSvc.getRobotsByBoard,true
POST,/api/kanban/boards/:boardId/robots,modules/kanban/presentation/kanban-boards.controller.ts,281,createRobot,kanban,"JwtAuthGuard",false,,svc,extSvc.createRobot,true
GET,/api/kanban/cards/:id/results,modules/kanban/presentation/kanban-card-files.controller.ts,53,getCardResults,kanban,"JwtAuthGuard, RolesGuard",false,,svc,svc.getCardResults,true
POST,/api/kanban/cards/:id/results,modules/kanban/presentation/kanban-card-files.controller.ts,59,addCardResult,kanban,"JwtAuthGuard, RolesGuard",false,,svc,svc.createResult,true
GET,/api/kanban/results/:resultId/files,modules/kanban/presentation/kanban-card-files.controller.ts,73,getResultFiles,kanban,"JwtAuthGuard, RolesGuard",false,,svc,svc.getResultFiles,true
POST,/api/kanban/results/:resultId/files,modules/kanban/presentation/kanban-card-files.controller.ts,81,uploadResultFile,kanban,"JwtAuthGuard, RolesGuard",false,,real?,,true
DELETE,/api/kanban/result-files/:fileId,modules/kanban/presentation/kanban-card-files.controller.ts,131,deleteResultFile,kanban,"JwtAuthGuard, RolesGuard",false,,svc,svc.deleteResultFile,true
GET,/api/kanban/cards/:id/files,modules/kanban/presentation/kanban-card-files.controller.ts,141,getCardFiles,kanban,"JwtAuthGuard, RolesGuard",false,,svc,svc.getCardFiles,true
POST,/api/kanban/cards/:id/files,modules/kanban/presentation/kanban-card-files.controller.ts,147,uploadCardFile,kanban,"JwtAuthGuard, RolesGuard",false,,real?,,true
DELETE,/api/kanban/files/:fileId,modules/kanban/presentation/kanban-card-files.controller.ts,198,deleteFile,kanban,"JwtAuthGuard, RolesGuard",false,,svc,svc.deleteFile,true
GET,/api/kanban/cards/:id/time-entries,modules/kanban/presentation/kanban-card-files.controller.ts,208,getTimeEntries,kanban,"JwtAuthGuard, RolesGuard",false,,svc,svc.getTimeEntries,true
POST,/api/kanban/cards/:id/time-entries/start,modules/kanban/presentation/kanban-card-files.controller.ts,214,startTimeEntry,kanban,"JwtAuthGuard, RolesGuard",false,,svc,svc.startTimeTracking,true
POST,/api/kanban/cards/:id/time-entries/stop,modules/kanban/presentation/kanban-card-files.controller.ts,228,stopTimeEntry,kanban,"JwtAuthGuard, RolesGuard",false,,svc,svc.stopTimeTracking,true
GET,/api/kanban/boards/:boardId/cards,modules/kanban/presentation/kanban-cards.controller.ts,85,getBoardCards,kanban,"JwtAuthGuard, RolesGuard",false,,real?,,true
GET,/api/kanban/cards,modules/kanban/presentation/kanban-cards.controller.ts,100,getAllCards,kanban,"JwtAuthGuard, RolesGuard",false,,real?,,true
POST,/api/kanban/cards,modules/kanban/presentation/kanban-cards.controller.ts,118,createCardFlat,kanban,"JwtAuthGuard, RolesGuard",false,,svc,svc.createCardFlat,true
PATCH,/api/kanban/:id/assign,modules/kanban/presentation/kanban-cards.controller.ts,130,assignCard,kanban,"JwtAuthGuard, RolesGuard",false,,svc,svc.acceptCard,false
PUT,/api/kanban/cards/:id/accept,modules/kanban/presentation/kanban-cards.controller.ts,143,acceptCard,kanban,"JwtAuthGuard, RolesGuard",false,,svc,svc.acceptCard,true
PUT,/api/kanban/cards/:id/complete,modules/kanban/presentation/kanban-cards.controller.ts,154,completeCard,kanban,"JwtAuthGuard, RolesGuard",false,,svc,svc.completeCard,true
GET,/api/kanban/cards/:id/chat,modules/kanban/presentation/kanban-cards.controller.ts,171,getCardChat,kanban,"JwtAuthGuard, RolesGuard",false,,svc,svc.getCardComments,true
POST,/api/kanban/cards/:id/chat,modules/kanban/presentation/kanban-cards.controller.ts,177,postCardChat,kanban,"JwtAuthGuard, RolesGuard",false,,svc,svc.addComment,true
GET,/api/kanban/chat-messages/:id/files,modules/kanban/presentation/kanban-cards.controller.ts,191,getChatMessageFiles,kanban,"JwtAuthGuard, RolesGuard",false,,real?,,true
POST,/api/kanban/chat-messages/:id/files,modules/kanban/presentation/kanban-cards.controller.ts,204,attachChatMessageFile,kanban,"JwtAuthGuard, RolesGuard",false,,svc,svc.getCardTags,true
GET,/api/kanban/cards/:id/tags,modules/kanban/presentation/kanban-cards.controller.ts,227,getCardTags,kanban,"JwtAuthGuard, RolesGuard",false,,svc,svc.getCardTags,true
POST,/api/kanban/cards/:id/tags,modules/kanban/presentation/kanban-cards.controller.ts,233,addCardTag,kanban,"JwtAuthGuard, RolesGuard",false,,svc,svc.addTagToCard,true
DELETE,/api/kanban/cards/:id/tags/:tagId,modules/kanban/presentation/kanban-cards.controller.ts,245,removeCardTag,kanban,"JwtAuthGuard, RolesGuard",false,,svc,svc.removeTagFromCard,true
GET,/api/kanban/cards/:id/observers,modules/kanban/presentation/kanban-cards.controller.ts,255,getObservers,kanban,"JwtAuthGuard, RolesGuard",false,,svc,svc.getObservers,true
POST,/api/kanban/cards/:id/observers,modules/kanban/presentation/kanban-cards.controller.ts,261,addCardObserver,kanban,"JwtAuthGuard, RolesGuard",false,,svc,svc.addObserver,true
DELETE,/api/kanban/cards/:id/observers/:observerId,modules/kanban/presentation/kanban-cards.controller.ts,269,removeCardObserver,kanban,"JwtAuthGuard, RolesGuard",false,,svc,svc.removeObserver,true
GET,/api/kanban/cards/:id/co-executors,modules/kanban/presentation/kanban-cards.controller.ts,279,getCoExecutors,kanban,"JwtAuthGuard, RolesGuard",false,,svc,svc.getCoExecutors,true
POST,/api/kanban/cards/:id/co-executors,modules/kanban/presentation/kanban-cards.controller.ts,285,addCardCoExecutor,kanban,"JwtAuthGuard, RolesGuard",false,,svc,svc.addCoExecutor,true
DELETE,/api/kanban/cards/:id/co-executors/:coExecutorId,modules/kanban/presentation/kanban-cards.controller.ts,293,removeCardCoExecutor,kanban,"JwtAuthGuard, RolesGuard",false,,svc,svc.removeCoExecutor,true
GET,/api/kanban/cards/:id/checklists,modules/kanban/presentation/kanban-checklist.controller.ts,37,getChecklists,kanban,"JwtAuthGuard, RolesGuard",false,,svc,svc.getCardChecklists,true
POST,/api/kanban/cards/:id/checklists,modules/kanban/presentation/kanban-checklist.controller.ts,43,createChecklist,kanban,"JwtAuthGuard, RolesGuard",false,,svc,svc.createChecklist,true
PUT,/api/kanban/checklists/:checklistId,modules/kanban/presentation/kanban-checklist.controller.ts,52,updateChecklist,kanban,"JwtAuthGuard, RolesGuard",false,,svc,svc.updateChecklist,true
DELETE,/api/kanban/checklists/:checklistId,modules/kanban/presentation/kanban-checklist.controller.ts,60,deleteChecklist,kanban,"JwtAuthGuard, RolesGuard",false,,svc,svc.deleteChecklist,true
GET,/api/kanban/checklists/:id/items,modules/kanban/presentation/kanban-checklist.controller.ts,68,getChecklistItems,kanban,"JwtAuthGuard, RolesGuard",false,,svc,svc.getChecklistItems,true
POST,/api/kanban/checklists/:id/items,modules/kanban/presentation/kanban-checklist.controller.ts,74,createChecklistItem,kanban,"JwtAuthGuard, RolesGuard",false,,svc,svc.createChecklistItem,true
PUT,/api/kanban/checklists/:checklistId/items/:itemId,modules/kanban/presentation/kanban-checklist.controller.ts,83,updateChecklistItem,kanban,"JwtAuthGuard, RolesGuard",false,,svc,svc.updateChecklistItem,true
DELETE,/api/kanban/checklists/:checklistId/items/:itemId,modules/kanban/presentation/kanban-checklist.controller.ts,91,deleteChecklistItem,kanban,"JwtAuthGuard, RolesGuard",false,,svc,svc.deleteChecklistItem,true
PUT,/api/kanban/checklist-items/:itemId/toggle,modules/kanban/presentation/kanban-checklist.controller.ts,99,toggleChecklistItem,kanban,"JwtAuthGuard, RolesGuard",false,,svc,svc.toggleChecklistItem,true
GET,/api/kanban/cards/:id/comments,modules/kanban/presentation/kanban-checklist.controller.ts,107,getComments,kanban,"JwtAuthGuard, RolesGuard",false,,svc,svc.getCardComments,true
POST,/api/kanban/cards/:id/comments,modules/kanban/presentation/kanban-checklist.controller.ts,113,addComment,kanban,"JwtAuthGuard, RolesGuard",false,,svc,svc.addComment,true
GET,/api/kanban/cards/:id/watchers,modules/kanban/presentation/kanban-checklist.controller.ts,122,getWatchers,kanban,"JwtAuthGuard, RolesGuard",false,,svc,svc.getCardWatchers,true
POST,/api/kanban/cards/:id/watchers,modules/kanban/presentation/kanban-checklist.controller.ts,128,addWatcher,kanban,"JwtAuthGuard, RolesGuard",false,,svc,svc.addWatcher,true
GET,/api/kanban/sprint,modules/kanban/presentation/kanban-checklist.controller.ts,136,getSprintInfo,kanban,"JwtAuthGuard, RolesGuard",false,,svc,svc.getSprintInfo,false
GET,/api/kanban/cards/overdue,modules/kanban/presentation/kanban-checklist.controller.ts,142,getOverdueCards,kanban,"JwtAuthGuard, RolesGuard",false,,svc,svc.getOverdueCards,true
GET,/api/kanban/cards/by-employee/:employeeId,modules/kanban/presentation/kanban-checklist.controller.ts,148,getCardsByEmployee,kanban,"JwtAuthGuard, RolesGuard",false,,svc,svc.getCardsByEmployee,true
GET,/api/kanban/members,modules/kanban/presentation/kanban-checklist.controller.ts,154,getMembers,kanban,"JwtAuthGuard, RolesGuard",false,,svc,svc.getMembers,false
GET,/api/kanban/boards/:boardId/flows,modules/kanban/presentation/kanban-core.controller.ts,46,getFlows,kanban,"JwtAuthGuard, RolesGuard",false,,svc,svc.getFlowsByBoard,true
POST,/api/kanban/flows,modules/kanban/presentation/kanban-core.controller.ts,52,createFlow,kanban,"JwtAuthGuard, RolesGuard",false,,svc,svc.createFlow,true
GET,/api/kanban/flows/:id,modules/kanban/presentation/kanban-core.controller.ts,66,getFlow,kanban,"JwtAuthGuard, RolesGuard",false,,svc,svc.getFlowById,true
PUT,/api/kanban/flows/:id,modules/kanban/presentation/kanban-core.controller.ts,72,updateFlow,kanban,"JwtAuthGuard, RolesGuard",false,,svc,svc.updateFlow,true
DELETE,/api/kanban/flows/:id,modules/kanban/presentation/kanban-core.controller.ts,80,deleteFlow,kanban,"JwtAuthGuard, RolesGuard",false,,svc,svc.deleteFlow,true
GET,/api/kanban/robots/:id,modules/kanban/presentation/kanban-core.controller.ts,90,getRobot,kanban,"JwtAuthGuard, RolesGuard",false,,svc,svc.getRobotById,true
PUT,/api/kanban/robots/:id,modules/kanban/presentation/kanban-core.controller.ts,96,updateRobot,kanban,"JwtAuthGuard, RolesGuard",false,,svc,svc.updateRobot,true
DELETE,/api/kanban/robots/:id,modules/kanban/presentation/kanban-core.controller.ts,104,deleteRobot,kanban,"JwtAuthGuard, RolesGuard",false,,svc,svc.deleteRobot,true
PUT,/api/kanban/boards/:boardId,modules/kanban/presentation/kanban-core.controller.ts,114,updateBoard,kanban,"JwtAuthGuard, RolesGuard",false,,svc,svc.updateBoard,true
DELETE,/api/kanban/boards/:boardId,modules/kanban/presentation/kanban-core.controller.ts,122,deleteBoard,kanban,"JwtAuthGuard, RolesGuard",false,,svc,svc.deleteBoard,true
GET,/api/kanban/reports/employee-performance,modules/kanban/presentation/kanban-reports.controller.ts,54,getEmployeePerformance,kanban,"JwtAuthGuard, RolesGuard",false,,svc,svc.getEmployeePerformance,true
GET,/api/kanban/reports/productivity,modules/kanban/presentation/kanban-reports.controller.ts,60,getProductivityReport,kanban,"JwtAuthGuard, RolesGuard",false,,svc,svc.getProductivityReport,true
GET,/api/kanban/reports/overdue,modules/kanban/presentation/kanban-reports.controller.ts,66,getOverdueReport,kanban,"JwtAuthGuard, RolesGuard",false,,svc,svc.getOverdueReport,true
GET,/api/kanban/analytics/summary,modules/kanban/presentation/kanban-reports.controller.ts,72,getAnalyticsSummary,kanban,"JwtAuthGuard, RolesGuard",false,,svc,svc.getAnalyticsSummary,false
GET,/api/kanban/reports/export,modules/kanban/presentation/kanban-reports.controller.ts,78,exportReport,kanban,"JwtAuthGuard, RolesGuard",false,,svc,svc.getTaskStats,true
GET,/api/kanban/task-stats,modules/kanban/presentation/kanban-reports.controller.ts,210,getTaskStats,kanban,"JwtAuthGuard, RolesGuard",false,,svc,svc.getTaskStats,true
GET,/api/kanban/dashboard/team-metrics,modules/kanban/presentation/kanban-reports.controller.ts,216,getTeamMetrics,kanban,"JwtAuthGuard, RolesGuard",false,,svc,svc.getTeamMetrics,true
GET,/api/kanban/overdue-inbox,modules/kanban/presentation/kanban-reports.controller.ts,224,getOverdueInbox,kanban,"JwtAuthGuard, RolesGuard",false,,svc,svc.getOverdueInbox,true
GET,/api/kanban/projects,modules/kanban/presentation/kanban-reports.controller.ts,234,getProjects,kanban,"JwtAuthGuard, RolesGuard",false,,real?,,true
GET,/api/kanban,modules/kanban/presentation/kanban.controller.ts,57,getAll,kanban,"JwtAuthGuard, RolesGuard",false,Role.SUPER_ADMIN,Role.DIRECTOR,Role.SALES_MANAGER,Role.WAREHOUSE_MANAGER,svc,queryBus.execute,true
GET,/api/kanban/:id,modules/kanban/presentation/kanban.controller.ts,80,getById,kanban,"JwtAuthGuard, RolesGuard",false,Role.SUPER_ADMIN,Role.DIRECTOR,Role.SALES_MANAGER,Role.WAREHOUSE_MANAGER,svc,queryBus.execute,false
POST,/api/kanban,modules/kanban/presentation/kanban.controller.ts,92,create,kanban,"JwtAuthGuard, RolesGuard",false,Role.SUPER_ADMIN,Role.DIRECTOR,Role.SALES_MANAGER,Role.WAREHOUSE_MANAGER,svc,commandBus.execute,true
PATCH,/api/kanban/:id,modules/kanban/presentation/kanban.controller.ts,115,update,kanban,"JwtAuthGuard, RolesGuard",false,Role.SUPER_ADMIN,Role.DIRECTOR,Role.SALES_MANAGER,Role.WAREHOUSE_MANAGER,svc,commandBus.execute,false
DELETE,/api/kanban/:id,modules/kanban/presentation/kanban.controller.ts,142,delete,kanban,"JwtAuthGuard, RolesGuard",false,Role.SUPER_ADMIN,Role.DIRECTOR,Role.SALES_MANAGER,Role.WAREHOUSE_MANAGER,svc,commandBus.execute,false
GET,/api/courses/completion-trend/:lang,modules/lms/presentation/courses.controller.ts,44,completionTrendLang,lms,"JwtAuthGuard, RolesGuard",false,'HR_MANAGER','TRAINING_OFFICER','SUPER_ADMIN','DIRECTOR',svc,svc.completionTrend,true
GET,/api/courses/completion-trend,modules/lms/presentation/courses.controller.ts,53,completionTrend,lms,"JwtAuthGuard, RolesGuard",false,'HR_MANAGER','TRAINING_OFFICER','SUPER_ADMIN','DIRECTOR',svc,svc.completionTrend,true
GET,/api/courses,modules/lms/presentation/courses.controller.ts,62,listCourses,lms,"JwtAuthGuard, RolesGuard",false,'EMPLOYEE','HR_SPECIALIST','HR_MANAGER','TRAINING_OFFICER','SUPER_ADMIN','DIRECTOR',svc,svc.listCourses,true
POST,/api/courses,modules/lms/presentation/courses.controller.ts,79,createCourse,lms,"JwtAuthGuard, RolesGuard",false,'TRAINING_OFFICER','HR_MANAGER','SUPER_ADMIN','DIRECTOR',svc,svc.createCourse,true
GET,/api/courses/:id,modules/lms/presentation/courses.controller.ts,91,getCourse,lms,"JwtAuthGuard, RolesGuard",false,'EMPLOYEE','HR_SPECIALIST','HR_MANAGER','TRAINING_OFFICER','SUPER_ADMIN','DIRECTOR',svc,svc.getCourse,true
PUT,/api/courses/:id,modules/lms/presentation/courses.controller.ts,102,updateCourse,lms,"JwtAuthGuard, RolesGuard",false,'TRAINING_OFFICER','HR_MANAGER','SUPER_ADMIN','DIRECTOR',svc,svc.updateCourse,true
DELETE,/api/courses/:id,modules/lms/presentation/courses.controller.ts,115,deleteCourse,lms,"JwtAuthGuard, RolesGuard",false,'HR_MANAGER','SUPER_ADMIN','DIRECTOR',svc,svc.deleteCourse,true
PATCH,/api/courses/:id,modules/lms/presentation/courses.controller.ts,127,patchCourse,lms,"JwtAuthGuard, RolesGuard",false,'TRAINING_OFFICER','HR_MANAGER','SUPER_ADMIN','DIRECTOR',svc,svc.updateCourse,true
GET,/api/knowledge-base,modules/lms/presentation/knowledge-base.controller.ts,48,list,lms,"JwtAuthGuard, RolesGuard",false,...KB_ROLES,svc,svc.findAll,true
GET,/api/knowledge-base/:id,modules/lms/presentation/knowledge-base.controller.ts,60,findOne,lms,"JwtAuthGuard, RolesGuard",false,...KB_ROLES,svc,svc.findById,true
POST,/api/knowledge-base,modules/lms/presentation/knowledge-base.controller.ts,69,create,lms,"JwtAuthGuard, RolesGuard",false,...KB_ADMIN_ROLES,svc,svc.create,true
PUT,/api/knowledge-base/:id,modules/lms/presentation/knowledge-base.controller.ts,81,replace,lms,"JwtAuthGuard, RolesGuard",false,...KB_ADMIN_ROLES,svc,svc.update,true
PATCH,/api/knowledge-base/:id,modules/lms/presentation/knowledge-base.controller.ts,92,update,lms,"JwtAuthGuard, RolesGuard",false,...KB_ADMIN_ROLES,svc,svc.update,true
DELETE,/api/knowledge-base/:id,modules/lms/presentation/knowledge-base.controller.ts,103,remove,lms,"JwtAuthGuard, RolesGuard",false,...KB_ADMIN_ROLES,svc,svc.remove,true
POST,/api/knowledge-base/upload,modules/lms/presentation/knowledge-base.controller.ts,112,uploadFile,lms,"JwtAuthGuard, RolesGuard",false,...KB_ADMIN_ROLES,svc,svc.uploadFile,true
GET,/api/attempts/all,modules/lms/presentation/lms-attempts.controller.ts,44,getAllAttempts,lms,"JwtAuthGuard, RolesGuard",false,'HR_MANAGER','TRAINING_OFFICER','SUPER_ADMIN','DIRECTOR',svc,svc.listAttempts,true
GET,/api/attempts/retakes,modules/lms/presentation/lms-attempts.controller.ts,59,getRetakeAttempts,lms,"JwtAuthGuard, RolesGuard",false,'HR_MANAGER','TRAINING_OFFICER','SUPER_ADMIN','DIRECTOR',svc,svc.listRetakeAttempts,true
GET,/api/attempts,modules/lms/presentation/lms-attempts.controller.ts,68,listAttempts,lms,"JwtAuthGuard, RolesGuard",false,'EMPLOYEE','HR_SPECIALIST','HR_MANAGER','TRAINING_OFFICER','SUPER_ADMIN','DIRECTOR',svc,svc.listAttempts,true
POST,/api/attempts/:id/submit,modules/lms/presentation/lms-attempts.controller.ts,84,submitExam,lms,"JwtAuthGuard, RolesGuard",false,'EMPLOYEE','HR_SPECIALIST','SUPER_ADMIN',svc,examsService.submitExam,true
GET,/api/certificates/expiring,modules/lms/presentation/lms-certificates-standalone.controller.ts,47,getExpiringCertificates,lms,"JwtAuthGuard, RolesGuard",false,'HR_MANAGER','TRAINING_OFFICER','SUPER_ADMIN','DIRECTOR',svc,svc.getExpiringCertificates,true
GET,/api/certificates,modules/lms/presentation/lms-certificates-standalone.controller.ts,54,listCertificates,lms,"JwtAuthGuard, RolesGuard",false,'EMPLOYEE','HR_SPECIALIST','HR_MANAGER','TRAINING_OFFICER','SUPER_ADMIN','DIRECTOR',svc,svc.listCertificates,true
POST,/api/certificates,modules/lms/presentation/lms-certificates-standalone.controller.ts,67,createCertificate,lms,"JwtAuthGuard, RolesGuard",false,'TRAINING_OFFICER','HR_MANAGER','SUPER_ADMIN','DIRECTOR',svc,svc.createCertificate,true
GET,/api/certificates/:id,modules/lms/presentation/lms-certificates-standalone.controller.ts,76,getCertificateById,lms,"JwtAuthGuard, RolesGuard",false,'EMPLOYEE','HR_SPECIALIST','HR_MANAGER','TRAINING_OFFICER','SUPER_ADMIN','DIRECTOR',real?,,true
DELETE,/api/certificates/:id,modules/lms/presentation/lms-certificates-standalone.controller.ts,90,deleteCertificate,lms,"JwtAuthGuard, RolesGuard",false,'TRAINING_OFFICER','HR_MANAGER','SUPER_ADMIN','DIRECTOR',real?,,true
GET,/api/certificates/:id/download,modules/lms/presentation/lms-certificates-standalone.controller.ts,98,downloadCertificate,lms,"JwtAuthGuard, RolesGuard",false,'EMPLOYEE','HR_SPECIALIST','HR_MANAGER','TRAINING_OFFICER','SUPER_ADMIN','DIRECTOR',real?,,true
POST,/api/lms/certificates/issue,modules/lms/presentation/lms-certificates.controller.ts,55,issueCertificate,lms,"JwtAuthGuard, RolesGuard",false,'TRAINING_OFFICER','HR_MANAGER','SUPER_ADMIN',svc,logger.log,false
GET,/api/lms/certificates/operator/:operatorId,modules/lms/presentation/lms-certificates.controller.ts,79,getOperatorCertificates,lms,"JwtAuthGuard, RolesGuard",false,'TRAINING_OFFICER','HR_MANAGER','DIRECTOR','SUPER_ADMIN',svc,queryBus.execute,false
GET,/api/lms/certificates/:employeeId,modules/lms/presentation/lms-certificates.controller.ts,88,getEmployeeCertificates,lms,"JwtAuthGuard, RolesGuard",false,'EMPLOYEE','TRAINING_OFFICER','HR_MANAGER','SUPER_ADMIN','DIRECTOR',svc,lmsRepo.findCertificatesByEmployee,false
POST,/api/lms/certificates/:certificateId/revoke,modules/lms/presentation/lms-certificates.controller.ts,98,revokeCertificate,lms,"JwtAuthGuard, RolesGuard",false,'HR_MANAGER','DIRECTOR','SUPER_ADMIN',svc,logger.log,false
POST,/api/lms/certificates/check-mes,modules/lms/presentation/lms-certificates.controller.ts,110,checkCertForMes,lms,"JwtAuthGuard, RolesGuard",false,'EMPLOYEE','OPERATOR','HR_SPECIALIST','SUPER_ADMIN',svc,lmsRepo.checkOperatorCertForMes,false
GET,/api/lms/lessons/:id,modules/lms/presentation/lms-core.controller.ts,48,getLesson,lms,"JwtAuthGuard, RolesGuard",false,'EMPLOYEE','HR_SPECIALIST','HR_MANAGER','TRAINING_OFFICER','SUPER_ADMIN','DIRECTOR',svc,svc.getLesson,false
GET,/api/lms/exams,modules/lms/presentation/lms-core.controller.ts,57,listExams,lms,"JwtAuthGuard, RolesGuard",false,'EMPLOYEE','HR_SPECIALIST','HR_MANAGER','TRAINING_OFFICER','SUPER_ADMIN','DIRECTOR',svc,svc.listExams,true
POST,/api/lms/exams,modules/lms/presentation/lms-core.controller.ts,68,createExam,lms,"JwtAuthGuard, RolesGuard",false,'TRAINING_OFFICER','HR_MANAGER','SUPER_ADMIN','DIRECTOR',svc,svc.createExam,true
POST,/api/lms/exams/:id/submit,modules/lms/presentation/lms-core.controller.ts,80,submitExam,lms,"JwtAuthGuard, RolesGuard",false,'EMPLOYEE','HR_SPECIALIST','SUPER_ADMIN',svc,svc.submitExam,true
GET,/api/lms/recent-activity/:lang,modules/lms/presentation/lms-core.controller.ts,97,recentActivityLang,lms,"JwtAuthGuard, RolesGuard",false,'EMPLOYEE','HR_SPECIALIST','HR_MANAGER','TRAINING_OFFICER','SUPER_ADMIN','DIRECTOR',svc,svc.getRecentActivity,true
GET,/api/lms/recent-activity,modules/lms/presentation/lms-core.controller.ts,107,recentActivity,lms,"JwtAuthGuard, RolesGuard",false,'EMPLOYEE','HR_SPECIALIST','HR_MANAGER','TRAINING_OFFICER','SUPER_ADMIN','DIRECTOR',svc,svc.getRecentActivity,true
GET,/api/lms/progress/my,modules/lms/presentation/lms-core.controller.ts,117,myProgress,lms,"JwtAuthGuard, RolesGuard",false,'EMPLOYEE','HR_SPECIALIST','HR_MANAGER','TRAINING_OFFICER','SUPER_ADMIN','DIRECTOR',svc,svc.getMyProgress,true
POST,/api/lms/progress/complete,modules/lms/presentation/lms-core.controller.ts,128,completeCourse,lms,"JwtAuthGuard, RolesGuard",false,,svc,svc.completeCourse,true
POST,/api/lms/support/tickets,modules/lms/presentation/lms-core.controller.ts,146,createSupportTicket,lms,"JwtAuthGuard, RolesGuard",false,'EMPLOYEE','HR_SPECIALIST','HR_MANAGER','TRAINING_OFFICER','SUPER_ADMIN','DIRECTOR',real?,,true
GET,/api/lms/courses,modules/lms/presentation/lms-courses.controller.ts,60,listCourses,lms,"JwtAuthGuard, RolesGuard",false,'EMPLOYEE','HR_SPECIALIST','HR_MANAGER','TRAINING_OFFICER','SUPER_ADMIN','DIRECTOR',svc,queryBus.execute,false
GET,/api/lms/courses/:id,modules/lms/presentation/lms-courses.controller.ts,78,getCourse,lms,"JwtAuthGuard, RolesGuard",false,'EMPLOYEE','HR_SPECIALIST','HR_MANAGER','TRAINING_OFFICER','SUPER_ADMIN','DIRECTOR',svc,lmsRepo.findCourseById,false
POST,/api/lms/courses,modules/lms/presentation/lms-courses.controller.ts,87,createCourse,lms,"JwtAuthGuard, RolesGuard",false,'TRAINING_OFFICER','HR_MANAGER','DIRECTOR','SUPER_ADMIN',svc,logger.log,false
PATCH,/api/lms/courses/:id,modules/lms/presentation/lms-courses.controller.ts,113,patchCourse,lms,"JwtAuthGuard, RolesGuard",false,'TRAINING_OFFICER','HR_MANAGER','DIRECTOR','SUPER_ADMIN',real?,,false
DELETE,/api/lms/courses/:id,modules/lms/presentation/lms-courses.controller.ts,137,deleteCourse,lms,"JwtAuthGuard, RolesGuard",false,'TRAINING_OFFICER','HR_MANAGER','DIRECTOR','SUPER_ADMIN',svc,logger.log,false
POST,/api/lms/courses/enroll,modules/lms/presentation/lms-courses.controller.ts,150,enrollEmployee,lms,"JwtAuthGuard, RolesGuard",false,'TRAINING_OFFICER','HR_SPECIALIST','HR_MANAGER','SUPER_ADMIN',svc,logger.log,false
GET,/api/lms/enrollments,modules/lms/presentation/lms-enrollments.controller.ts,59,getEnrollments,lms,"JwtAuthGuard, RolesGuard",false,'HR_MANAGER','HR_SPECIALIST','TRAINING_OFFICER','SUPER_ADMIN','DIRECTOR',svc,lmsRepo.findEnrollmentsByUser,false
GET,/api/lms/enrollments/my,modules/lms/presentation/lms-enrollments.controller.ts,75,getMyEnrollments,lms,"JwtAuthGuard, RolesGuard",false,'EMPLOYEE','HR_SPECIALIST','HR_MANAGER','SUPER_ADMIN',svc,lmsRepo.findEnrollmentsByUser,false
POST,/api/lms/enrollments,modules/lms/presentation/lms-enrollments.controller.ts,92,enrollEmployee,lms,"JwtAuthGuard, RolesGuard",false,'HR_MANAGER','TRAINING_OFFICER','SUPER_ADMIN',svc,logger.log,false
PATCH,/api/lms/enrollments/:id/progress,modules/lms/presentation/lms-enrollments.controller.ts,113,updateProgress,lms,"JwtAuthGuard, RolesGuard",false,'EMPLOYEE','TRAINING_OFFICER','HR_MANAGER','SUPER_ADMIN',svc,lmsRepo.updateEnrollment,false
PATCH,/api/lms/enrollments/:id/complete,modules/lms/presentation/lms-enrollments.controller.ts,131,completeEnrollment,lms,"JwtAuthGuard, RolesGuard",false,'TRAINING_OFFICER','HR_MANAGER','SUPER_ADMIN',svc,logger.log,false
GET,/api/lms/enrollments/stats,modules/lms/presentation/lms-enrollments.controller.ts,147,getEnrollmentStats,lms,"JwtAuthGuard, RolesGuard",false,'HR_MANAGER','TRAINING_OFFICER','SUPER_ADMIN','DIRECTOR',svc,lmsRepo.findExpiringCertificates,false
GET,/api/lms/enrollments/expiring-certificates,modules/lms/presentation/lms-enrollments.controller.ts,162,getExpiringCertificates,lms,"JwtAuthGuard, RolesGuard",false,'HR_MANAGER','TRAINING_OFFICER','SUPER_ADMIN','DIRECTOR',svc,lmsRepo.findExpiringCertificates,false
GET,/api/lessons,modules/lms/presentation/lms-lessons.controller.ts,55,listLessons,lms,"JwtAuthGuard, RolesGuard",false,'EMPLOYEE','HR_SPECIALIST','HR_MANAGER','TRAINING_OFFICER','SUPER_ADMIN','DIRECTOR',svc,svc.listLessons,true
POST,/api/lessons,modules/lms/presentation/lms-lessons.controller.ts,65,createLesson,lms,"JwtAuthGuard, RolesGuard",false,'TRAINING_OFFICER','HR_MANAGER','SUPER_ADMIN','DIRECTOR',svc,svc.createLesson,true
GET,/api/lessons/:id,modules/lms/presentation/lms-lessons.controller.ts,77,getLesson,lms,"JwtAuthGuard, RolesGuard",false,'EMPLOYEE','HR_SPECIALIST','HR_MANAGER','TRAINING_OFFICER','SUPER_ADMIN','DIRECTOR',svc,svc.getLessonById,true
PUT,/api/lessons/:id,modules/lms/presentation/lms-lessons.controller.ts,88,updateLesson,lms,"JwtAuthGuard, RolesGuard",false,'TRAINING_OFFICER','HR_MANAGER','SUPER_ADMIN','DIRECTOR',svc,svc.updateLesson,true
PATCH,/api/lessons/:id,modules/lms/presentation/lms-lessons.controller.ts,101,patchLesson,lms,"JwtAuthGuard, RolesGuard",false,'TRAINING_OFFICER','HR_MANAGER','SUPER_ADMIN','DIRECTOR',svc,svc.updateLesson,true
DELETE,/api/lessons/:id,modules/lms/presentation/lms-lessons.controller.ts,114,deleteLesson,lms,"JwtAuthGuard, RolesGuard",false,'TRAINING_OFFICER','HR_MANAGER','SUPER_ADMIN','DIRECTOR',stub/dead,svc.deleteLesson,true
GET,/api/modules,modules/lms/presentation/lms-lessons.controller.ts,136,listModules,lms,"JwtAuthGuard, RolesGuard",false,'EMPLOYEE','HR_SPECIALIST','HR_MANAGER','TRAINING_OFFICER','SUPER_ADMIN','DIRECTOR',svc,lmsMiscService.listModules,true
POST,/api/modules,modules/lms/presentation/lms-lessons.controller.ts,145,createModule,lms,"JwtAuthGuard, RolesGuard",false,'TRAINING_OFFICER','HR_MANAGER','SUPER_ADMIN','DIRECTOR',svc,svc.createModule,true
GET,/api/modules/:id,modules/lms/presentation/lms-lessons.controller.ts,157,getModule,lms,"JwtAuthGuard, RolesGuard",false,'EMPLOYEE','HR_SPECIALIST','HR_MANAGER','TRAINING_OFFICER','SUPER_ADMIN','DIRECTOR',svc,svc.getModule,true
DELETE,/api/modules/:id,modules/lms/presentation/lms-lessons.controller.ts,166,deleteModule,lms,"JwtAuthGuard, RolesGuard",false,'TRAINING_OFFICER','HR_MANAGER','SUPER_ADMIN','DIRECTOR',real?,,true
GET,/api/micro-modules,modules/lms/presentation/lms-misc.controller.ts,51,listMicroModules,lms,"JwtAuthGuard, RolesGuard",false,'EMPLOYEE','HR_SPECIALIST','HR_MANAGER','TRAINING_OFFICER','SUPER_ADMIN','DIRECTOR',svc,svc.listMicroModules,true
POST,/api/micro-modules/:id/view,modules/lms/presentation/lms-misc.controller.ts,62,recordView,lms,"JwtAuthGuard, RolesGuard",false,'EMPLOYEE','HR_SPECIALIST','HR_MANAGER','SUPER_ADMIN',svc,svc.recordMicroModuleView,true
PATCH,/api/micro-modules/:id/view,modules/lms/presentation/lms-misc.controller.ts,75,patchRecordView,lms,"JwtAuthGuard, RolesGuard",false,'EMPLOYEE','HR_SPECIALIST','HR_MANAGER','SUPER_ADMIN',svc,svc.recordMicroModuleView,true
POST,/api/micro-modules,modules/lms/presentation/lms-misc.controller.ts,86,createMicroModule,lms,"JwtAuthGuard, RolesGuard",false,'TRAINING_OFFICER','HR_MANAGER','SUPER_ADMIN','DIRECTOR',real?,,true
GET,/api/lms-knowledge,modules/lms/presentation/lms-misc.controller.ts,119,listKnowledge,lms,"JwtAuthGuard, RolesGuard",false,'EMPLOYEE','HR_SPECIALIST','HR_MANAGER','TRAINING_OFFICER','SUPER_ADMIN','DIRECTOR',stub/dead,svc.listKnowledge,true
GET,/api/video-progress,modules/lms/presentation/lms-misc.controller.ts,137,listVideoProgress,lms,"JwtAuthGuard, RolesGuard",false,'EMPLOYEE','HR_SPECIALIST','HR_MANAGER','SUPER_ADMIN','DIRECTOR',svc,svc.listVideoProgress,true
POST,/api/video-progress,modules/lms/presentation/lms-misc.controller.ts,146,saveVideoProgress,lms,"JwtAuthGuard, RolesGuard",false,'EMPLOYEE','HR_SPECIALIST','HR_MANAGER','SUPER_ADMIN',svc,svc.saveVideoProgress,true
GET,/api/achievements,modules/lms/presentation/lms-misc.controller.ts,169,listAchievements,lms,"JwtAuthGuard, RolesGuard",false,'EMPLOYEE','HR_SPECIALIST','HR_MANAGER','TRAINING_OFFICER','SUPER_ADMIN','DIRECTOR',svc,svc.listAchievements,true
GET,/api/mentors,modules/lms/presentation/lms-misc.controller.ts,187,listMentors,lms,"JwtAuthGuard, RolesGuard",false,'EMPLOYEE','HR_SPECIALIST','HR_MANAGER','TRAINING_OFFICER','SUPER_ADMIN','DIRECTOR',svc,svc.listMentors,true
GET,/api/progress,modules/lms/presentation/lms-misc.controller.ts,204,listProgress,lms,"JwtAuthGuard, RolesGuard",false,'EMPLOYEE','HR_SPECIALIST','HR_MANAGER','TRAINING_OFFICER','SUPER_ADMIN','DIRECTOR',svc,svc.listAllProgress,true
GET,/api/progress/user/:id,modules/lms/presentation/lms-misc.controller.ts,212,getUserProgress,lms,"JwtAuthGuard, RolesGuard",false,'EMPLOYEE','HR_SPECIALIST','HR_MANAGER','TRAINING_OFFICER','SUPER_ADMIN','DIRECTOR',svc,svc.getProgressByUser,true
GET,/api/progress/summary,modules/lms/presentation/lms-misc.controller.ts,220,getProgressSummary,lms,"JwtAuthGuard, RolesGuard",false,'EMPLOYEE','HR_SPECIALIST','HR_MANAGER','TRAINING_OFFICER','SUPER_ADMIN','DIRECTOR',real?,,true
GET,/api/tests,modules/lms/presentation/lms-tests.controller.ts,41,listTests,lms,"JwtAuthGuard, RolesGuard",false,'EMPLOYEE','HR_SPECIALIST','HR_MANAGER','TRAINING_OFFICER','SUPER_ADMIN','DIRECTOR',svc,svc.listTests,true
POST,/api/tests,modules/lms/presentation/lms-tests.controller.ts,48,createTest,lms,"JwtAuthGuard, RolesGuard",false,'TRAINING_OFFICER','HR_MANAGER','SUPER_ADMIN','DIRECTOR',svc,svc.createTest,true
GET,/api/tests/:id,modules/lms/presentation/lms-tests.controller.ts,57,getTest,lms,"JwtAuthGuard, RolesGuard",false,'EMPLOYEE','HR_SPECIALIST','HR_MANAGER','TRAINING_OFFICER','SUPER_ADMIN','DIRECTOR',svc,svc.getTest,true
PUT,/api/tests/:id,modules/lms/presentation/lms-tests.controller.ts,64,updateTest,lms,"JwtAuthGuard, RolesGuard",false,'TRAINING_OFFICER','HR_MANAGER','SUPER_ADMIN','DIRECTOR',svc,svc.updateTest,true
DELETE,/api/tests/:id,modules/lms/presentation/lms-tests.controller.ts,73,deleteTest,lms,"JwtAuthGuard, RolesGuard",false,'TRAINING_OFFICER','HR_MANAGER','SUPER_ADMIN','DIRECTOR',svc,svc.deleteTest,true
GET,/api/questions,modules/lms/presentation/lms-tests.controller.ts,89,listQuestions,lms,"JwtAuthGuard, RolesGuard",false,'EMPLOYEE','HR_SPECIALIST','HR_MANAGER','TRAINING_OFFICER','SUPER_ADMIN','DIRECTOR',svc,svc.listQuestions,true
POST,/api/questions,modules/lms/presentation/lms-tests.controller.ts,96,createQuestion,lms,"JwtAuthGuard, RolesGuard",false,'TRAINING_OFFICER','HR_MANAGER','SUPER_ADMIN','DIRECTOR',svc,svc.createQuestion,true
GET,/api/questions/:questionId,modules/lms/presentation/lms-tests.controller.ts,105,getQuestion,lms,"JwtAuthGuard, RolesGuard",false,'EMPLOYEE','HR_SPECIALIST','HR_MANAGER','TRAINING_OFFICER','SUPER_ADMIN','DIRECTOR',svc,svc.getQuestion,true
PUT,/api/questions/:questionId,modules/lms/presentation/lms-tests.controller.ts,112,updateQuestion,lms,"JwtAuthGuard, RolesGuard",false,'TRAINING_OFFICER','HR_MANAGER','SUPER_ADMIN','DIRECTOR',svc,svc.updateQuestion,true
DELETE,/api/questions/:questionId,modules/lms/presentation/lms-tests.controller.ts,121,deleteQuestion,lms,"JwtAuthGuard, RolesGuard",false,'TRAINING_OFFICER','HR_MANAGER','SUPER_ADMIN','DIRECTOR',svc,svc.deleteQuestion,true
POST,/api/assignments,modules/lms/presentation/lms-tests.controller.ts,137,createAssignment,lms,"JwtAuthGuard, RolesGuard",false,'TRAINING_OFFICER','HR_MANAGER','SUPER_ADMIN','DIRECTOR',svc,svc.createAssignment,true
GET,/api/logistics,modules/logistics/presentation/logistics.controller.ts,62,getAll,logistics,"RolesGuard",false,Role.SUPER_ADMIN,Role.DIRECTOR,Role.WAREHOUSE_MANAGER,svc,queryBus.execute,false
GET,/api/logistics/:id,modules/logistics/presentation/logistics.controller.ts,85,getById,logistics,"RolesGuard",false,Role.SUPER_ADMIN,Role.DIRECTOR,Role.WAREHOUSE_MANAGER,svc,deliveryRepo.findById,false
POST,/api/logistics,modules/logistics/presentation/logistics.controller.ts,96,dispatchDelivery,logistics,"RolesGuard",false,Role.SUPER_ADMIN,Role.DIRECTOR,Role.WAREHOUSE_MANAGER,svc,commandBus.execute,false
PATCH,/api/logistics/:id/assign-driver,modules/logistics/presentation/logistics.controller.ts,112,assignDriver,logistics,"RolesGuard",false,Role.SUPER_ADMIN,Role.DIRECTOR,svc,commandBus.execute,false
PATCH,/api/logistics/:id/complete,modules/logistics/presentation/logistics.controller.ts,129,completeDelivery,logistics,"RolesGuard",false,Role.SUPER_ADMIN,Role.DIRECTOR,svc,logger.log,false
POST,/api/marketing/content/ai-generate,modules/marketing/presentation/marketing-analytics-stubs.controller.ts,107,aiGenerateContent,marketing,"JwtAuthGuard, RolesGuard",false,,svc,svc.getNpsStats,true
GET,/api/marketing/nps/stats,modules/marketing/presentation/marketing-analytics-stubs.controller.ts,124,getNpsStats,marketing,"JwtAuthGuard, RolesGuard",false,'super_admin','marketing_manager','director',svc,svc.getNpsStats,true
GET,/api/marketing/nps/monthly,modules/marketing/presentation/marketing-analytics-stubs.controller.ts,130,getNpsMonthly,marketing,"JwtAuthGuard, RolesGuard",false,'super_admin','marketing_manager','director',svc,svc.getNpsStats,true
GET,/api/marketing/nps,modules/marketing/presentation/marketing-analytics-stubs.controller.ts,138,getNps,marketing,"JwtAuthGuard, RolesGuard",false,'super_admin','marketing_manager','director',svc,svc.getNps,true
POST,/api/marketing/nps,modules/marketing/presentation/marketing-analytics-stubs.controller.ts,144,createNpsResponse,marketing,"JwtAuthGuard, RolesGuard",false,'super_admin','marketing_manager','director','manager',svc,svc.getChurnRisk,true
GET,/api/marketing/churn-risk/ai-signal,modules/marketing/presentation/marketing-analytics-stubs.controller.ts,166,getChurnRiskAiSignal,marketing,"JwtAuthGuard, RolesGuard",false,'super_admin','marketing_manager','director',svc,svc.getChurnRisk,true
GET,/api/marketing/churn-risk,modules/marketing/presentation/marketing-analytics-stubs.controller.ts,172,getChurnRisk,marketing,"JwtAuthGuard, RolesGuard",false,'super_admin','marketing_manager','director',svc,svc.getChurnRisk,true
POST,/api/marketing/churn-risk/ai-signal,modules/marketing/presentation/marketing-analytics-stubs.controller.ts,178,postChurnRiskAiSignal,marketing,"JwtAuthGuard, RolesGuard",false,,svc,svc.getHotLeads,true
GET,/api/marketing/ai/hot-leads,modules/marketing/presentation/marketing-analytics-stubs.controller.ts,198,getAiHotLeads,marketing,"JwtAuthGuard, RolesGuard",false,'super_admin','marketing_manager','director','sales_manager',svc,svc.getHotLeads,true
GET,/api/marketing/ai-assistant,modules/marketing/presentation/marketing-analytics-stubs.controller.ts,204,getAiAssistant,marketing,"JwtAuthGuard, RolesGuard",false,,real?,,true
POST,/api/marketing/ai-assistant,modules/marketing/presentation/marketing-analytics-stubs.controller.ts,215,postAiAssistant,marketing,"JwtAuthGuard, RolesGuard",false,,svc,svc.getLeadsSourcesSummary,true
GET,/api/marketing/leads/sources/summary,modules/marketing/presentation/marketing-analytics-stubs.controller.ts,236,getLeadsSourcesSummary,marketing,"JwtAuthGuard, RolesGuard",false,'super_admin','marketing_manager','director',svc,svc.getLeadsSourcesSummary,true
GET,/api/marketing/leads/automation/overdue-leads,modules/marketing/presentation/marketing-analytics-stubs.controller.ts,242,getAutomationOverdueLeads,marketing,"JwtAuthGuard, RolesGuard",false,'super_admin','marketing_manager','director',svc,svc.getOverdueLeads,true
POST,/api/marketing/leads/recalculate-scores,modules/marketing/presentation/marketing-analytics-stubs.controller.ts,248,recalculateLeadScores,marketing,"JwtAuthGuard, RolesGuard",false,,real?,,true
POST,/api/marketing/leads/:id/convert-to-crm,modules/marketing/presentation/marketing-analytics-stubs.controller.ts,270,convertLeadToCrm,marketing,"JwtAuthGuard, RolesGuard",false,,real?,,true
GET,/api/marketing/inbox/stats,modules/marketing/presentation/marketing-analytics-stubs.controller.ts,302,getInboxStats,marketing,"JwtAuthGuard, RolesGuard",false,'super_admin','marketing_manager','director',svc,svc.getInboxStats,true
GET,/api/marketing/inbox/conversations,modules/marketing/presentation/marketing-analytics-stubs.controller.ts,308,getInboxConversations,marketing,"JwtAuthGuard, RolesGuard",false,,real?,,true
GET,/api/marketing/inbox/conversations/:id/messages,modules/marketing/presentation/marketing-analytics-stubs.controller.ts,320,getConversationMessages,marketing,"JwtAuthGuard, RolesGuard",false,,real?,,true
POST,/api/marketing/inbox/conversations/:id/reply,modules/marketing/presentation/marketing-analytics-stubs.controller.ts,332,replyToConversation,marketing,"JwtAuthGuard, RolesGuard",false,,real?,,true
POST,/api/marketing/inbox/ai-reply/:id,modules/marketing/presentation/marketing-analytics-stubs.controller.ts,351,aiReplyToConversation,marketing,"JwtAuthGuard, RolesGuard",false,,real?,,true
PATCH,/api/marketing/inbox/conversations/:id/status,modules/marketing/presentation/marketing-analytics-stubs.controller.ts,369,updateConversationStatus,marketing,"JwtAuthGuard, RolesGuard",false,,real?,,true
GET,/api/marketing/ab-tests,modules/marketing/presentation/marketing-analytics-stubs.controller.ts,379,getAbTests,marketing,"JwtAuthGuard, RolesGuard",false,,real?,,true
GET,/api/marketing/exhibitions,modules/marketing/presentation/marketing-analytics-stubs.controller.ts,385,getExhibitions,marketing,"JwtAuthGuard, RolesGuard",false,,real?,,true
GET,/api/marketing/exhibitions/:id,modules/marketing/presentation/marketing-analytics-stubs.controller.ts,393,getExhibitionById,marketing,"JwtAuthGuard, RolesGuard",false,,real?,,true
GET,/api/marketing/exhibitions/:id/leads,modules/marketing/presentation/marketing-analytics-stubs.controller.ts,402,getExhibitionLeads,marketing,"JwtAuthGuard, RolesGuard",false,,real?,,true
GET,/api/marketing/exhibitions/:id/qr,modules/marketing/presentation/marketing-analytics-stubs.controller.ts,410,getExhibitionQr,marketing,"JwtAuthGuard, RolesGuard",false,,real?,,true
POST,/api/marketing/exhibitions,modules/marketing/presentation/marketing-analytics-stubs.controller.ts,419,createExhibition,marketing,"JwtAuthGuard, RolesGuard",false,,real?,,true
POST,/api/marketing/exhibitions/:id/leads,modules/marketing/presentation/marketing-analytics-stubs.controller.ts,439,createExhibitionLead,marketing,"JwtAuthGuard, RolesGuard",false,,real?,,true
POST,/api/marketing/exhibitions/:id/qr,modules/marketing/presentation/marketing-analytics-stubs.controller.ts,461,generateExhibitionQr,marketing,"JwtAuthGuard, RolesGuard",false,,real?,,true
PATCH,/api/marketing/exhibitions/:id,modules/marketing/presentation/marketing-analytics-stubs.controller.ts,470,updateExhibition,marketing,"JwtAuthGuard, RolesGuard",false,,real?,,true
DELETE,/api/marketing/exhibitions/:id,modules/marketing/presentation/marketing-analytics-stubs.controller.ts,501,deleteExhibition,marketing,"JwtAuthGuard, RolesGuard",false,,real?,,true
GET,/api/marketing/pr,modules/marketing/presentation/marketing-analytics-stubs.controller.ts,510,getPr,marketing,"JwtAuthGuard, RolesGuard",false,,real?,,true
GET,/api/marketing/pr/:id,modules/marketing/presentation/marketing-analytics-stubs.controller.ts,519,getPrById,marketing,"JwtAuthGuard, RolesGuard",false,,real?,,true
POST,/api/marketing/pr,modules/marketing/presentation/marketing-analytics-stubs.controller.ts,528,createPr,marketing,"JwtAuthGuard, RolesGuard",false,,real?,,true
PATCH,/api/marketing/pr/:id,modules/marketing/presentation/marketing-analytics-stubs.controller.ts,544,updatePr,marketing,"JwtAuthGuard, RolesGuard",false,,real?,,true
DELETE,/api/marketing/pr/:id,modules/marketing/presentation/marketing-analytics-stubs.controller.ts,564,deletePr,marketing,"JwtAuthGuard, RolesGuard",false,,real?,,true
GET,/api/marketing/settings,modules/marketing/presentation/marketing-analytics-stubs.controller.ts,573,getSettings,marketing,"JwtAuthGuard, RolesGuard",false,,real?,,true
GET,/api/marketing/settings/social-api,modules/marketing/presentation/marketing-analytics-stubs.controller.ts,578,getSocialApiSettings,marketing,"JwtAuthGuard, RolesGuard",false,,real?,,true
POST,/api/marketing/settings,modules/marketing/presentation/marketing-analytics-stubs.controller.ts,584,saveSettings,marketing,"JwtAuthGuard, RolesGuard",false,,real?,,true
POST,/api/marketing/settings/social-api,modules/marketing/presentation/marketing-analytics-stubs.controller.ts,597,createSocialApiSetting,marketing,"JwtAuthGuard, RolesGuard",false,,real?,,true
DELETE,/api/marketing/settings/social-api/:id,modules/marketing/presentation/marketing-analytics-stubs.controller.ts,615,deleteSocialApiSetting,marketing,"JwtAuthGuard, RolesGuard",false,,real?,,true
PATCH,/api/marketing/settings/social-api/:id,modules/marketing/presentation/marketing-analytics-stubs.controller.ts,621,patchSocialApiSetting,marketing,"JwtAuthGuard, RolesGuard",false,,real?,,true
POST,/api/marketing/settings/setup-telegram-webhook,modules/marketing/presentation/marketing-analytics-stubs.controller.ts,635,setupTelegramWebhook,marketing,"JwtAuthGuard, RolesGuard",false,,real?,,true
PATCH,/api/marketing/settings/:id,modules/marketing/presentation/marketing-analytics-stubs.controller.ts,648,patchSettingById,marketing,"JwtAuthGuard, RolesGuard",false,,real?,,true
PATCH,/api/marketing/website/blog/:id/publish,modules/marketing/presentation/marketing-analytics-stubs.controller.ts,658,patchPublishBlogPost,marketing,"JwtAuthGuard, RolesGuard",false,,real?,,true
POST,/api/marketing/website/blog/ai-generate,modules/marketing/presentation/marketing-analytics-stubs.controller.ts,666,aiGenerateBlogPost,marketing,"JwtAuthGuard, RolesGuard",false,,real?,,true
GET,/api/marketing,modules/marketing/presentation/marketing-analytics-stubs.controller.ts,687,getMarketingOverview,marketing,"JwtAuthGuard, RolesGuard",false,,real?,,true
GET,/api/marketing/social/posts,modules/marketing/presentation/marketing-analytics.controller.ts,58,getSocialPosts,marketing,"JwtAuthGuard, RolesGuard",false,,svc,svc.getSocialPosts,false
POST,/api/marketing/social/posts,modules/marketing/presentation/marketing-analytics.controller.ts,64,createSocialPost,marketing,"JwtAuthGuard, RolesGuard",false,,svc,svc.createSocialPost,false
PUT,/api/marketing/social/posts/:id,modules/marketing/presentation/marketing-analytics.controller.ts,73,updateSocialPost,marketing,"JwtAuthGuard, RolesGuard",false,,svc,svc.updateSocialPost,false
DELETE,/api/marketing/social/posts/:id,modules/marketing/presentation/marketing-analytics.controller.ts,81,deleteSocialPost,marketing,"JwtAuthGuard, RolesGuard",false,,svc,svc.deleteSocialPost,false
GET,/api/marketing/leads,modules/marketing/presentation/marketing-analytics.controller.ts,89,getLeads,marketing,"JwtAuthGuard, RolesGuard",false,,svc,leadsSvc.findAll,true
POST,/api/marketing/leads,modules/marketing/presentation/marketing-analytics.controller.ts,95,createLead,marketing,"JwtAuthGuard, RolesGuard",false,,svc,leadsSvc.create,true
GET,/api/marketing/leads/:id,modules/marketing/presentation/marketing-analytics.controller.ts,104,getLead,marketing,"JwtAuthGuard, RolesGuard",false,,svc,leadsSvc.findOne,true
PUT,/api/marketing/leads/:id,modules/marketing/presentation/marketing-analytics.controller.ts,110,updateLead,marketing,"JwtAuthGuard, RolesGuard",false,,svc,leadsSvc.update,true
PATCH,/api/marketing/leads/:id/status,modules/marketing/presentation/marketing-analytics.controller.ts,118,updateLeadStatus,marketing,"JwtAuthGuard, RolesGuard",false,,svc,leadsSvc.update,true
PATCH,/api/marketing/leads/:id,modules/marketing/presentation/marketing-analytics.controller.ts,126,patchLead,marketing,"JwtAuthGuard, RolesGuard",false,'super_admin','marketing_manager','director','sales_manager',svc,leadsSvc.update,true
GET,/api/marketing/email/templates,modules/marketing/presentation/marketing-analytics.controller.ts,138,getEmailTemplates,marketing,"JwtAuthGuard, RolesGuard",false,,svc,svc.getEmailTemplates,false
POST,/api/marketing/email/templates,modules/marketing/presentation/marketing-analytics.controller.ts,144,createEmailTemplate,marketing,"JwtAuthGuard, RolesGuard",false,,svc,svc.createEmailTemplate,false
PUT,/api/marketing/email/templates/:id,modules/marketing/presentation/marketing-analytics.controller.ts,153,updateEmailTemplate,marketing,"JwtAuthGuard, RolesGuard",false,,svc,svc.updateEmailTemplate,false
DELETE,/api/marketing/email/templates/:id,modules/marketing/presentation/marketing-analytics.controller.ts,161,deleteEmailTemplate,marketing,"JwtAuthGuard, RolesGuard",false,,svc,svc.deleteEmailTemplate,false
GET,/api/marketing/analytics/overview,modules/marketing/presentation/marketing-analytics.controller.ts,169,getAnalyticsOverview,marketing,"JwtAuthGuard, RolesGuard",false,,svc,svc.getAnalyticsOverview,false
GET,/api/marketing/analytics/campaigns,modules/marketing/presentation/marketing-analytics.controller.ts,175,getCampaignAnalytics,marketing,"JwtAuthGuard, RolesGuard",false,,svc,svc.getCampaignAnalytics,false
GET,/api/marketing/analytics/audience,modules/marketing/presentation/marketing-analytics.controller.ts,181,getAudienceAnalytics,marketing,"JwtAuthGuard, RolesGuard",false,,svc,svc.getLeadsBySource,false
GET,/api/marketing/analytics/conversion,modules/marketing/presentation/marketing-analytics.controller.ts,187,getConversionAnalytics,marketing,"JwtAuthGuard, RolesGuard",false,,svc,svc.getMarketingFunnel,false
GET,/api/marketing/funnel,modules/marketing/presentation/marketing-analytics.controller.ts,193,getMarketingFunnel,marketing,"JwtAuthGuard, RolesGuard",false,,svc,svc.getMarketingFunnel,true
GET,/api/marketing/reports,modules/marketing/presentation/marketing-analytics.controller.ts,199,getReports,marketing,"JwtAuthGuard, RolesGuard",false,,svc,svc.getCampaignAnalytics,false
GET,/api/marketing/reports/:id,modules/marketing/presentation/marketing-analytics.controller.ts,205,getReportById,marketing,"JwtAuthGuard, RolesGuard",false,,svc,svc.getCampaignStats,false
GET,/api/marketing/leads/loss-analysis,modules/marketing/presentation/marketing-analytics.controller.ts,211,getLeadsLossAnalysis,marketing,"JwtAuthGuard, RolesGuard",false,'super_admin','marketing_manager','director','sales_manager','manager',svc,leadsSvc.getLossAnalysis,true
GET,/api/marketing/campaigns/:id/stats,modules/marketing/presentation/marketing-content.controller.ts,34,getCampaignStats,marketing,"JwtAuthGuard, RolesGuard",false,,svc,svc.getCampaignStats,true
GET,/api/marketing/dashboard/stats,modules/marketing/presentation/marketing-content.controller.ts,40,getDashboardStats,marketing,"JwtAuthGuard, RolesGuard",false,,svc,svc.getDashboardStats,true
GET,/api/marketing/content/posts,modules/marketing/presentation/marketing-content.controller.ts,46,getContentPosts,marketing,"JwtAuthGuard, RolesGuard",false,,svc,svc.getContentPosts,true
POST,/api/marketing/content/posts,modules/marketing/presentation/marketing-content.controller.ts,52,createContentPost,marketing,"JwtAuthGuard, RolesGuard",false,,svc,svc.createContentPost,true
GET,/api/marketing/content/posts/:id,modules/marketing/presentation/marketing-content.controller.ts,61,getContentPost,marketing,"JwtAuthGuard, RolesGuard",false,,svc,svc.getContentPostById,true
PUT,/api/marketing/content/posts/:id,modules/marketing/presentation/marketing-content.controller.ts,67,updateContentPost,marketing,"JwtAuthGuard, RolesGuard",false,,svc,svc.updateContentPost,true
DELETE,/api/marketing/content/posts/:id,modules/marketing/presentation/marketing-content.controller.ts,75,deleteContentPost,marketing,"JwtAuthGuard, RolesGuard",false,,svc,svc.deleteContentPost,true
POST,/api/marketing/content/posts/:id/publish,modules/marketing/presentation/marketing-content.controller.ts,83,publishContentPost,marketing,"JwtAuthGuard, RolesGuard",false,,svc,svc.publishContentPost,true
GET,/api/marketing/content/calendar,modules/marketing/presentation/marketing-content.controller.ts,91,getContentCalendar,marketing,"JwtAuthGuard, RolesGuard",false,,svc,svc.getContentCalendar,false
GET,/api/marketing/content/analytics,modules/marketing/presentation/marketing-content.controller.ts,97,getContentAnalytics,marketing,"JwtAuthGuard, RolesGuard",false,,svc,svc.getContentAnalytics,false
GET,/api/marketing/social/accounts,modules/marketing/presentation/marketing-content.controller.ts,103,getSocialAccounts,marketing,"JwtAuthGuard, RolesGuard",false,,svc,svc.getSocialAccounts,false
POST,/api/marketing/social/accounts,modules/marketing/presentation/marketing-content.controller.ts,109,createSocialAccount,marketing,"JwtAuthGuard, RolesGuard",false,,svc,svc.createSocialAccount,false
DELETE,/api/marketing/social/accounts/:id,modules/marketing/presentation/marketing-content.controller.ts,118,deleteSocialAccount,marketing,"JwtAuthGuard, RolesGuard",false,,svc,svc.deleteSocialAccount,false
PATCH,/api/marketing/content/posts/:id,modules/marketing/presentation/marketing-content.controller.ts,126,patchContentPost,marketing,"JwtAuthGuard, RolesGuard",false,,svc,svc.updateContentPost,true
GET,/api/marketing/website/blog,modules/marketing/presentation/marketing-group2.controller.ts,88,getBlogPosts,marketing,"JwtAuthGuard, RolesGuard",false,'super_admin','marketing_manager','director',svc,svc.getBlogPosts,true
POST,/api/marketing/website/blog,modules/marketing/presentation/marketing-group2.controller.ts,104,createBlogPost,marketing,"JwtAuthGuard, RolesGuard",false,'super_admin','marketing_manager',svc,svc.createBlogPost,true
PATCH,/api/marketing/website/blog/:id,modules/marketing/presentation/marketing-group2.controller.ts,114,updateBlogPost,marketing,"JwtAuthGuard, RolesGuard",false,'super_admin','marketing_manager',svc,svc.updateBlogPost,true
POST,/api/marketing/website/blog/:id/publish,modules/marketing/presentation/marketing-group2.controller.ts,123,publishBlogPost,marketing,"JwtAuthGuard, RolesGuard",false,'super_admin','marketing_manager',svc,svc.publishBlogPost,true
DELETE,/api/marketing/website/blog/:id,modules/marketing/presentation/marketing-group2.controller.ts,132,deleteBlogPost,marketing,"JwtAuthGuard, RolesGuard",false,'super_admin','marketing_manager',svc,svc.deleteBlogPost,true
GET,/api/marketing/budget,modules/marketing/presentation/marketing-group2.controller.ts,143,getBudget,marketing,"JwtAuthGuard, RolesGuard",false,'super_admin','marketing_manager','director',svc,svc.getBudgetLines,true
GET,/api/marketing/budget/:id,modules/marketing/presentation/marketing-group2.controller.ts,157,getBudgetById,marketing,"JwtAuthGuard, RolesGuard",false,'super_admin','marketing_manager','director',svc,svc.getBudgetLineById,true
POST,/api/marketing/budget,modules/marketing/presentation/marketing-group2.controller.ts,165,createBudget,marketing,"JwtAuthGuard, RolesGuard",false,'super_admin','marketing_manager',svc,svc.createBudgetLine,true
PUT,/api/marketing/budget/:id,modules/marketing/presentation/marketing-group2.controller.ts,175,updateBudget,marketing,"JwtAuthGuard, RolesGuard",false,'super_admin','marketing_manager',svc,svc.updateBudgetLine,true
DELETE,/api/marketing/budget/:id,modules/marketing/presentation/marketing-group2.controller.ts,184,deleteBudget,marketing,"JwtAuthGuard, RolesGuard",false,'super_admin','marketing_manager',svc,svc.getCalendarEvents,true
GET,/api/marketing/calendar,modules/marketing/presentation/marketing-group2.controller.ts,195,getCalendar,marketing,"JwtAuthGuard, RolesGuard",false,'super_admin','marketing_manager','director',svc,svc.getCalendarEvents,true
GET,/api/marketing/calendar/:id,modules/marketing/presentation/marketing-group2.controller.ts,206,getCalendarById,marketing,"JwtAuthGuard, RolesGuard",false,'super_admin','marketing_manager','director',svc,svc.getCalendarEventById,true
POST,/api/marketing/calendar,modules/marketing/presentation/marketing-group2.controller.ts,214,createCalendarEvent,marketing,"JwtAuthGuard, RolesGuard",false,'super_admin','marketing_manager',svc,svc.createCalendarEvent,true
PATCH,/api/marketing/calendar/:id,modules/marketing/presentation/marketing-group2.controller.ts,224,updateCalendarEvent,marketing,"JwtAuthGuard, RolesGuard",false,'super_admin','marketing_manager',real?,,true
DELETE,/api/marketing/calendar/:id,modules/marketing/presentation/marketing-group2.controller.ts,252,deleteCalendarEvent,marketing,"JwtAuthGuard, RolesGuard",false,'super_admin','marketing_manager',svc,svc.getCompetitors,true
GET,/api/marketing/competitors,modules/marketing/presentation/marketing-group2.controller.ts,263,getCompetitors,marketing,"JwtAuthGuard, RolesGuard",false,'super_admin','marketing_manager','director',svc,svc.getCompetitors,true
GET,/api/marketing/leads/:id/contacts,modules/marketing/presentation/marketing-group2.controller.ts,273,getLeadContacts,marketing,"JwtAuthGuard, RolesGuard",false,'super_admin','marketing_manager','director','sales_manager',svc,svc.getLeadContacts,true
POST,/api/marketing/leads/:id/contacts,modules/marketing/presentation/marketing-group2.controller.ts,281,createLeadContact,marketing,"JwtAuthGuard, RolesGuard",false,'super_admin','marketing_manager','director','sales_manager',svc,svc.createLeadContact,true
DELETE,/api/marketing/leads/:id,modules/marketing/presentation/marketing-group2.controller.ts,291,deleteLead,marketing,"JwtAuthGuard, RolesGuard",false,'super_admin','marketing_manager','director',svc,svc.softDeleteLead,true
GET,/api/marketing/campaigns,modules/marketing/presentation/marketing.controller.ts,61,getAll,marketing,"JwtAuthGuard, RolesGuard",false,Role.SUPER_ADMIN,Role.DIRECTOR,Role.SALES_MANAGER,svc,campaignsSvc.findAll,true
GET,/api/marketing/campaigns/:id,modules/marketing/presentation/marketing.controller.ts,85,getById,marketing,"JwtAuthGuard, RolesGuard",false,Role.SUPER_ADMIN,Role.DIRECTOR,Role.SALES_MANAGER,svc,campaignsSvc.findOne,true
POST,/api/marketing/campaigns,modules/marketing/presentation/marketing.controller.ts,95,create,marketing,"JwtAuthGuard, RolesGuard",false,Role.SUPER_ADMIN,Role.DIRECTOR,Role.SALES_MANAGER,svc,campaignsSvc.create,true
PATCH,/api/marketing/campaigns/:id,modules/marketing/presentation/marketing.controller.ts,112,update,marketing,"JwtAuthGuard, RolesGuard",false,Role.SUPER_ADMIN,Role.DIRECTOR,Role.SALES_MANAGER,svc,campaignsSvc.update,true
DELETE,/api/marketing/campaigns/:id,modules/marketing/presentation/marketing.controller.ts,128,remove,marketing,"JwtAuthGuard, RolesGuard",false,Role.SUPER_ADMIN,Role.DIRECTOR,svc,campaignsSvc.remove,true
POST,/api/marketing/campaigns/:id/launch,modules/marketing/presentation/marketing.controller.ts,139,launch,marketing,"JwtAuthGuard, RolesGuard",false,Role.SUPER_ADMIN,Role.DIRECTOR,Role.SALES_MANAGER,svc,campaignsSvc.update,true
GET,/api/mes/maintenance-requests,modules/mes/presentation/mes-maintenance.controller.ts,45,listMaintenanceRequests,mes,"JwtAuthGuard",false,,svc,svc.listMaintenanceRequests,true
POST,/api/mes/maintenance-requests,modules/mes/presentation/mes-maintenance.controller.ts,53,createMaintenanceRequest,mes,"JwtAuthGuard",false,...MES_FLOOR_ROLES,svc,svc.createMaintenanceRequest,true
PATCH,/api/mes/maintenance-requests/:id,modules/mes/presentation/mes-maintenance.controller.ts,66,updateMaintenanceRequest,mes,"JwtAuthGuard",false,...MES_WRITE_ROLES,svc,svc.updateMaintenanceRequest,true
GET,/api/mes/tasks,modules/mes/presentation/mes-maintenance.controller.ts,78,listTasks,mes,"JwtAuthGuard",false,,svc,svc.listTasks,true
PATCH,/api/mes/tasks/:id/progress,modules/mes/presentation/mes-maintenance.controller.ts,87,updateTaskProgress,mes,"JwtAuthGuard",false,...MES_FLOOR_ROLES,svc,svc.updateTaskProgress,true
POST,/api/mes/sos,modules/mes/presentation/mes-maintenance.controller.ts,100,createSos,mes,"JwtAuthGuard",false,...MES_FLOOR_ROLES,svc,svc.createSos,true
GET,/api/mes/sos/history,modules/mes/presentation/mes-maintenance.controller.ts,111,getSosHistory,mes,"JwtAuthGuard",false,,svc,svc.getSosHistory,true
GET,/api/mes/downtime-reasons,modules/mes/presentation/mes-maintenance.controller.ts,118,getDowntimeReasons,mes,"JwtAuthGuard",false,,svc,svc.getDowntimeReasons,true
GET,/api/mes/downtime-events,modules/mes/presentation/mes-maintenance.controller.ts,125,listDowntimeEvents,mes,"JwtAuthGuard",false,,svc,svc.getDowntimeEvents,true
POST,/api/mes/downtime-events,modules/mes/presentation/mes-maintenance.controller.ts,133,createDowntimeEvent,mes,"JwtAuthGuard",false,...MES_FLOOR_ROLES,svc,svc.createDowntimeEvent,true
GET,/api/mes/downtime-events/:sessionId,modules/mes/presentation/mes-maintenance.controller.ts,145,getDowntimeEvents,mes,"JwtAuthGuard",false,,svc,svc.getDowntimeEvents,true
GET,/api/mes/operations,modules/mes/presentation/mes-operations.controller.ts,64,listSessions,mes,"RolesGuard",false,Role.SUPER_ADMIN,Role.PRODUCTION_MANAGER,Role.OPERATOR,svc,queryBus.execute,true
GET,/api/mes/operations/downtime,modules/mes/presentation/mes-operations.controller.ts,72,getDowntime,mes,"RolesGuard",false,Role.SUPER_ADMIN,Role.PRODUCTION_MANAGER,Role.OPERATOR,svc,logger.log,true
POST,/api/mes/operations/downtime,modules/mes/presentation/mes-operations.controller.ts,83,recordDowntime,mes,"RolesGuard",false,Role.SUPER_ADMIN,Role.PRODUCTION_MANAGER,Role.OPERATOR,svc,logger.log,true
PATCH,/api/mes/operations/downtime/:id/end,modules/mes/presentation/mes-operations.controller.ts,103,endDowntime,mes,"RolesGuard",false,Role.SUPER_ADMIN,Role.PRODUCTION_MANAGER,Role.OPERATOR,svc,logger.log,true
GET,/api/mes/operations/downtime/summary,modules/mes/presentation/mes-operations.controller.ts,114,getDowntimeSummary,mes,"RolesGuard",false,Role.SUPER_ADMIN,Role.PRODUCTION_MANAGER,svc,logger.log,true
GET,/api/mes/operations/reason-codes,modules/mes/presentation/mes-operations.controller.ts,126,getReasonCodes,mes,"RolesGuard",false,Role.SUPER_ADMIN,Role.PRODUCTION_MANAGER,Role.OPERATOR,svc,logger.log,false
GET,/api/mes/operations/oee,modules/mes/presentation/mes-operations.controller.ts,135,getOee,mes,"RolesGuard",false,Role.SUPER_ADMIN,Role.PRODUCTION_MANAGER,svc,logger.log,false
POST,/api/mes/operations/:sessionId/downtime,modules/mes/presentation/mes-operations.controller.ts,148,recordSessionDowntime,mes,"RolesGuard",false,Role.SUPER_ADMIN,Role.PRODUCTION_MANAGER,Role.OPERATOR,svc,logger.log,true
GET,/api/mes/production-sessions,modules/mes/presentation/mes-production-sessions.controller.ts,48,list,mes,"RolesGuard",false,,svc,svc.listSessions,true
POST,/api/mes/production-sessions,modules/mes/presentation/mes-production-sessions.controller.ts,60,create,mes,"RolesGuard",false,,svc,svc.createSession,true
GET,/api/mes/production-sessions/:sessionId,modules/mes/presentation/mes-production-sessions.controller.ts,69,getSession,mes,"RolesGuard",false,,svc,svc.getSession,true
POST,/api/mes/production-sessions/:sessionId/downtime,modules/mes/presentation/mes-production-sessions.controller.ts,77,recordDowntime,mes,"RolesGuard",false,,svc,svc.recordDowntimeForSession,true
GET,/api/mes/production-sessions/:sessionId/downtime-events,modules/mes/presentation/mes-production-sessions.controller.ts,89,listDowntimeEvents,mes,"RolesGuard",false,,svc,svc.listDowntimeEvents,true
GET,/api/mes/sessions,modules/mes/presentation/mes-sessions.controller.ts,51,listSessions,mes,"JwtAuthGuard, RolesGuard",false,Role.OPERATOR,Role.SUPER_ADMIN,Role.TECHNOLOGIST,svc,logger.log,true
GET,/api/mes/sessions/:id,modules/mes/presentation/mes-sessions.controller.ts,71,getSession,mes,"JwtAuthGuard, RolesGuard",false,Role.OPERATOR,Role.SUPER_ADMIN,Role.TECHNOLOGIST,svc,logger.log,true
POST,/api/mes/sessions,modules/mes/presentation/mes-sessions.controller.ts,82,createSession,mes,"JwtAuthGuard, RolesGuard",false,Role.OPERATOR,Role.SUPER_ADMIN,Role.TECHNOLOGIST,svc,logger.log,true
POST,/api/mes/sessions/:id/start,modules/mes/presentation/mes-sessions.controller.ts,96,startSession,mes,"JwtAuthGuard, RolesGuard",false,Role.OPERATOR,Role.TECHNOLOGIST,Role.SUPER_ADMIN,svc,commandBus.execute,true
POST,/api/mes/sessions/:id/complete,modules/mes/presentation/mes-sessions.controller.ts,112,completeSession,mes,"JwtAuthGuard, RolesGuard",false,Role.OPERATOR,Role.TECHNOLOGIST,Role.SUPER_ADMIN,svc,commandBus.execute,true
POST,/api/mes/sessions/:id/downtime,modules/mes/presentation/mes-sessions.controller.ts,124,recordDowntime,mes,"JwtAuthGuard, RolesGuard",false,Role.OPERATOR,Role.TECHNOLOGIST,Role.SUPER_ADMIN,svc,commandBus.execute,true
GET,/api/mes/shifts/current,modules/mes/presentation/mes-shifts-stats.controller.ts,40,getCurrentShift,mes,"",false,,svc,svc.getCurrentShift,true
POST,/api/mes/shifts/handover,modules/mes/presentation/mes-shifts-stats.controller.ts,48,shiftHandover,mes,"",false,...MES_WRITE_ROLES,svc,svc.shiftHandover,true
POST,/api/mes/shifts/close-evaluation,modules/mes/presentation/mes-shifts-stats.controller.ts,60,closeShiftEvaluation,mes,"",false,...MES_WRITE_ROLES,svc,svc.closeShiftEvaluation,true
GET,/api/mes/shifts/evaluations,modules/mes/presentation/mes-shifts-stats.controller.ts,71,getShiftEvaluations,mes,"RolesGuard",false,'shift_supervisor','production_manager','super_admin','director',svc,svc.getShiftEvaluations,false
GET,/api/mes/oee,modules/mes/presentation/mes-shifts-stats.controller.ts,80,getOee,mes,"",false,,svc,svc.getOee,true
GET,/api/mes/stats,modules/mes/presentation/mes-shifts-stats.controller.ts,87,getStats,mes,"",false,,svc,svc.getStats,true
GET,/api/mes/gamification/leaderboard,modules/mes/presentation/mes-shifts-stats.controller.ts,94,getGamificationLeaderboard,mes,"",false,,svc,svc.getGamificationLeaderboard,true
GET,/api/mes/papka-orders,modules/mes/presentation/mes-shifts-stats.controller.ts,101,getPapkaOrders,mes,"",false,,svc,svc.getPapkaOrders,false
PATCH,/api/mes/sessions/:id/pause,modules/mes/presentation/mes-shifts-stats.controller.ts,110,pauseSession,mes,"RolesGuard",false,...MES_FLOOR_ROLES,svc,svc.pauseSession,true
PATCH,/api/mes/sessions/:id/resume,modules/mes/presentation/mes-shifts-stats.controller.ts,124,resumeSession,mes,"RolesGuard",false,...MES_FLOOR_ROLES,svc,svc.resumeSession,true
PATCH,/api/mes/sessions/:id/quantity,modules/mes/presentation/mes-shifts-stats.controller.ts,138,updateSessionQuantity,mes,"",false,...MES_FLOOR_ROLES,svc,svc.updateSessionQuantity,true
POST,/api/mes/material-consumption,modules/mes/presentation/mes-shifts-stats.controller.ts,151,recordMaterialConsumption,mes,"",false,...MES_FLOOR_ROLES,svc,svc.recordMaterialConsumption,true
GET,/api/mes/orders,modules/mes/presentation/mes-shifts-stats.controller.ts,162,getOrders,mes,"",false,,svc,svc.getProductionOrders,false
GET,/api/mes/orders/:id,modules/mes/presentation/mes-shifts-stats.controller.ts,174,getOrderById,mes,"",false,,svc,svc.getProductionOrderById,false
GET,/api/mes/shifts,modules/mes/presentation/mes-shifts-stats.controller.ts,181,getShifts,mes,"",false,,svc,svc.getShifts,true
GET,/api/mes/maintenance,modules/mes/presentation/mes-shifts-stats.controller.ts,192,getMaintenance,mes,"",false,,svc,svc.getMaintenanceRequests,false
GET,/api/mm/dashboard,modules/mm/presentation/mm-dashboard.controller.ts,55,getDashboard,mm,"JwtAuthGuard, RolesGuard",false,...MM_READ,svc,logger.log,false
GET,/api/mm/vendor-ratings,modules/mm/presentation/mm-dashboard.controller.ts,64,getVendorRatings,mm,"JwtAuthGuard, RolesGuard",false,...MM_READ,svc,logger.log,false
GET,/api/mm/mrp-results,modules/mm/presentation/mm-dashboard.controller.ts,73,getMrpResults,mm,"JwtAuthGuard, RolesGuard",false,...MM_READ,svc,logger.log,false
POST,/api/mm/mrp-run,modules/mm/presentation/mm-dashboard.controller.ts,83,runMrp,mm,"JwtAuthGuard, RolesGuard",false,...MM_WRITE,svc,logger.log,false
GET,/api/mm/fleet/vehicles,modules/mm/presentation/mm-dashboard.controller.ts,93,getFleetVehicles,mm,"JwtAuthGuard, RolesGuard",false,...MM_READ,svc,logger.log,true
POST,/api/mm/fleet/vehicles,modules/mm/presentation/mm-dashboard.controller.ts,103,createFleetVehicle,mm,"JwtAuthGuard, RolesGuard",false,...MM_WRITE,svc,logger.log,true
GET,/api/mm/fleet/fuel-logs,modules/mm/presentation/mm-dashboard.controller.ts,113,getFuelLogs,mm,"JwtAuthGuard, RolesGuard",false,...MM_READ,svc,logger.log,true
POST,/api/mm/fleet/fuel-logs,modules/mm/presentation/mm-dashboard.controller.ts,123,createFuelLog,mm,"JwtAuthGuard, RolesGuard",false,...MM_WRITE,svc,logger.log,true
GET,/api/mm/supplier-performance,modules/mm/presentation/mm-dashboard.controller.ts,133,getSupplierPerformance,mm,"JwtAuthGuard, RolesGuard",false,...MM_READ,stub/dead,logger.log,true
GET,/api/mm/materials/:id/price-history,modules/mm/presentation/mm-dashboard.controller.ts,143,getPriceHistory,mm,"JwtAuthGuard, RolesGuard",false,...MM_READ,stub/dead,logger.log,true
GET,/api/mm/vendor-invoices,modules/mm/presentation/mm-dashboard.controller.ts,152,getVendorInvoices,mm,"JwtAuthGuard, RolesGuard",false,,stub/dead,,true
GET,/api/mm/vendor-invoices/:id,modules/mm/presentation/mm-dashboard.controller.ts,157,getVendorInvoiceById,mm,"JwtAuthGuard, RolesGuard",false,,stub/dead,,true
PATCH,/api/mm/vendor-invoices/:id/approve,modules/mm/presentation/mm-dashboard.controller.ts,162,approveVendorInvoice,mm,"JwtAuthGuard, RolesGuard",false,,stub/dead,,true
PATCH,/api/mm/vendor-invoices/:id/match,modules/mm/presentation/mm-dashboard.controller.ts,169,matchVendorInvoice,mm,"JwtAuthGuard, RolesGuard",false,,stub/dead,,true
POST,/api/mm/vendor-invoices/:id/payment,modules/mm/presentation/mm-dashboard.controller.ts,176,payVendorInvoice,mm,"JwtAuthGuard, RolesGuard",false,,stub/dead,,true
GET,/api/mm/three-way-match,modules/mm/presentation/mm-dashboard.controller.ts,183,getThreeWayMatch,mm,"JwtAuthGuard, RolesGuard",false,,stub/dead,,false
GET,/api/mm/3way-match/:invoiceId,modules/mm/presentation/mm-dashboard.controller.ts,188,get3wayMatch,mm,"JwtAuthGuard, RolesGuard",false,,stub/dead,,false
GET,/api/mm/fleet/maintenance,modules/mm/presentation/mm-dashboard.controller.ts,195,getFleetMaintenance,mm,"JwtAuthGuard, RolesGuard",false,,stub/dead,,true
GET,/api/mm/fleet/deliveries,modules/mm/presentation/mm-dashboard.controller.ts,200,getFleetDeliveries,mm,"JwtAuthGuard, RolesGuard",false,,stub/dead,,true
PATCH,/api/mm/fleet/deliveries/:id/status,modules/mm/presentation/mm-dashboard.controller.ts,205,updateFleetDeliveryStatus,mm,"JwtAuthGuard, RolesGuard",false,,stub/dead,,true
GET,/api/mm/vehicles/locations,modules/mm/presentation/mm-dashboard.controller.ts,212,getVehicleLocations,mm,"JwtAuthGuard, RolesGuard",false,,stub/dead,,true
GET,/api/mm/driver/expenses,modules/mm/presentation/mm-dashboard.controller.ts,217,getDriverExpenses,mm,"JwtAuthGuard, RolesGuard",false,,stub/dead,,true
GET,/api/mm/materials/:id/suppliers,modules/mm/presentation/mm-dashboard.controller.ts,222,getMaterialSuppliers,mm,"JwtAuthGuard, RolesGuard",false,,stub/dead,,true
POST,/api/mm/3way-match/:invoiceId,modules/mm/presentation/mm-dashboard.controller.ts,229,post3wayMatch,mm,"JwtAuthGuard, RolesGuard",false,,stub/dead,,false
POST,/api/mm/fleet/deliveries,modules/mm/presentation/mm-dashboard.controller.ts,236,createFleetDelivery,mm,"JwtAuthGuard, RolesGuard",false,,stub/dead,,true
POST,/api/mm/vendor-invoices/:id/match,modules/mm/presentation/mm-dashboard.controller.ts,243,postMatchVendorInvoice,mm,"JwtAuthGuard, RolesGuard",false,,stub/dead,,true
PATCH,/api/mm/vendor-invoices/:id/payment,modules/mm/presentation/mm-dashboard.controller.ts,250,patchPayVendorInvoice,mm,"JwtAuthGuard, RolesGuard",false,,real?,,true
POST,/api/mm/vendor-performance,modules/mm/presentation/mm-dashboard.controller.ts,257,createVendorPerformance,mm,"JwtAuthGuard, RolesGuard",false,...MM_WRITE,real?,,true
GET,/api/mm/goods-receipts,modules/mm/presentation/mm-goods.controller.ts,39,listGoodsReceipts,mm,"",false,,svc,svc.listGoodsReceipts,true
GET,/api/mm/goods-receipts/:id,modules/mm/presentation/mm-goods.controller.ts,47,getGoodsReceipt,mm,"",false,,svc,svc.getGoodsReceipt,true
POST,/api/mm/goods-receipts,modules/mm/presentation/mm-goods.controller.ts,59,createGoodsReceipt,mm,"",false,...MM_WRITE_ROLES,svc,svc.createGoodsReceipt,true
PATCH,/api/mm/goods-receipts/:id,modules/mm/presentation/mm-goods.controller.ts,71,updateGoodsReceipt,mm,"",false,...MM_WRITE_ROLES,svc,svc.updateGoodsReceipt,true
DELETE,/api/mm/goods-receipts/:id,modules/mm/presentation/mm-goods.controller.ts,86,deleteGoodsReceipt,mm,"RolesGuard",false,...MM_WRITE_ROLES,svc,svc.deleteGoodsReceipt,true
GET,/api/mm/goods-issues,modules/mm/presentation/mm-goods.controller.ts,96,listGoodsIssues,mm,"",false,,svc,svc.listGoodsIssues,false
GET,/api/mm/goods-issues/:id,modules/mm/presentation/mm-goods.controller.ts,104,getGoodsIssue,mm,"",false,,svc,svc.getGoodsIssue,false
POST,/api/mm/goods-issues,modules/mm/presentation/mm-goods.controller.ts,116,createGoodsIssue,mm,"",false,...MM_WRITE_ROLES,svc,svc.createGoodsIssue,false
PATCH,/api/mm/goods-issues/:id,modules/mm/presentation/mm-goods.controller.ts,127,updateGoodsIssue,mm,"",false,...MM_WRITE_ROLES,svc,svc.updateGoodsIssue,false
DELETE,/api/mm/goods-issues/:id,modules/mm/presentation/mm-goods.controller.ts,142,deleteGoodsIssue,mm,"RolesGuard",false,...MM_WRITE_ROLES,svc,svc.deleteGoodsIssue,false
GET,/api/mm/three-way-match/:poId,modules/mm/presentation/mm-goods.controller.ts,153,threeWayMatch,mm,"",false,,svc,svc.threeWayMatch,false
GET,/api/mm/currencies,modules/mm/presentation/mm-goods.controller.ts,160,getCurrencies,mm,"",false,,svc,svc.getCurrencies,false
GET,/api/mm/suppliers/price-comparison,modules/mm/presentation/mm-goods.controller.ts,167,getPriceComparison,mm,"",false,,svc,svc.getPriceComparison,false
GET,/api/materials/cards,modules/mm/presentation/mm-material-cards.controller.ts,42,list,mm,"RolesGuard",false,,svc,svc.listMaterialCards,true
GET,/api/materials/cards/:id,modules/mm/presentation/mm-material-cards.controller.ts,55,getById,mm,"RolesGuard",false,,svc,svc.getMaterialCard,true
GET,/api/mm/materials/:id/sheet-conversion,modules/mm/presentation/mm-materials.controller.ts,56,sheetConversion,mm,"RolesGuard",false,Role.WAREHOUSE_MANAGER,Role.SUPER_ADMIN,svc,layerFormula.convert,true
GET,/api/mm/materials,modules/mm/presentation/mm-materials.controller.ts,78,getMaterials,mm,"RolesGuard",false,,svc,queryBus.execute,true
GET,/api/mm/materials/stats,modules/mm/presentation/mm-materials.controller.ts,101,getMaterialStats,mm,"RolesGuard",false,Role.WAREHOUSE_MANAGER,Role.SUPER_ADMIN,svc,commandBus.execute,true
GET,/api/mm/materials/:id,modules/mm/presentation/mm-materials.controller.ts,120,getMaterialById,mm,"RolesGuard",false,,svc,commandBus.execute,true
POST,/api/mm/materials,modules/mm/presentation/mm-materials.controller.ts,138,createMaterial,mm,"RolesGuard",false,Role.WAREHOUSE_MANAGER,Role.SUPER_ADMIN,svc,commandBus.execute,true
PUT,/api/mm/materials/:id,modules/mm/presentation/mm-materials.controller.ts,167,updateMaterial,mm,"RolesGuard",false,Role.WAREHOUSE_MANAGER,Role.SUPER_ADMIN,svc,commandBus.execute,true
PATCH,/api/mm/materials/:id/toggle-active,modules/mm/presentation/mm-materials.controller.ts,197,toggleMaterialActive,mm,"RolesGuard",false,Role.SUPER_ADMIN,svc,commandBus.execute,true
GET,/api/mm/purchase-orders,modules/mm/presentation/mm-purchase-orders.controller.ts,46,listPos,mm,"RolesGuard",false,Role.PURCHASER,Role.PURCHASE_MANAGER,Role.SUPER_ADMIN,Role.DIRECTOR,real?,,true
GET,/api/mm/purchase-orders/pending-receipt,modules/mm/presentation/mm-purchase-orders.controller.ts,69,getPendingReceipt,mm,"RolesGuard",false,Role.PURCHASER,Role.PURCHASE_MANAGER,Role.SUPER_ADMIN,Role.DIRECTOR,real?,,true
GET,/api/mm/purchase-orders/:id,modules/mm/presentation/mm-purchase-orders.controller.ts,95,getPo,mm,"RolesGuard",false,Role.PURCHASER,Role.PURCHASE_MANAGER,Role.SUPER_ADMIN,Role.DIRECTOR,real?,,true
POST,/api/mm/purchase-orders,modules/mm/presentation/mm-purchase-orders.controller.ts,120,createPo,mm,"RolesGuard",false,Role.PURCHASER,Role.SUPER_ADMIN,svc,commandBus.execute,true
POST,/api/mm/purchase-orders/:id/approve,modules/mm/presentation/mm-purchase-orders.controller.ts,142,approvePo,mm,"RolesGuard",false,Role.PURCHASE_MANAGER,Role.SUPER_ADMIN,Role.DIRECTOR,svc,commandBus.execute,true
POST,/api/mm/purchase-orders/:id/goods-receipt,modules/mm/presentation/mm-purchase-orders.controller.ts,156,recordGoodsReceipt,mm,"RolesGuard",false,Role.PURCHASER,Role.PURCHASE_MANAGER,Role.SUPER_ADMIN,Role.DIRECTOR,svc,commandBus.execute,true
DELETE,/api/mm/purchase-orders/:id,modules/mm/presentation/mm-purchase-orders.controller.ts,169,deletePo,mm,"RolesGuard",false,Role.PURCHASE_MANAGER,Role.SUPER_ADMIN,Role.DIRECTOR,real?,,true
PATCH,/api/mm/purchase-orders/:id,modules/mm/presentation/mm-purchase-orders.controller.ts,184,updatePo,mm,"RolesGuard",false,Role.PURCHASER,Role.PURCHASE_MANAGER,Role.SUPER_ADMIN,Role.DIRECTOR,real?,,true
PATCH,/api/mm/purchase-orders/:id/approve,modules/mm/presentation/mm-purchase-orders.controller.ts,207,patchApprovePo,mm,"RolesGuard",false,Role.PURCHASE_MANAGER,Role.SUPER_ADMIN,Role.DIRECTOR,svc,commandBus.execute,true
GET,/api/raw-materials,modules/mm/presentation/mm-raw-materials.controller.ts,39,list,mm,"RolesGuard",false,,svc,svc.listRawMaterials,true
GET,/api/mm/vendors,modules/mm/presentation/mm-vendors-pr.controller.ts,42,listVendors,mm,"",false,,svc,svc.listVendors,true
GET,/api/mm/vendor-performance,modules/mm/presentation/mm-vendors-pr.controller.ts,56,listVendorPerformance,mm,"",false,,svc,svc.getVendor,true
GET,/api/mm/vendors/:id,modules/mm/presentation/mm-vendors-pr.controller.ts,79,getVendor,mm,"",false,,svc,svc.getVendor,true
POST,/api/mm/vendors,modules/mm/presentation/mm-vendors-pr.controller.ts,91,createVendor,mm,"",false,...MM_WRITE_ROLES,svc,svc.createVendor,true
PATCH,/api/mm/vendors/:id,modules/mm/presentation/mm-vendors-pr.controller.ts,103,updateVendor,mm,"",false,...MM_WRITE_ROLES,svc,svc.updateVendor,true
DELETE,/api/mm/vendors/:id,modules/mm/presentation/mm-vendors-pr.controller.ts,118,deleteVendor,mm,"RolesGuard",false,...MM_WRITE_ROLES,svc,svc.deleteVendor,true
GET,/api/mm/purchase-requisitions,modules/mm/presentation/mm-vendors-pr.controller.ts,128,listRequisitions,mm,"",false,,svc,svc.listRequisitions,true
GET,/api/mm/purchase-requisitions/:id,modules/mm/presentation/mm-vendors-pr.controller.ts,136,getRequisition,mm,"",false,,svc,svc.getRequisition,true
POST,/api/mm/purchase-requisitions,modules/mm/presentation/mm-vendors-pr.controller.ts,148,createRequisition,mm,"",false,...MM_WRITE_ROLES,svc,svc.createRequisition,true
PATCH,/api/mm/purchase-requisitions/:id,modules/mm/presentation/mm-vendors-pr.controller.ts,160,updateRequisition,mm,"",false,...MM_WRITE_ROLES,svc,svc.updateRequisition,true
DELETE,/api/mm/purchase-requisitions/:id,modules/mm/presentation/mm-vendors-pr.controller.ts,175,deleteRequisition,mm,"RolesGuard",false,...MM_WRITE_ROLES,svc,svc.deleteRequisition,true
GET,/api/mro,modules/mro/presentation/mro.controller.ts,86,getAll,mro,"RolesGuard",false,Role.SUPER_ADMIN,Role.DIRECTOR,Role.MAINTENANCE,svc,queryBus.execute,true
GET,/api/mro/:id,modules/mro/presentation/mro.controller.ts,111,getById,mro,"RolesGuard",false,Role.SUPER_ADMIN,Role.DIRECTOR,Role.MAINTENANCE,svc,maintenanceRepo.findById,false
POST,/api/mro/stop-machine,modules/mro/presentation/mro.controller.ts,122,stopMachine,mro,"RolesGuard",false,Role.SUPER_ADMIN,Role.DIRECTOR,Role.MAINTENANCE,Role.TECHNICIAN,svc,commandBus.execute,false
PATCH,/api/mro/:id/assign,modules/mro/presentation/mro.controller.ts,139,assignMaintenance,mro,"RolesGuard",false,Role.SUPER_ADMIN,Role.DIRECTOR,svc,commandBus.execute,false
PATCH,/api/mro/:id/complete,modules/mro/presentation/mro.controller.ts,156,completeMaintenance,mro,"RolesGuard",false,Role.SUPER_ADMIN,Role.DIRECTOR,svc,commandBus.execute,false
GET,/api/mro/spare-parts,modules/mro/presentation/mro.controller.ts,172,getSpareParts,mro,"RolesGuard",false,Role.SUPER_ADMIN,Role.DIRECTOR,Role.MAINTENANCE,Role.TECHNICIAN,svc,maintenanceSvc.findSpareParts,true
GET,/api/mro/canteen/stats,modules/mro/presentation/mro.controller.ts,180,getCanteenStats,mro,"RolesGuard",false,Role.SUPER_ADMIN,Role.DIRECTOR,Role.MAINTENANCE,svc,maintenanceSvc.getCanteenStats,true
GET,/api/mro/cleaning/schedules,modules/mro/presentation/mro.controller.ts,188,getCleaningSchedules,mro,"RolesGuard",false,Role.SUPER_ADMIN,Role.DIRECTOR,Role.MAINTENANCE,svc,maintenanceSvc.findCleaningSchedules,true
GET,/api/mro/facilities,modules/mro/presentation/mro.controller.ts,196,getFacilities,mro,"RolesGuard",false,Role.SUPER_ADMIN,Role.DIRECTOR,Role.MAINTENANCE,svc,maintenanceSvc.findFacilities,true
GET,/api/mro/pm/schedules,modules/mro/presentation/mro.controller.ts,204,getPmSchedules,mro,"RolesGuard",false,Role.SUPER_ADMIN,Role.DIRECTOR,Role.MAINTENANCE,svc,maintenanceSvc.findPmSchedules,true
GET,/api/mro/utility/readings,modules/mro/presentation/mro.controller.ts,212,getUtilityReadings,mro,"RolesGuard",false,Role.SUPER_ADMIN,Role.DIRECTOR,Role.MAINTENANCE,svc,maintenanceSvc.findUtilityReadings,true
GET,/api/mro/equipment,modules/mro/presentation/mro.controller.ts,220,getEquipment,mro,"RolesGuard",false,Role.SUPER_ADMIN,Role.DIRECTOR,Role.MAINTENANCE,Role.TECHNICIAN,svc,maintenanceSvc.findEquipment,true
POST,/api/mro/equipment,modules/mro/presentation/mro.controller.ts,229,createEquipment,mro,"RolesGuard",false,Role.SUPER_ADMIN,Role.DIRECTOR,Role.MAINTENANCE,svc,maintenanceSvc.createEquipment,true
PATCH,/api/mro/equipment/:id/status,modules/mro/presentation/mro.controller.ts,239,updateEquipmentStatus,mro,"RolesGuard",false,Role.SUPER_ADMIN,Role.DIRECTOR,Role.MAINTENANCE,svc,maintenanceSvc.updateEquipmentStatus,true
GET,/api/mro/canteen/logs,modules/mro/presentation/mro.controller.ts,254,listCanteenLogs,mro,"RolesGuard",false,Role.SUPER_ADMIN,Role.DIRECTOR,Role.MAINTENANCE,svc,maintenanceSvc.listCanteenLogs,false
POST,/api/mro/canteen/logs,modules/mro/presentation/mro.controller.ts,263,createCanteenLog,mro,"RolesGuard",false,Role.SUPER_ADMIN,Role.DIRECTOR,Role.MAINTENANCE,svc,maintenanceSvc.createCanteenLog,false
PATCH,/api/mro/canteen/logs/:id,modules/mro/presentation/mro.controller.ts,273,updateCanteenLog,mro,"RolesGuard",false,Role.SUPER_ADMIN,Role.DIRECTOR,Role.MAINTENANCE,svc,maintenanceSvc.updateCanteenLog,false
GET,/api/notifications,modules/notifications/presentation/notifications.controller.ts,54,listNotifications,notifications,"JwtAuthGuard",false,,svc,queryBus.execute,true
GET,/api/notifications/my,modules/notifications/presentation/notifications.controller.ts,70,getUserNotifications,notifications,"JwtAuthGuard",false,,svc,queryBus.execute,false
GET,/api/notifications/my/unread-count,modules/notifications/presentation/notifications.controller.ts,87,getUnreadCount,notifications,"JwtAuthGuard",false,,svc,notifRepo.findUnreadCount,false
POST,/api/notifications/my/mark-all-read,modules/notifications/presentation/notifications.controller.ts,97,markAllReadMy,notifications,"JwtAuthGuard",false,,svc,prefsSvc.markAllRead,false
GET,/api/notifications/preferences,modules/notifications/presentation/notifications.controller.ts,106,getPreferences,notifications,"JwtAuthGuard",false,,svc,prefsSvc.getPreferences,true
PUT,/api/notifications/preferences,modules/notifications/presentation/notifications.controller.ts,116,updatePreferences,notifications,"JwtAuthGuard",false,,svc,prefsSvc.updatePreferences,true
PATCH,/api/notifications/:id/read,modules/notifications/presentation/notifications.controller.ts,128,markAsRead,notifications,"JwtAuthGuard",false,,svc,notifRepo.markAsRead,false
PATCH,/api/notifications/read-all,modules/notifications/presentation/notifications.controller.ts,138,markAllAsRead,notifications,"JwtAuthGuard",false,,svc,logger.log,false
PATCH,/api/notifications/my/mark-all-read,modules/notifications/presentation/notifications.controller.ts,149,patchMarkAllReadMy,notifications,"JwtAuthGuard",false,,svc,prefsSvc.markAllRead,false
PATCH,/api/notifications/preferences,modules/notifications/presentation/notifications.controller.ts,159,patchPreferences,notifications,"JwtAuthGuard",false,,svc,prefsSvc.updatePreferences,true
POST,/api/notifications,modules/notifications/presentation/notifications.controller.ts,170,createNotification,notifications,"JwtAuthGuard",false,'admin','super_admin',svc,commandBus.execute,true
POST,/api/order-workflow/orders,modules/order-workflow/presentation/order-workflow.controller.ts,52,createOrder,order-workflow,"",false,...WRITER_ROLES,svc,logger.log,false
PATCH,/api/order-workflow/orders/:id/status,modules/order-workflow/presentation/order-workflow.controller.ts,73,transitionStatus,order-workflow,"OrderTransitionGuard",false,...WRITER_ROLES,svc,logger.log,false
POST,/api/order-workflow/orders/:id/payment-plan,modules/order-workflow/presentation/order-workflow.controller.ts,92,createPaymentPlan,order-workflow,"",false,...FINANCE_ROLES,svc,logger.log,false
GET,/api/order-workflow/orders/:id/saga-status,modules/order-workflow/presentation/order-workflow.controller.ts,107,getSagaStatus,order-workflow,"OrderTransitionGuard",false,...READER_ROLES,svc,logger.log,false
GET,/api/order-workflow/orders,modules/order-workflow/presentation/order-workflow.controller.ts,123,listOrders,order-workflow,"",false,...READER_ROLES,svc,queryBus.execute,false
GET,/api/org-structure/hierarchy,modules/org-structure/org-structure.controller.ts,101,getHierarchy,org-structure,"JwtAuthGuard",false,,svc,service.getHierarchy,true
GET,/api/org-structure/stats,modules/org-structure/org-structure.controller.ts,108,getStats,org-structure,"JwtAuthGuard",false,,svc,service.getStats,true
GET,/api/org-structure/nodes/flat,modules/org-structure/org-structure.controller.ts,115,getFlat,org-structure,"JwtAuthGuard",false,,svc,service.getFlat,true
GET,/api/org-structure/nodes/:id,modules/org-structure/org-structure.controller.ts,123,findOne,org-structure,"JwtAuthGuard",false,,svc,service.findOne,true
POST,/api/org-structure/nodes,modules/org-structure/org-structure.controller.ts,131,create,org-structure,"JwtAuthGuard",false,,svc,service.create,true
PATCH,/api/org-structure/nodes/:id,modules/org-structure/org-structure.controller.ts,141,update,org-structure,"JwtAuthGuard",false,,svc,service.update,true
DELETE,/api/org-structure/nodes/:id,modules/org-structure/org-structure.controller.ts,151,remove,org-structure,"JwtAuthGuard",false,,svc,service.remove,true
PATCH,/api/org-structure/nodes/:id/move,modules/org-structure/org-structure.controller.ts,160,move,org-structure,"JwtAuthGuard",false,,svc,service.move,true
PATCH,/api/org-structure/users/:userId/node,modules/org-structure/org-structure.controller.ts,169,assignUser,org-structure,"JwtAuthGuard",false,,svc,service.assignUserToNode,false
GET,/api/org-structure/export/excel,modules/org-structure/org-structure.controller.ts,181,exportExcel,org-structure,"JwtAuthGuard",false,,svc,exportService.exportExcel,true
GET,/api/org-structure/export/pdf,modules/org-structure/org-structure.controller.ts,194,exportPdf,org-structure,"JwtAuthGuard",false,,svc,exportService.exportPdf,true
GET,/api/org-structure/nodes/:id/folder,modules/org-structure/org-structure.controller.ts,210,getFolderItems,org-structure,"JwtAuthGuard",false,,svc,folderService.getFolderItems,true
POST,/api/org-structure/nodes/:id/folder,modules/org-structure/org-structure.controller.ts,219,addFolderItem,org-structure,"JwtAuthGuard",false,,svc,folderService.addFolderItem,true
DELETE,/api/org-structure/nodes/:nodeId/folder/:itemId,modules/org-structure/org-structure.controller.ts,228,removeFolderItem,org-structure,"JwtAuthGuard",false,,stub/dead,folderService.removeFolderItem,true
GET,/api/org-structure/employees/:userId/folder,modules/org-structure/org-structure.controller.ts,239,getEmployeeFolderItems,org-structure,"JwtAuthGuard",false,,stub/dead,folderService.getEmployeeFolderItems,true
GET,/api/org-structure/nodes/:nodeId/history,modules/org-structure/org-structure.controller.ts,248,getNodeHistory,org-structure,"JwtAuthGuard",false,,svc,portretService.getHrRequests,true
GET,/api/org-structure/nodes/:nodeId/hr-requests,modules/org-structure/org-structure.controller.ts,263,getNodeHrRequests,org-structure,"JwtAuthGuard",false,,svc,portretService.getHrRequests,true
POST,/api/org-structure/nodes/:nodeId/hr-requests,modules/org-structure/org-structure.controller.ts,272,createNodeHrRequest,org-structure,"JwtAuthGuard",false,,svc,portretService.createHrRequest,true
GET,/api/org-structure/nodes/:nodeId/portret,modules/org-structure/org-structure.controller.ts,292,getNodePortret,org-structure,"JwtAuthGuard",false,,svc,portretService.getPortret,true
POST,/api/org-structure/nodes/:nodeId/portret,modules/org-structure/org-structure.controller.ts,301,createNodePortret,org-structure,"JwtAuthGuard",false,,svc,portretService.savePortret,true
GET,/api/org-structure/nodes/:nodeId/approval-chain,modules/org-structure/org-structure.controller.ts,315,getApprovalChain,org-structure,"JwtAuthGuard",false,,svc,service.getApprovalChain,true
GET,/api/org-structure/nodes/:nodeId/direct-manager,modules/org-structure/org-structure.controller.ts,323,getDirectManager,org-structure,"JwtAuthGuard",false,,svc,service.getDirectManager,true
GET,/api/org-structure/nodes/:nodeId/telegram-group,modules/org-structure/org-structure.controller.ts,331,getTelegramGroup,org-structure,"JwtAuthGuard",false,,svc,service.getTelegramGroupForNode,true
POST,/api/pos/barcode/scan,modules/pos/presentation/barcode.controller.ts,48,scan,pos,"PermissionGuard",false,,svc,barcodeService.scanBarcode,true
GET,/api/pos/barcode/lookup,modules/pos/presentation/barcode.controller.ts,57,lookup,pos,"PermissionGuard",false,,svc,barcodeService.lookupByBarcode,true
POST,/api/pos/barcode/assign,modules/pos/presentation/barcode.controller.ts,70,assign,pos,"PermissionGuard",false,,svc,barcodeService.assignBarcode,true
POST,/api/pos/barcode/print,modules/pos/presentation/barcode.controller.ts,79,queuePrint,pos,"PermissionGuard",false,,svc,barcodeService.queuePrint,true
POST,/api/pos/barcode/generate-ean13,modules/pos/presentation/barcode.controller.ts,88,generateEan13,pos,"PermissionGuard",false,,svc,barcodeService.generateEan13,true
POST,/api/pos/barcode/ai-suggestion/review,modules/pos/presentation/barcode.controller.ts,97,reviewAiSuggestion,pos,"PermissionGuard",false,,svc,barcodeService.reviewAiSuggestion,true
GET,/api/pos/barcode/ai-suggestion/pending,modules/pos/presentation/barcode.controller.ts,106,getPendingSuggestions,pos,"PermissionGuard",false,,real?,,true
GET,/api/pos/products,modules/pos/presentation/cash-register.controller.ts,32,getProducts,pos,"RolesGuard",false,,svc,svc.getProducts,true
POST,/api/pos/products,modules/pos/presentation/cash-register.controller.ts,39,addProduct,pos,"RolesGuard",false,,svc,svc.addProduct,true
GET,/api/pos/scan/:barcode,modules/pos/presentation/cash-register.controller.ts,48,scanBarcode,pos,"RolesGuard",false,,svc,svc.scanBarcode,true
GET,/api/pos/transactions,modules/pos/presentation/cash-register.controller.ts,54,getTransactions,pos,"RolesGuard",false,,svc,svc.getTransactions,true
POST,/api/pos/transactions,modules/pos/presentation/cash-register.controller.ts,60,createTransaction,pos,"RolesGuard",false,,svc,svc.createTransaction,true
POST,/api/pos/transactions/:id/refund,modules/pos/presentation/cash-register.controller.ts,69,refundTransaction,pos,"RolesGuard",false,,svc,svc.refundTransaction,true
GET,/api/pos/receipt/:id,modules/pos/presentation/cash-register.controller.ts,77,getReceipt,pos,"RolesGuard",false,,svc,svc.getReceipt,true
GET,/api/pos/dashboard,modules/pos/presentation/cash-register.controller.ts,83,getDashboard,pos,"RolesGuard",false,,svc,svc.getDashboard,true
GET,/api/pos/employees/:userId/balance,modules/pos/presentation/employee.controller.ts,54,getBalance,pos,"PermissionGuard",false,,svc,ledgerService.getEmployeeBalance,true
GET,/api/pos/employees/me/balance,modules/pos/presentation/employee.controller.ts,69,getMyBalance,pos,"PermissionGuard",false,,svc,ledgerService.getEmployeeBalance,true
GET,/api/pos/employees/department/:code/balance,modules/pos/presentation/employee.controller.ts,81,getDepartmentBalance,pos,"PermissionGuard",false,,svc,ledgerService.getDepartmentBalance,true
GET,/api/pos/employees/:userId/statement,modules/pos/presentation/employee.controller.ts,90,getStatement,pos,"PermissionGuard",false,,svc,ledgerService.getEmployeeStatement,true
POST,/api/pos/employees/write-off,modules/pos/presentation/employee.controller.ts,106,createWriteOff,pos,"PermissionGuard",false,,svc,writeOffService.createWriteOffAct,true
POST,/api/pos/employees/liability,modules/pos/presentation/employee.controller.ts,124,openLiabilityCase,pos,"PermissionGuard",false,,svc,ledgerService.openLiabilityCase,true
PATCH,/api/pos/employees/liability/:id,modules/pos/presentation/employee.controller.ts,142,updateLiabilityCase,pos,"PermissionGuard",false,,svc,writeOffService.updateLiabilityCase,true
POST,/api/pos/employees/dismiss-check,modules/pos/presentation/employee.controller.ts,164,checkDismiss,pos,"PermissionGuard",false,,svc,ledgerService.getEmployeeBalance,true
GET,/api/pos/employees/me/inventory,modules/pos/presentation/employee.controller.ts,189,getMyInventory,pos,"PermissionGuard",false,,svc,employeeBalanceSvc.getMyInventory,true
GET,/api/pos/employees/me/checklist,modules/pos/presentation/employee.controller.ts,198,getMyChecklist,pos,"PermissionGuard",false,,svc,employeeBalanceSvc.getHRChecklist,true
POST,/api/pos/employees/me/return,modules/pos/presentation/employee.controller.ts,207,requestReturn,pos,"PermissionGuard",false,,svc,employeeBalanceSvc.requestReturn,true
GET,/api/pos/employees/:id/hr-check,modules/pos/presentation/employee.controller.ts,226,checkHRBlock,pos,"PermissionGuard",false,,svc,employeeBalanceSvc.checkHRBlock,true
GET,/api/pos/gl/movement/:id,modules/pos/presentation/gl.controller.ts,35,getMovementGl,pos,"PermissionGuard",false,,svc,glService.getByMovement,true
POST,/api/pos/gl/approve/:movementId,modules/pos/presentation/gl.controller.ts,43,approveByMovement,pos,"PermissionGuard",false,,svc,glService.approveByMovement,true
POST,/api/pos/gl/entry/:id/approve,modules/pos/presentation/gl.controller.ts,54,approve,pos,"PermissionGuard",false,,svc,glService.approveEntry,true
POST,/api/pos/gl/entry/:id/reject,modules/pos/presentation/gl.controller.ts,64,reject,pos,"PermissionGuard",false,,svc,glService.rejectEntry,true
GET,/api/pos/gl/pending,modules/pos/presentation/gl.controller.ts,74,getPending,pos,"PermissionGuard",false,,svc,glService.getPending,true
GET,/api/pos/gl/journal,modules/pos/presentation/gl.controller.ts,81,getJournal,pos,"PermissionGuard",false,,svc,glService.getJournal,true
GET,/api/pos/inventory-counts,modules/pos/presentation/inventory-count.controller.ts,50,findAll,pos,"PermissionGuard",false,,svc,countService.findAll,true
POST,/api/pos/inventory-counts,modules/pos/presentation/inventory-count.controller.ts,59,createCount,pos,"PermissionGuard",false,,svc,countService.createCount,true
POST,/api/pos/inventory-counts/lines/record,modules/pos/presentation/inventory-count.controller.ts,68,recordActualQty,pos,"PermissionGuard",false,,svc,countService.recordActualQty,true
POST,/api/pos/inventory-counts/lines/bulk-record,modules/pos/presentation/inventory-count.controller.ts,75,bulkRecordActualQty,pos,"PermissionGuard",false,,svc,countService.bulkRecordActualQty,true
GET,/api/pos/inventory-counts/:id/variance,modules/pos/presentation/inventory-count.controller.ts,84,getVariance,pos,"PermissionGuard",false,,svc,countService.getVarianceReport,true
PATCH,/api/pos/inventory-counts/approve,modules/pos/presentation/inventory-count.controller.ts,93,approveCount,pos,"PermissionGuard",false,,svc,countService.approveCount,true
GET,/api/pos/inventory-counts/:id/pdf,modules/pos/presentation/inventory-count.controller.ts,102,downloadPdf,pos,"PermissionGuard",false,,svc,pdfService.generateInventoryCountPdf,true
POST,/api/pos/inventory-passport,modules/pos/presentation/inventory-passport.controller.ts,27,create,pos,"PermissionGuard",false,,svc,svc.createPassport,true
GET,/api/pos/inventory-passport/quarantine,modules/pos/presentation/inventory-passport.controller.ts,34,getQuarantine,pos,"PermissionGuard",false,,svc,svc.getQuarantineList,true
GET,/api/pos/inventory-passport/:movementId,modules/pos/presentation/inventory-passport.controller.ts,41,getByMovement,pos,"PermissionGuard",false,,svc,svc.getPassport,true
GET,/api/pos/inventory-passport,modules/pos/presentation/inventory-passport.controller.ts,48,list,pos,"PermissionGuard",false,,svc,svc.listPassports,true
POST,/api/pos/inventory-passport/:movementId/qc-decision,modules/pos/presentation/inventory-passport.controller.ts,65,qcDecision,pos,"PermissionGuard",false,,svc,svc.recordQcDecision,true
GET,/api/pos/mini-app/history,modules/pos/presentation/mini-app-history.controller.ts,35,getHistory,pos,"",false,,svc,miniAppService.getHistory,true
GET,/api/pos/mini-app/pending-approvals,modules/pos/presentation/mini-app-history.controller.ts,49,getPendingApprovals,pos,"",false,,svc,miniAppService.getPendingApprovals,true
GET,/api/pos/mini-app/warehouses,modules/pos/presentation/mini-app-history.controller.ts,57,getWarehouses,pos,"",false,,svc,miniAppService.getWarehouses,true
POST,/api/pos/mini-app/auth,modules/pos/presentation/mini-app.controller.ts,67,authenticate,pos,"",false,,svc,telegramService.createOrRenewSession,true
POST,/api/pos/mini-app/barcode/scan,modules/pos/presentation/mini-app.controller.ts,84,scanBarcode,pos,"",false,,svc,barcodeService.scanBarcode,true
GET,/api/pos/mini-app/materials,modules/pos/presentation/mini-app.controller.ts,92,searchMaterials,pos,"",false,,svc,miniAppService.searchMaterials,true
POST,/api/pos/mini-app/requests,modules/pos/presentation/mini-app.controller.ts,100,createRequest,pos,"",false,,svc,requestService.createRequest,true
PATCH,/api/pos/mini-app/requests/:id/approve,modules/pos/presentation/mini-app.controller.ts,108,approveRequest,pos,"",false,,svc,requestService.approveRequest,true
PATCH,/api/pos/mini-app/requests/:id/reject,modules/pos/presentation/mini-app.controller.ts,116,rejectRequest,pos,"",false,,svc,requestService.rejectRequest,true
GET,/api/pos/movements,modules/pos/presentation/movements.controller.ts,64,findAll,pos,"PermissionGuard",false,,svc,movementQueryService.findAll,true
GET,/api/pos/movements/:id,modules/pos/presentation/movements.controller.ts,73,findOne,pos,"PermissionGuard",false,,svc,movementQueryService.findOne,true
POST,/api/pos/movements,modules/pos/presentation/movements.controller.ts,82,createMovement,pos,"PermissionGuard",false,,svc,movementService.createMovement,true
PATCH,/api/pos/movements/:id/status,modules/pos/presentation/movements.controller.ts,96,updateStatus,pos,"PermissionGuard",false,,svc,movementStatusService.updateStatus,true
POST,/api/pos/movements/qc-decision,modules/pos/presentation/movements.controller.ts,110,recordQcDecision,pos,"PermissionGuard",false,,svc,movementStatusService.recordQcDecision,true
POST,/api/pos/movements/damage,modules/pos/presentation/movements.controller.ts,119,createDamageAct,pos,"PermissionGuard",false,,svc,movementService.createDamageAct,true
GET,/api/pos/movements/:id/pdf,modules/pos/presentation/movements.controller.ts,128,downloadPdf,pos,"PermissionGuard",false,,svc,pdfService.generateMovementAct,true
GET,/api/pos/movements/:id/confirmations,modules/pos/presentation/movements.controller.ts,146,getConfirmations,pos,"PermissionGuard",false,,svc,stockLedgerService.getConfirmations,true
GET,/api/pos/movements/:id/history,modules/pos/presentation/movements.controller.ts,155,getHistory,pos,"PermissionGuard",false,,svc,auditService.getEntityHistory,true
POST,/api/pos/auth/login,modules/pos/presentation/pos-auth.controller.ts,36,login,pos,"",true,,svc,posAuthService.login,true
POST,/api/pos/auth/validate,modules/pos/presentation/pos-auth.controller.ts,56,validate,pos,"JwtAuthGuard",false,,real?,,true
GET,/api/pos/auth/ping,modules/pos/presentation/pos-auth.controller.ts,70,ping,pos,"",true,,real?,,true
GET,/api/pos/notifications,modules/pos/presentation/pos-notifications.controller.ts,35,getAll,pos,"PermissionGuard",false,,svc,notificationsService.getForUser,true
POST,/api/pos/notifications/:id/read,modules/pos/presentation/pos-notifications.controller.ts,42,markRead,pos,"PermissionGuard",false,,svc,notificationsService.markRead,true
POST,/api/pos/notifications/read-all,modules/pos/presentation/pos-notifications.controller.ts,52,markAllRead,pos,"PermissionGuard",false,,svc,notificationsService.markAllRead,true
GET,/api/pos/operations/warehouses,modules/pos/presentation/pos-operations.controller.ts,68,listWarehouses,pos,"PermissionGuard",false,,svc,warehouseConfig.listWarehouses,true
GET,/api/pos/operations/warehouses/:id/stock,modules/pos/presentation/pos-operations.controller.ts,90,getWarehouseStock,pos,"PermissionGuard",false,,svc,warehouseConfig.getWarehouseStock,true
POST,/api/pos/operations/warehouses/:id/issue,modules/pos/presentation/pos-operations.controller.ts,104,issueStock,pos,"PermissionGuard",false,,svc,logger.log,true
POST,/api/pos/operations/warehouses/:id/receive,modules/pos/presentation/pos-operations.controller.ts,128,receiveStock,pos,"PermissionGuard",false,,svc,logger.log,true
GET,/api/pos/operations/p2p/pending,modules/pos/presentation/pos-operations.controller.ts,152,listPendingP2p,pos,"PermissionGuard",false,,svc,procurementRequest.listRequests,true
POST,/api/pos/operations/p2p/:requestId/receive,modules/pos/presentation/pos-operations.controller.ts,176,receiveProcurement,pos,"PermissionGuard",false,,svc,logger.log,true
GET,/api/pos/operations/materials/:materialId/movements,modules/pos/presentation/pos-operations.controller.ts,199,getMaterialMovements,pos,"PermissionGuard",false,,svc,warehouseConfig.getMaterialMovements,true
POST,/api/v2/pos/printer-config/:id/test,modules/pos/presentation/pos-printer-config-v2.controller.ts,31,testConnection,pos,"RolesGuard",false,,svc,svc.getForTest,true
POST,/api/pos/sales,modules/pos/presentation/pos-stub.controller.ts,103,createSale,pos,"RolesGuard",false,,svc,cashRegisterService.createTransaction,true
GET,/api/pos/sales/daily,modules/pos/presentation/pos-stub.controller.ts,115,getSalesDaily,pos,"RolesGuard",false,,svc,cashRegisterService.getDailySales,true
GET,/api/pos/inventory/low-stock,modules/pos/presentation/pos-stub.controller.ts,121,getInventoryLowStock,pos,"RolesGuard",false,,svc,stockLedgerService.getLowStock,true
GET,/api/pos/inventory/movements,modules/pos/presentation/pos-stub.controller.ts,127,getInventoryMovements,pos,"RolesGuard",false,,stub/dead,stockLedgerService.getMovements,true
GET,/api/pos/inventory/monthly-report,modules/pos/presentation/pos-stub.controller.ts,139,getInventoryMonthlyReport,pos,"RolesGuard",false,,stub/dead,stockLedgerService.getMonthlyReport,true
PATCH,/api/pos/inventory/:productId/adjust,modules/pos/presentation/pos-stub.controller.ts,149,adjustInventory,pos,"RolesGuard",false,,real?,,true
GET,/api/pos/wms/warehouses,modules/pos/presentation/pos-wms.controller.ts,33,getWarehousesList,pos,"PermissionGuard",false,,svc,logger.debug,true
GET,/api/pos/wms/materials,modules/pos/presentation/pos-wms.controller.ts,44,searchMaterials,pos,"PermissionGuard",false,,svc,wmsQuery.searchMaterials,true
GET,/api/pos/wms/warehouse/:warehouseId/stock,modules/pos/presentation/pos-wms.controller.ts,66,getWarehouseStock,pos,"PermissionGuard",false,,svc,logger.debug,true
GET,/api/pos/wms/warehouse/:warehouseId/movements,modules/pos/presentation/pos-wms.controller.ts,86,getMovementHistory,pos,"PermissionGuard",false,,svc,logger.debug,true
GET,/api/pos/wms/low-stock,modules/pos/presentation/pos-wms.controller.ts,109,getLowStock,pos,"PermissionGuard",false,,svc,logger.debug,true
GET,/api/legacy/pos/movement-types,modules/pos/presentation/pos.controller.ts,49,getMovementTypes,pos,"PermissionGuard",false,,svc,service.getMovementTypes,false
POST,/api/legacy/pos/movement-types,modules/pos/presentation/pos.controller.ts,56,createMovementType,pos,"PermissionGuard",false,,svc,service.createMovementType,false
GET,/api/legacy/pos/warehouse-access/:userId,modules/pos/presentation/pos.controller.ts,67,getUserAccess,pos,"PermissionGuard",false,,svc,service.getUserWarehouseAccess,false
POST,/api/legacy/pos/warehouse-access,modules/pos/presentation/pos.controller.ts,74,grantAccess,pos,"PermissionGuard",false,,svc,service.grantWarehouseAccess,false
DELETE,/api/legacy/pos/warehouse-access/:userId/:warehouseId,modules/pos/presentation/pos.controller.ts,81,revokeAccess,pos,"PermissionGuard",false,,svc,service.revokeWarehouseAccess,false
GET,/api/legacy/pos/movements,modules/pos/presentation/pos.controller.ts,95,getMovements,pos,"PermissionGuard",false,,svc,service.getMovements,false
GET,/api/legacy/pos/movements/stats,modules/pos/presentation/pos.controller.ts,107,getStats,pos,"PermissionGuard",false,,svc,inventoryService.getStats,false
GET,/api/legacy/pos/movements/:id,modules/pos/presentation/pos.controller.ts,114,getMovement,pos,"PermissionGuard",false,,svc,service.getMovementById,false
POST,/api/legacy/pos/movements,modules/pos/presentation/pos.controller.ts,121,createMovement,pos,"PermissionGuard",false,,svc,service.createMovement,false
POST,/api/legacy/pos/movements/:id/lines,modules/pos/presentation/pos.controller.ts,128,addLine,pos,"PermissionGuard",false,,svc,service.addMovementLine,false
PUT,/api/legacy/pos/movements/:id/status,modules/pos/presentation/pos.controller.ts,138,updateStatus,pos,"PermissionGuard",false,,svc,service.updateMovementStatus,false
GET,/api/legacy/pos/passports,modules/pos/presentation/pos.controller.ts,153,getPassports,pos,"PermissionGuard",false,,svc,inventoryService.getPassports,false
GET,/api/legacy/pos/passports/:id,modules/pos/presentation/pos.controller.ts,161,getPassport,pos,"PermissionGuard",false,,svc,inventoryService.getPassportById,false
POST,/api/legacy/pos/passports,modules/pos/presentation/pos.controller.ts,168,createPassport,pos,"PermissionGuard",false,,svc,inventoryService.createPassport,false
GET,/api/legacy/pos/barcodes/lookup,modules/pos/presentation/pos.controller.ts,177,lookupBarcode,pos,"PermissionGuard",false,,svc,inventoryService.lookupBarcode,false
POST,/api/legacy/pos/barcodes,modules/pos/presentation/pos.controller.ts,185,assignBarcode,pos,"PermissionGuard",false,,svc,inventoryService.assignBarcode,false
GET,/api/legacy/pos/pdf-templates,modules/pos/presentation/pos.controller.ts,196,getPdfTemplates,pos,"PermissionGuard",false,,svc,inventoryService.getPdfTemplates,false
GET,/api/legacy/pos/pdf-templates/:id,modules/pos/presentation/pos.controller.ts,203,getPdfTemplate,pos,"PermissionGuard",false,,svc,inventoryService.getPdfTemplateById,false
POST,/api/legacy/pos/pdf-templates,modules/pos/presentation/pos.controller.ts,210,createPdfTemplate,pos,"PermissionGuard",false,,svc,inventoryService.createPdfTemplate,false
GET,/api/pos/printer-config,modules/pos/presentation/printer-config.controller.ts,38,getAll,pos,"JwtAuthGuard",false,,svc,svc.getAll,true
GET,/api/pos/printer-config/active,modules/pos/presentation/printer-config.controller.ts,44,getActive,pos,"JwtAuthGuard",false,,svc,labelService.getPrinterConfig,true
POST,/api/pos/printer-config,modules/pos/presentation/printer-config.controller.ts,52,create,pos,"JwtAuthGuard",false,,svc,svc.create,true
PATCH,/api/pos/printer-config/:id,modules/pos/presentation/printer-config.controller.ts,59,update,pos,"JwtAuthGuard",false,,svc,svc.update,true
POST,/api/pos/printer-config/:id/test,modules/pos/presentation/printer-config.controller.ts,69,testConnection,pos,"JwtAuthGuard",false,,svc,svc.getForTest,true
GET,/api/pos/procurement/approval-chain/:employeeId,modules/pos/presentation/procurement.controller.ts,36,getApprovalChain,pos,"PermissionGuard",false,,svc,approvalChain.resolveChainForEmployee,true
POST,/api/pos/procurement/requests,modules/pos/presentation/procurement.controller.ts,44,createRequest,pos,"PermissionGuard",false,,svc,requestService.createRequest,true
GET,/api/pos/procurement/requests,modules/pos/presentation/procurement.controller.ts,52,listRequests,pos,"PermissionGuard",false,,svc,requestService.listRequests,true
GET,/api/pos/procurement/requests/:id,modules/pos/presentation/procurement.controller.ts,68,getRequest,pos,"PermissionGuard",false,,svc,requestService.getRequest,true
POST,/api/pos/procurement/requests/:id/decide,modules/pos/presentation/procurement.controller.ts,76,decide,pos,"PermissionGuard",false,,svc,requestService.decideApproval,true
POST,/api/pos/procurement/requests/:id/receive,modules/pos/presentation/procurement.controller.ts,87,receive,pos,"PermissionGuard",false,,svc,requestService.receiveProcurement,true
GET,/api/pos/reports/kpi,modules/pos/presentation/reports.controller.ts,30,getKpi,pos,"PermissionGuard",false,,svc,reportsService.getKpi,true
GET,/api/pos/reports/stock,modules/pos/presentation/reports.controller.ts,37,getStockReport,pos,"PermissionGuard",false,,svc,reportsService.getStockReport,true
GET,/api/pos/reports/movement-stats,modules/pos/presentation/reports.controller.ts,49,getMovementStats,pos,"PermissionGuard",false,,svc,reportsService.getMovementStats,true
GET,/api/pos/reports/top-materials,modules/pos/presentation/reports.controller.ts,57,getTopMaterials,pos,"PermissionGuard",false,,svc,reportsService.getTopMaterials,true
GET,/api/pos/reports/audit,modules/pos/presentation/reports.controller.ts,64,getAuditLog,pos,"PermissionGuard",false,,svc,auditService.getAuditLog,true
GET,/api/pos/reports/three-way-match,modules/pos/presentation/reports.controller.ts,89,getThreeWayMismatch,pos,"PermissionGuard",false,,svc,reportsService.getThreeWayMismatch,true
GET,/api/pos/reports/liabilities,modules/pos/presentation/reports.controller.ts,96,getLiabilityReport,pos,"PermissionGuard",false,,svc,reportsService.getLiabilityReport,true
GET,/api/pos/reports/abc-analysis,modules/pos/presentation/reports.controller.ts,103,getAbcAnalysis,pos,"PermissionGuard",false,,svc,reportsService.getAbcAnalysis,true
GET,/api/pos/reports/inactive-materials,modules/pos/presentation/reports.controller.ts,111,getInactiveMaterials,pos,"PermissionGuard",false,,svc,reportsService.getInactiveMaterials,true
GET,/api/pos/requests,modules/pos/presentation/requests.controller.ts,48,findAll,pos,"PermissionGuard",false,,svc,requestService.findAll,true
GET,/api/pos/requests/:id,modules/pos/presentation/requests.controller.ts,57,findOne,pos,"PermissionGuard",false,,svc,requestService.findOne,true
POST,/api/pos/requests,modules/pos/presentation/requests.controller.ts,66,createRequest,pos,"PermissionGuard",false,,svc,requestService.createRequest,true
PATCH,/api/pos/requests/approve,modules/pos/presentation/requests.controller.ts,75,approveRequest,pos,"PermissionGuard",false,,svc,requestService.approveRequest,true
PATCH,/api/pos/requests/reject,modules/pos/presentation/requests.controller.ts,84,rejectRequest,pos,"PermissionGuard",false,,svc,requestService.rejectRequest,true
POST,/api/pos/requests/issue,modules/pos/presentation/requests.controller.ts,93,issueFromRequest,pos,"PermissionGuard",false,,svc,requestService.issueFromRequest,true
GET,/api/pos/stock,modules/pos/presentation/stock.controller.ts,45,getAllStock,pos,"PermissionGuard",false,,svc,stockLedgerService.getAllSummary,true
POST,/api/pos/stock/adjust,modules/pos/presentation/stock.controller.ts,52,adjustStock,pos,"PermissionGuard",false,,svc,stockLedgerService.adjustStock,true
GET,/api/pos/stock/low-alerts,modules/pos/presentation/stock.controller.ts,70,getLowAlerts,pos,"PermissionGuard",false,,svc,stockLedgerService.getLowAlerts,true
GET,/api/pos/stock/expiry-alerts,modules/pos/presentation/stock.controller.ts,77,getExpiryAlerts,pos,"PermissionGuard",false,,svc,stockLedgerService.getExpiryAlerts,true
GET,/api/pos/stock/movements,modules/pos/presentation/stock.controller.ts,90,getStockMovements,pos,"PermissionGuard",false,,svc,stockLedgerService.getMovements,true
GET,/api/pos/stock/:warehouseId/:materialId,modules/pos/presentation/stock.controller.ts,103,getBalance,pos,"PermissionGuard",false,,svc,stockLedgerService.getBalance,true
POST,/api/pos/sync/push,modules/pos/presentation/sync.controller.ts,49,push,pos,"PermissionGuard",false,,svc,syncService.push,true
POST,/api/pos/sync/pull,modules/pos/presentation/sync.controller.ts,60,pull,pos,"PermissionGuard",false,,svc,syncService.pull,true
GET,/api/pos/sync/status,modules/pos/presentation/sync.controller.ts,68,getStatus,pos,"PermissionGuard",false,,svc,syncService.getStatus,true
GET,/api/pos/warehouse-config/types,modules/pos/presentation/warehouse-config.controller.ts,26,types,pos,"PermissionGuard",false,,svc,svc.listTypes,true
GET,/api/pos/warehouse-config/warehouses,modules/pos/presentation/warehouse-config.controller.ts,34,warehouses,pos,"PermissionGuard",false,,svc,svc.listWarehouses,true
GET,/api/pos/warehouse-config/warehouses/:id/stock,modules/pos/presentation/warehouse-config.controller.ts,43,warehouseStock,pos,"PermissionGuard",false,,svc,svc.getWarehouseStock,true
GET,/api/pos/warehouse-config/materials/:materialId/movements,modules/pos/presentation/warehouse-config.controller.ts,51,materialMovements,pos,"PermissionGuard",false,,svc,svc.getMaterialMovements,true
GET,/api/pos/warehouse-config/dashboard,modules/pos/presentation/warehouse-config.controller.ts,59,dashboard,pos,"PermissionGuard",false,,svc,svc.getDashboard,true
GET,/api/pos/wh-features/warehouse/:warehouseId/employees,modules/pos/presentation/warehouse-features.controller.ts,55,listEmployees,pos,"PermissionGuard",false,,svc,employees.listByWarehouse,true
GET,/api/pos/wh-features/user/:userId/warehouses,modules/pos/presentation/warehouse-features.controller.ts,63,listUserWarehouses,pos,"PermissionGuard",false,,svc,employees.listByUser,true
POST,/api/pos/wh-features/warehouse/:warehouseId/employees,modules/pos/presentation/warehouse-features.controller.ts,70,assignEmployee,pos,"PermissionGuard",false,,svc,employees.assign,true
DELETE,/api/pos/wh-features/employees/:assignmentId,modules/pos/presentation/warehouse-features.controller.ts,93,removeEmployee,pos,"PermissionGuard",false,,svc,employees.remove,true
POST,/api/pos/wh-features/movement/:movementId/auto-barcode,modules/pos/presentation/warehouse-features.controller.ts,105,generateBarcodes,pos,"PermissionGuard",false,,svc,autoBarcode.generateForMovement,true
GET,/api/pos/wh-features/movement/:movementId/barcodes,modules/pos/presentation/warehouse-features.controller.ts,112,listBarcodes,pos,"PermissionGuard",false,,svc,autoBarcode.listForMovement,true
GET,/api/pos/wh-features/material/:materialId/profile,modules/pos/presentation/warehouse-features.controller.ts,121,getMaterialProfile,pos,"PermissionGuard",false,,svc,material360.getProfile,true
POST,/api/pos/wh-features/movement/:movementId/gl-post,modules/pos/presentation/warehouse-features.controller.ts,133,postGl,pos,"PermissionGuard",false,,svc,autoGl.postForMovement,true
GET,/api/pos/wh-features/movement/:movementId/gl-postings,modules/pos/presentation/warehouse-features.controller.ts,140,listGl,pos,"PermissionGuard",false,,svc,autoGl.listForMovement,true
GET,/api/pos/wh-features/gl/journal,modules/pos/presentation/warehouse-features.controller.ts,147,getGlJournal,pos,"PermissionGuard",false,,svc,autoGl.getJournal,true
GET,/api/pos/wh-features/kpi/warehouses,modules/pos/presentation/warehouse-features.controller.ts,165,getWarehouseKpis,pos,"PermissionGuard",false,,svc,kpi.getWarehouseKpis,true
GET,/api/pos/wh-features/kpi/system,modules/pos/presentation/warehouse-features.controller.ts,172,getSystemKpi,pos,"PermissionGuard",false,,svc,kpi.getSystemKpi,true
GET,/api/pos/wh-features/grn,modules/pos/presentation/warehouse-features.controller.ts,181,listGrn,pos,"PermissionGuard",false,,svc,grn.findAll,true
POST,/api/pos/wh-features/grn,modules/pos/presentation/warehouse-features.controller.ts,199,createGrn,pos,"PermissionGuard",false,,svc,grn.create,true
POST,/api/pos/wh-features/grn/:id/approve,modules/pos/presentation/warehouse-features.controller.ts,220,approveGrn,pos,"PermissionGuard",false,,svc,grn.approve,true
GET,/api/pos/wh-features/quarantine,modules/pos/presentation/warehouse-features.controller.ts,232,getQuarantine,pos,"PermissionGuard",false,,svc,quarantine.listQuarantine,true
POST,/api/pos/wh-features/movement/:id/move-to-quarantine,modules/pos/presentation/warehouse-features.controller.ts,239,moveToQuarantine,pos,"PermissionGuard",false,,svc,quarantine.moveToQuarantine,true
POST,/api/pos/wh-features/movement/:id/qc-decision,modules/pos/presentation/warehouse-features.controller.ts,246,qcDecision,pos,"PermissionGuard",false,,svc,quarantine.qcDecision,true
GET,/api/pos/wh-features/three-way-match/variances,modules/pos/presentation/warehouse-features.controller.ts,259,listVariances,pos,"PermissionGuard",false,,svc,threeWay.listVariances,true
POST,/api/pos/wh-features/three-way-match,modules/pos/presentation/warehouse-features.controller.ts,266,createMatch,pos,"PermissionGuard",false,,svc,threeWay.match,true
POST,/api/pos/wh-features/three-way-match/auto,modules/pos/presentation/warehouse-features.controller.ts,286,autoMatch,pos,"PermissionGuard",false,,svc,threeWay.autoMatchAll,true
GET,/api/pos-v2/barcode/lookup,modules/pos-v2/presentation/barcode.controller.ts,36,lookupViaQuery,pos-v2,"RolesGuard",false,,svc,queryBus.execute,false
POST,/api/pos-v2/barcode/lookup,modules/pos-v2/presentation/barcode.controller.ts,51,lookupViaBody,pos-v2,"RolesGuard",false,,svc,queryBus.execute,false
POST,/api/pos-v2/inventory-counts,modules/pos-v2/presentation/inventory-count.controller.ts,56,createCount,pos-v2,"RolesGuard",false,,svc,commandBus.execute,false
GET,/api/pos-v2/inventory-counts,modules/pos-v2/presentation/inventory-count.controller.ts,72,findCounts,pos-v2,"RolesGuard",false,,svc,queryBus.execute,false
GET,/api/pos-v2/inventory-counts/:id,modules/pos-v2/presentation/inventory-count.controller.ts,85,findCountById,pos-v2,"RolesGuard",false,,svc,queryBus.execute,false
PATCH,/api/pos-v2/inventory-counts/:id/lines/:lineId,modules/pos-v2/presentation/inventory-count.controller.ts,99,updateCountLine,pos-v2,"RolesGuard",false,,svc,commandBus.execute,false
PATCH,/api/pos-v2/inventory-counts/:id/complete,modules/pos-v2/presentation/inventory-count.controller.ts,116,completeCount,pos-v2,"RolesGuard",false,'manager',svc,commandBus.execute,false
PATCH,/api/pos-v2/inventory-counts/:id/approve,modules/pos-v2/presentation/inventory-count.controller.ts,129,approveCount,pos-v2,"RolesGuard",false,'manager','super_admin',svc,commandBus.execute,false
GET,/api/pos-v2/reports/movements,modules/pos-v2/presentation/reports.controller.ts,43,getMovementReport,pos-v2,"RolesGuard",false,'manager','super_admin','director',svc,queryBus.execute,false
GET,/api/pos-v2/reports/employee-activity,modules/pos-v2/presentation/reports.controller.ts,62,getEmployeeActivity,pos-v2,"RolesGuard",false,'manager','super_admin',svc,queryBus.execute,false
GET,/api/pos-v2/reports/low-stock,modules/pos-v2/presentation/reports.controller.ts,81,getLowStockReport,pos-v2,"RolesGuard",false,'manager','super_admin','director',svc,queryBus.execute,false
GET,/api/pos-v2/transfer-requests,modules/pos-v2/presentation/requests.controller.ts,52,findRequests,pos-v2,"RolesGuard",false,,svc,queryBus.execute,false
GET,/api/pos-v2/transfer-requests/:id,modules/pos-v2/presentation/requests.controller.ts,72,findRequestById,pos-v2,"RolesGuard",false,,svc,queryBus.execute,false
POST,/api/pos-v2/transfer-requests,modules/pos-v2/presentation/requests.controller.ts,87,createRequest,pos-v2,"RolesGuard",false,,svc,commandBus.execute,false
PATCH,/api/pos-v2/transfer-requests/:id/status,modules/pos-v2/presentation/requests.controller.ts,116,updateStatus,pos-v2,"RolesGuard",false,'manager',svc,commandBus.execute,false
GET,/api/pp/bom,modules/pp/presentation/pp-bom.controller.ts,52,listBoms,pp,"RolesGuard",false,Role.TECHNOLOGIST,Role.SUPER_ADMIN,Role.DIRECTOR,svc,queryBus.execute,true
GET,/api/pp/bom/:id,modules/pp/presentation/pp-bom.controller.ts,62,getById,pp,"RolesGuard",false,Role.TECHNOLOGIST,Role.SUPER_ADMIN,Role.DIRECTOR,svc,logger.log,true
POST,/api/pp/bom,modules/pp/presentation/pp-bom.controller.ts,72,create,pp,"RolesGuard",false,Role.SUPER_ADMIN,svc,bomService.create,true
PATCH,/api/pp/bom/:id,modules/pp/presentation/pp-bom.controller.ts,84,updateBom,pp,"RolesGuard",false,Role.SUPER_ADMIN,svc,logger.log,true
POST,/api/pp/bom/:id/approve,modules/pp/presentation/pp-bom.controller.ts,96,approveBom,pp,"RolesGuard",false,Role.SUPER_ADMIN,svc,commandBus.execute,true
DELETE,/api/pp/bom/:id,modules/pp/presentation/pp-bom.controller.ts,109,deleteBom,pp,"RolesGuard",false,Role.SUPER_ADMIN,svc,logger.log,true
GET,/api/equipment,modules/pp/presentation/pp-equipment.controller.ts,45,list,pp,"RolesGuard",false,,svc,svc.listEquipment,true
GET,/api/equipment/:id,modules/pp/presentation/pp-equipment.controller.ts,56,getById,pp,"RolesGuard",false,,svc,svc.getEquipment,true
POST,/api/equipment,modules/pp/presentation/pp-equipment.controller.ts,64,create,pp,"RolesGuard",false,,svc,svc.createEquipment,true
PATCH,/api/equipment/:id,modules/pp/presentation/pp-equipment.controller.ts,74,update,pp,"RolesGuard",false,,svc,svc.updateEquipment,true
POST,/api/pp/mrp/run,modules/pp/presentation/pp-intelligence.controller.ts,49,runMrp,pp,"",false,,svc,svc.runMrp,true
GET,/api/pp/mps,modules/pp/presentation/pp-intelligence.controller.ts,60,getMps,pp,"",false,,svc,mpsSvc.getMps,false
GET,/api/pp/crp,modules/pp/presentation/pp-intelligence.controller.ts,68,getCrp,pp,"",false,,svc,crpSvc.getCrp,true
GET,/api/pp/learning-curve/:productId,modules/pp/presentation/pp-intelligence.controller.ts,82,getLearningCurve,pp,"",false,,svc,svc.getLearningCurve,false
GET,/api/pp/orders,modules/pp/presentation/pp-orders.controller.ts,55,getAll,pp,"RolesGuard",false,Role.TECHNOLOGIST,Role.SUPER_ADMIN,Role.DIRECTOR,Role.SEX_BOSHLIG,svc,logger.log,true
GET,/api/pp/orders/:id,modules/pp/presentation/pp-orders.controller.ts,81,getById,pp,"RolesGuard",false,Role.TECHNOLOGIST,Role.SUPER_ADMIN,Role.DIRECTOR,Role.SEX_BOSHLIG,svc,logger.log,true
POST,/api/pp/orders,modules/pp/presentation/pp-orders.controller.ts,93,create,pp,"RolesGuard",false,Role.SUPER_ADMIN,svc,commandBus.execute,true
PATCH,/api/pp/orders/:id/release,modules/pp/presentation/pp-orders.controller.ts,115,release,pp,"RolesGuard",false,Role.SUPER_ADMIN,svc,commandBus.execute,true
GET,/api/pp/orders/plan/:startDate/:endDate,modules/pp/presentation/pp-orders.controller.ts,129,getProductionPlan,pp,"RolesGuard",false,Role.TECHNOLOGIST,Role.SUPER_ADMIN,Role.DIRECTOR,Role.SEX_BOSHLIG,svc,queryBus.execute,true
GET,/api/planning/schedule,modules/pp/presentation/pp-planning.controller.ts,46,getSchedule,pp,"RolesGuard",false,,svc,svc.getSchedule,true
POST,/api/planning/schedule,modules/pp/presentation/pp-planning.controller.ts,59,createScheduleEntry,pp,"RolesGuard",false,,svc,svc.createScheduleEntry,true
PATCH,/api/planning/operations/:id,modules/pp/presentation/pp-planning.controller.ts,68,updateOperation,pp,"RolesGuard",false,,svc,svc.updateOperation,true
GET,/api/pp/routing,modules/pp/presentation/pp-routing.controller.ts,52,listRoutings,pp,"RolesGuard",false,Role.TECHNOLOGIST,Role.SUPER_ADMIN,Role.DIRECTOR,svc,queryBus.execute,true
GET,/api/pp/routing/:id,modules/pp/presentation/pp-routing.controller.ts,62,getById,pp,"RolesGuard",false,Role.TECHNOLOGIST,Role.SUPER_ADMIN,Role.DIRECTOR,stub/dead,logger.log,true
POST,/api/pp/routing,modules/pp/presentation/pp-routing.controller.ts,73,create,pp,"RolesGuard",false,Role.SUPER_ADMIN,stub/dead,logger.log,true
PATCH,/api/pp/routing/:id,modules/pp/presentation/pp-routing.controller.ts,91,updateRouting,pp,"RolesGuard",false,Role.SUPER_ADMIN,svc,logger.log,true
POST,/api/pp/routing/:id/approve,modules/pp/presentation/pp-routing.controller.ts,102,approveRouting,pp,"RolesGuard",false,Role.SUPER_ADMIN,svc,commandBus.execute,true
DELETE,/api/pp/routing/:id,modules/pp/presentation/pp-routing.controller.ts,118,deleteRouting,pp,"RolesGuard",false,Role.SUPER_ADMIN,svc,logger.log,true
GET,/api/pp/work-centers,modules/pp/presentation/pp-work-centers.controller.ts,48,getAll,pp,"RolesGuard",false,Role.SUPER_ADMIN,Role.PRODUCTION_MANAGER,svc,logger.log,true
GET,/api/pp/work-centers/stats,modules/pp/presentation/pp-work-centers.controller.ts,58,getStats,pp,"RolesGuard",false,Role.SUPER_ADMIN,Role.PRODUCTION_MANAGER,svc,logger.log,true
GET,/api/pp/work-centers/:id,modules/pp/presentation/pp-work-centers.controller.ts,68,getById,pp,"RolesGuard",false,Role.SUPER_ADMIN,Role.PRODUCTION_MANAGER,svc,logger.log,true
POST,/api/pp/work-centers,modules/pp/presentation/pp-work-centers.controller.ts,82,create,pp,"RolesGuard",false,Role.SUPER_ADMIN,Role.PRODUCTION_MANAGER,svc,logger.log,true
PUT,/api/pp/work-centers/:id,modules/pp/presentation/pp-work-centers.controller.ts,103,update,pp,"RolesGuard",false,Role.SUPER_ADMIN,Role.PRODUCTION_MANAGER,svc,logger.log,true
PATCH,/api/pp/work-centers/:id/toggle-active,modules/pp/presentation/pp-work-centers.controller.ts,125,toggleActive,pp,"RolesGuard",false,Role.SUPER_ADMIN,svc,logger.log,true
GET,/api/production/reports/weekly,modules/pp/production/production-reports.controller.ts,52,weeklyReport,pp,"RolesGuard",false,,svc,svc.weeklyReport,true
GET,/api/production/stats,modules/pp/production/production-reports.controller.ts,64,stats,pp,"RolesGuard",false,,svc,svc.getProductionStats,true
GET,/api/production/orders/:id/360-card,modules/pp/production/production-reports.controller.ts,72,order360Card,pp,"RolesGuard",false,,svc,svc.getOrder360Card,true
GET,/api/production/orders,modules/pp/production/production-reports.controller.ts,81,getOrders,pp,"RolesGuard",false,,real?,,true
GET,/api/production/shift-reports,modules/pp/production/production-shift-reports.controller.ts,54,list,pp,"RolesGuard",false,,svc,svc.listShiftReports,true
GET,/api/production/shift-reports/:id,modules/pp/production/production-shift-reports.controller.ts,65,getById,pp,"RolesGuard",false,,svc,svc.getShiftReport,true
POST,/api/production/shift-reports,modules/pp/production/production-shift-reports.controller.ts,75,create,pp,"RolesGuard",false,,svc,svc.createShiftReport,true
PATCH,/api/production/shift-reports/:id,modules/pp/production/production-shift-reports.controller.ts,85,update,pp,"RolesGuard",false,,svc,svc.updateShiftReport,true
POST,/api/production/shift-reports/:id/close,modules/pp/production/production-shift-reports.controller.ts,97,close,pp,"RolesGuard",false,,svc,svc.closeShiftReport,true
PUT,/api/production/shift-reports/:id/close,modules/pp/production/production-shift-reports.controller.ts,109,putClose,pp,"RolesGuard",false,,svc,svc.closeShiftReport,true
POST,/api/production/shift-reports/:id/downtime,modules/pp/production/production-shift-reports.controller.ts,121,addDowntime,pp,"RolesGuard",false,,svc,svc.addShiftDowntime,true
GET,/api/technology/dashboard,modules/pp/technology/technology.controller.ts,36,getDashboard,pp,"JwtAuthGuard, RolesGuard",false,Role.SUPER_ADMIN,Role.DIRECTOR,Role.TECHNOLOGIST,svc,svc.getDashboard,true
GET,/api/technology/orders,modules/pp/technology/technology.controller.ts,43,getOrders,pp,"JwtAuthGuard, RolesGuard",false,Role.SUPER_ADMIN,Role.DIRECTOR,Role.TECHNOLOGIST,svc,svc.getOrders,true
GET,/api/technology/orders/:id/approval-log,modules/pp/technology/technology.controller.ts,50,getApprovalLog,pp,"JwtAuthGuard, RolesGuard",false,Role.SUPER_ADMIN,Role.DIRECTOR,Role.TECHNOLOGIST,svc,svc.getApprovalLog,true
GET,/api/technology/orders/:id/tech-card,modules/pp/technology/technology.controller.ts,57,getOrderTechCard,pp,"JwtAuthGuard, RolesGuard",false,Role.SUPER_ADMIN,Role.DIRECTOR,Role.TECHNOLOGIST,svc,svc.getOrderTechCard,true
GET,/api/technology/tech-cards,modules/pp/technology/technology.controller.ts,64,getTechCards,pp,"JwtAuthGuard, RolesGuard",false,Role.SUPER_ADMIN,Role.DIRECTOR,Role.TECHNOLOGIST,svc,svc.getTechCards,false
GET,/api/technology/materials/alternatives,modules/pp/technology/technology.controller.ts,71,getMaterialAlternatives,pp,"JwtAuthGuard, RolesGuard",false,Role.SUPER_ADMIN,Role.DIRECTOR,Role.TECHNOLOGIST,svc,svc.getMaterialAlternatives,true
POST,/api/technology/orders/:id/ai-check,modules/pp/technology/technology.controller.ts,78,runAiCheck,pp,"JwtAuthGuard, RolesGuard",false,Role.SUPER_ADMIN,Role.DIRECTOR,Role.TECHNOLOGIST,svc,svc.runAiCheck,true
POST,/api/technology/orders/:id/approve,modules/pp/technology/technology.controller.ts,85,approveOrder,pp,"JwtAuthGuard, RolesGuard",false,Role.SUPER_ADMIN,Role.DIRECTOR,Role.TECHNOLOGIST,svc,svc.approveOrder,true
POST,/api/technology/orders/:id/reject,modules/pp/technology/technology.controller.ts,94,rejectOrder,pp,"JwtAuthGuard, RolesGuard",false,Role.SUPER_ADMIN,Role.DIRECTOR,Role.TECHNOLOGIST,stub/dead,svc.rejectOrder,true
GET,/api/technology/cards,modules/pp/technology/technology.controller.ts,103,getCards,pp,"JwtAuthGuard, RolesGuard",false,Role.SUPER_ADMIN,Role.DIRECTOR,Role.TECHNOLOGIST,stub/dead,svc.getCards,true
POST,/api/technology/cards/generate,modules/pp/technology/technology.controller.ts,110,generateCard,pp,"JwtAuthGuard, RolesGuard",false,Role.SUPER_ADMIN,Role.DIRECTOR,Role.TECHNOLOGIST,stub/dead,svc.getCardById,true
GET,/api/technology/cards/:id,modules/pp/technology/technology.controller.ts,117,getCardById,pp,"JwtAuthGuard, RolesGuard",false,Role.SUPER_ADMIN,Role.DIRECTOR,Role.TECHNOLOGIST,stub/dead,svc.getCardById,true
POST,/api/technology/cards/:id/optimize,modules/pp/technology/technology.controller.ts,126,optimizeCard,pp,"JwtAuthGuard, RolesGuard",false,Role.SUPER_ADMIN,Role.DIRECTOR,Role.TECHNOLOGIST,stub/dead,,true
POST,/api/print/ink-coverage,modules/qc/presentation/print.controller.ts,68,inkCoverage,qc,"JwtAuthGuard, PermissionGuard",false,,svc,inkSvc.estimateInkConsumption,true
POST,/api/print/imposition,modules/qc/presentation/print.controller.ts,84,imposition,qc,"JwtAuthGuard, PermissionGuard",false,,svc,impositionSvc.pack,true
GET,/api/print/spoilage/:jobId,modules/qc/presentation/print.controller.ts,96,getSpoilageByJob,qc,"JwtAuthGuard, PermissionGuard",false,,svc,spoilageSvc.getJobSpoilageData,false
POST,/api/print/spoilage,modules/qc/presentation/print.controller.ts,111,spoilage,qc,"JwtAuthGuard, PermissionGuard",false,,svc,spoilageSvc.calculate,false
GET,/api/qc/braks,modules/qc/presentation/qc-defects-extended.controller.ts,44,listBraks,qc,"",false,,svc,svc.listBraks,true
GET,/api/qc/defects/extended,modules/qc/presentation/qc-defects-extended.controller.ts,53,listDefectsExtended,qc,"",false,,svc,svc.listBraks,true
GET,/api/qc/braks/stats,modules/qc/presentation/qc-defects-extended.controller.ts,61,getBrakStats,qc,"",false,,svc,svc.getBrakStats,true
GET,/api/qc/braks/cost-impact/:papkaOrderId,modules/qc/presentation/qc-defects-extended.controller.ts,69,getBrakCostImpact,qc,"",false,,svc,svc.getBrakCostImpact,true
POST,/api/qc/braks,modules/qc/presentation/qc-defects-extended.controller.ts,77,createBrak,qc,"",false,...QC_FLOOR_ROLES,svc,svc.createBrak,true
GET,/api/qc/supplier-quality,modules/qc/presentation/qc-defects-extended.controller.ts,96,listSupplierQuality,qc,"",false,,svc,svc.listSupplierQuality,true
POST,/api/qc/supplier-quality,modules/qc/presentation/qc-defects-extended.controller.ts,104,createSupplierQuality,qc,"",false,...QC_WRITE_ROLES,svc,svc.createSupplierQuality,true
GET,/api/qc/dashboard/stats,modules/qc/presentation/qc-defects-extended.controller.ts,124,getDashboardStats,qc,"",false,,svc,svc.getDashboardStats,true
GET,/api/qc/dashboard/flow,modules/qc/presentation/qc-defects-extended.controller.ts,131,getDashboardFlow,qc,"",false,,svc,svc.getDashboardFlow,true
GET,/api/qc/approvals,modules/qc/presentation/qc-defects-extended.controller.ts,138,listApprovals,qc,"",false,,svc,svc.listApprovals,false
POST,/api/qc/approvals,modules/qc/presentation/qc-defects-extended.controller.ts,146,createApproval,qc,"",false,...QC_WRITE_ROLES,svc,svc.createApproval,false
PATCH,/api/qc/approvals/:id,modules/qc/presentation/qc-defects-extended.controller.ts,162,updateApproval,qc,"",false,...QC_WRITE_ROLES,svc,svc.updateApproval,false
PATCH,/api/qc/reclamations/:id,modules/qc/presentation/qc-defects-extended.controller.ts,177,updateReclamation,qc,"",false,...QC_WRITE_ROLES,svc,svc.updateReclamation,true
GET,/api/qc/defects,modules/qc/presentation/qc-defects.controller.ts,70,getDefects,qc,"RolesGuard",false,,svc,queryBus.execute,true
GET,/api/qc/defects/stats,modules/qc/presentation/qc-defects.controller.ts,83,getDefectStats,qc,"RolesGuard",false,Role.QC_MANAGER,Role.SUPER_ADMIN,svc,queryBus.execute,true
GET,/api/qc/defects/:id,modules/qc/presentation/qc-defects.controller.ts,96,getDefectById,qc,"RolesGuard",false,,svc,queryBus.execute,true
POST,/api/qc/defects,modules/qc/presentation/qc-defects.controller.ts,107,reportDefect,qc,"RolesGuard",false,Role.QC_MANAGER,Role.PRODUCTION_MANAGER,svc,commandBus.execute,true
PATCH,/api/qc/defects/:id/resolve,modules/qc/presentation/qc-defects.controller.ts,124,resolveDefect,qc,"RolesGuard",false,Role.QC_MANAGER,Role.SUPER_ADMIN,svc,commandBus.execute,true
GET,/api/qc/braks/cost-impact,modules/qc/presentation/qc-defects.controller.ts,139,getBraksCostImpact,qc,"RolesGuard",false,,real?,,true
GET,/api/qc/pending/qc,modules/qc/presentation/qc-defects.controller.ts,154,getPendingQc,qc,"RolesGuard",false,,real?,,true
PATCH,/api/qc/approve/finance/:orderId,modules/qc/presentation/qc-defects.controller.ts,169,approveFinance,qc,"RolesGuard",false,,real?,,true
POST,/api/qc/approve/finance/:orderId,modules/qc/presentation/qc-defects.controller.ts,188,postApproveFinance,qc,"RolesGuard",false,,real?,,true
PATCH,/api/qc/approve/qc/:orderId,modules/qc/presentation/qc-defects.controller.ts,207,approveQc,qc,"RolesGuard",false,,real?,,true
POST,/api/qc/approve/qc/:orderId,modules/qc/presentation/qc-defects.controller.ts,226,postApproveQc,qc,"RolesGuard",false,,real?,,true
PATCH,/api/qc/reject/:orderId,modules/qc/presentation/qc-defects.controller.ts,245,rejectOrder,qc,"RolesGuard",false,,real?,,true
POST,/api/qc/reject/:orderId,modules/qc/presentation/qc-defects.controller.ts,256,postRejectOrder,qc,"RolesGuard",false,,real?,,true
PATCH,/api/qc/inspector-submit/:orderId,modules/qc/presentation/qc-defects.controller.ts,267,inspectorSubmit,qc,"RolesGuard",false,,real?,,true
POST,/api/qc/inspector-submit/:orderId,modules/qc/presentation/qc-defects.controller.ts,278,postInspectorSubmit,qc,"RolesGuard",false,,real?,,true
GET,/api/qc/dpmo/:processId,modules/qc/presentation/qc-dpmo.controller.ts,36,getDpmoByProcess,qc,"JwtAuthGuard, PermissionGuard",false,,svc,dpmoSvc.getProcessDpmoData,false
POST,/api/qc/dpmo,modules/qc/presentation/qc-dpmo.controller.ts,49,calculateDpmo,qc,"JwtAuthGuard, PermissionGuard",false,,svc,dpmoSvc.calculate,false
GET,/api/qc/standards,modules/qc/presentation/qc-extended.controller.ts,46,listStandards,qc,"",false,,svc,svc.listStandards,true
GET,/api/qc/standards/:id,modules/qc/presentation/qc-extended.controller.ts,54,getStandard,qc,"",false,,svc,svc.getStandard,true
POST,/api/qc/standards,modules/qc/presentation/qc-extended.controller.ts,66,createStandard,qc,"",false,...QC_WRITE_ROLES,svc,svc.createStandard,true
PATCH,/api/qc/standards/:id,modules/qc/presentation/qc-extended.controller.ts,78,updateStandard,qc,"",false,...QC_WRITE_ROLES,svc,svc.updateStandard,true
GET,/api/qc/final-inspections,modules/qc/presentation/qc-extended.controller.ts,91,listFinalInspections,qc,"",false,,svc,svc.listFinalInspections,true
GET,/api/qc/final-orders,modules/qc/presentation/qc-extended.controller.ts,99,getFinalOrders,qc,"",false,,svc,svc.getFinalOrders,true
POST,/api/qc/final-inspections,modules/qc/presentation/qc-extended.controller.ts,107,createFinalInspection,qc,"",false,...QC_WRITE_ROLES,svc,svc.createFinalInspection,true
POST,/api/qc/final-inspections/:id/complete,modules/qc/presentation/qc-extended.controller.ts,118,completeFinalInspection,qc,"",false,...QC_WRITE_ROLES,svc,svc.completeFinalInspection,true
GET,/api/qc/in-process,modules/qc/presentation/qc-extended.controller.ts,131,listInProcess,qc,"",false,,svc,svc.listInProcess,false
POST,/api/qc/in-process,modules/qc/presentation/qc-extended.controller.ts,139,createInProcessInspection,qc,"",false,...QC_FLOOR_ROLES,svc,svc.createInProcessInspection,false
GET,/api/qc/root-causes,modules/qc/presentation/qc-extended.controller.ts,148,listRootCauses,qc,"",false,,svc,svc.listRootCauses,false
POST,/api/qc/root-causes,modules/qc/presentation/qc-extended.controller.ts,156,createRootCause,qc,"",false,...QC_WRITE_ROLES,svc,svc.createRootCause,false
PATCH,/api/qc/root-causes/:id,modules/qc/presentation/qc-extended.controller.ts,167,updateRootCause,qc,"",false,...QC_WRITE_ROLES,svc,svc.updateRootCause,false
GET,/api/qc/inspections,modules/qc/presentation/qc-inspections.controller.ts,54,listInspections,qc,"JwtAuthGuard, RolesGuard",false,,svc,queryBus.execute,true
GET,/api/qc/inspections/:id,modules/qc/presentation/qc-inspections.controller.ts,66,getInspection,qc,"JwtAuthGuard, RolesGuard",false,,svc,logger.log,true
POST,/api/qc/inspections,modules/qc/presentation/qc-inspections.controller.ts,76,createInspection,qc,"JwtAuthGuard, RolesGuard",false,,svc,commandBus.execute,true
POST,/api/qc/inspections/:id/submit,modules/qc/presentation/qc-inspections.controller.ts,87,submitInspection,qc,"JwtAuthGuard, RolesGuard",false,,svc,commandBus.execute,true
PATCH,/api/qc/inspections/:id,modules/qc/presentation/qc-inspections.controller.ts,101,updateInspection,qc,"JwtAuthGuard, RolesGuard",false,,svc,logger.log,true
DELETE,/api/qc/inspections/:id,modules/qc/presentation/qc-inspections.controller.ts,119,deleteInspection,qc,"JwtAuthGuard, RolesGuard",false,,svc,logger.log,true
GET,/api/qc/dashboard,modules/qc/presentation/qc-new.controller.ts,54,getDashboard,qc,"JwtAuthGuard, RolesGuard",false,...QC_ROLES,svc,svc.getDashboard,true
GET,/api/qc/checkpoints,modules/qc/presentation/qc-new.controller.ts,61,getCheckpoints,qc,"JwtAuthGuard, RolesGuard",false,...QC_ROLES,svc,svc.getCheckpoints,true
POST,/api/qc/checkpoints,modules/qc/presentation/qc-new.controller.ts,68,createCheckpoint,qc,"JwtAuthGuard, RolesGuard",false,...QC_ROLES,svc,svc.createCheckpoint,true
GET,/api/qc/ai-trend,modules/qc/presentation/qc-new.controller.ts,76,getAiTrend,qc,"JwtAuthGuard, RolesGuard",false,...QC_ROLES,svc,svc.getAiTrend,true
GET,/api/qc/certificates,modules/qc/presentation/qc-new.controller.ts,83,getCertificates,qc,"JwtAuthGuard, RolesGuard",false,...QC_ROLES,svc,svc.getCertificates,true
GET,/api/qc/lab-tests,modules/qc/presentation/qc-new.controller.ts,90,getLabTests,qc,"JwtAuthGuard, RolesGuard",false,...QC_ROLES,svc,svc.getLabTests,true
POST,/api/qc/lab-tests,modules/qc/presentation/qc-new.controller.ts,97,createLabTest,qc,"JwtAuthGuard, RolesGuard",false,...QC_ROLES,svc,svc.createLabTest,true
GET,/api/qc/spc/control-chart,modules/qc/presentation/qc-new.controller.ts,105,getSpcControlChart,qc,"JwtAuthGuard, RolesGuard",false,...QC_ROLES,svc,svc.getSpcControlChart,true
GET,/api/qc/control-charts,modules/qc/presentation/qc-new.controller.ts,113,getControlCharts,qc,"JwtAuthGuard, RolesGuard",false,...QC_ROLES,svc,spcSvc.getControlChart,true
GET,/api/qc/control-charts/:processId,modules/qc/presentation/qc-new.controller.ts,131,getControlChart,qc,"JwtAuthGuard, RolesGuard",false,...QC_ROLES,svc,spcSvc.getControlChart,true
GET,/api/qc/supplier-quality/ratings,modules/qc/presentation/qc-new.controller.ts,143,getSupplierQualityRatings,qc,"JwtAuthGuard, RolesGuard",false,...QC_ROLES,svc,svc.getSupplierQualityRatings,true
GET,/api/qc/parameters/grouped,modules/qc/presentation/qc-parameters.controller.ts,53,getParametersGrouped,qc,"JwtAuthGuard, RolesGuard",false,...QC_ROLES,svc,svc.getParametersGrouped,true
GET,/api/qc/parameters/paper,modules/qc/presentation/qc-parameters.controller.ts,60,getPaperParameters,qc,"JwtAuthGuard, RolesGuard",false,...QC_ROLES,svc,svc.getParametersGrouped,true
POST,/api/qc/parameters,modules/qc/presentation/qc-parameters.controller.ts,74,createParameter,qc,"JwtAuthGuard, RolesGuard",false,...QC_ADMIN,svc,svc.createParameter,true
PATCH,/api/qc/parameters/:id,modules/qc/presentation/qc-parameters.controller.ts,83,updateParameter,qc,"JwtAuthGuard, RolesGuard",false,...QC_ADMIN,svc,svc.updateParameter,true
DELETE,/api/qc/parameters/:id,modules/qc/presentation/qc-parameters.controller.ts,91,deleteParameter,qc,"JwtAuthGuard, RolesGuard",false,...QC_ADMIN,svc,svc.deleteParameter,true
POST,/api/qc/seed-parameters,modules/qc/presentation/qc-parameters.controller.ts,99,seedParameters,qc,"JwtAuthGuard, RolesGuard",false,...QC_ADMIN,svc,svc.seedParameters,true
GET,/api/qc/tests,modules/qc/presentation/qc-parameters.controller.ts,106,getTests,qc,"JwtAuthGuard, RolesGuard",false,...QC_ROLES,svc,svc.getTests,true
GET,/api/qc/tests/recent,modules/qc/presentation/qc-parameters.controller.ts,113,getRecentTests,qc,"JwtAuthGuard, RolesGuard",false,...QC_ROLES,svc,svc.getRecentTests,true
GET,/api/qc/tests/:id,modules/qc/presentation/qc-parameters.controller.ts,120,getTestById,qc,"JwtAuthGuard, RolesGuard",false,...QC_ROLES,svc,svc.createTest,true
POST,/api/qc/tests,modules/qc/presentation/qc-parameters.controller.ts,138,createTest,qc,"JwtAuthGuard, RolesGuard",false,...QC_ROLES,svc,svc.createTest,true
POST,/api/qc/tests/:id/ai-analyze,modules/qc/presentation/qc-parameters.controller.ts,147,aiAnalyzeTest,qc,"JwtAuthGuard, RolesGuard",false,...QC_ROLES,svc,svc.aiAnalyzeTest,true
DELETE,/api/qc/standards/:id,modules/qc/presentation/qc-parameters.controller.ts,154,deleteStandard,qc,"JwtAuthGuard, RolesGuard",false,...QC_ADMIN,svc,svc.deleteStandard,true
GET,/api/qc/reclamations,modules/qc/presentation/qc-reclamations.controller.ts,50,getReclamations,qc,"RolesGuard",false,,svc,queryBus.execute,true
GET,/api/qc/reclamations/stats,modules/qc/presentation/qc-reclamations.controller.ts,63,getReclamationStats,qc,"RolesGuard",false,Role.QC_MANAGER,Role.SUPER_ADMIN,svc,queryBus.execute,true
GET,/api/qc/reclamations/:id,modules/qc/presentation/qc-reclamations.controller.ts,83,getReclamationById,qc,"RolesGuard",false,,svc,queryBus.execute,true
POST,/api/qc/reclamations,modules/qc/presentation/qc-reclamations.controller.ts,94,createReclamation,qc,"RolesGuard",false,Role.SALES_MANAGER,Role.QC_MANAGER,Role.SUPER_ADMIN,svc,commandBus.execute,true
GET,/api/company-state/current,modules/remaining/company-state.controller.ts,30,getCurrent,remaining,"RolesGuard",false,,stub/dead,svc.getCurrent,true
GET,/api/company-state/current/v2,modules/remaining/company-state.controller.ts,40,getCurrentV2,remaining,"RolesGuard",false,,stub/dead,svc.getCurrent,true
GET,/api/exceptions,modules/remaining/exception-log.controller.ts,39,getAll,remaining,"JwtAuthGuard",false,,stub/dead,svc.getAll,true
GET,/api/exceptions/v2,modules/remaining/exception-log.controller.ts,52,getAllV2,remaining,"JwtAuthGuard",false,,stub/dead,svc.getAll,true
GET,/api/exceptions/stats,modules/remaining/exception-log.controller.ts,72,getStats,remaining,"JwtAuthGuard",false,,svc,svc.getStats,true
GET,/api/exceptions/:id,modules/remaining/exception-log.controller.ts,77,getOne,remaining,"JwtAuthGuard",false,,svc,svc.getOne,true
POST,/api/exceptions,modules/remaining/exception-log.controller.ts,82,create,remaining,"JwtAuthGuard",false,,svc,svc.create,true
POST,/api/exceptions/advance-bypass,modules/remaining/exception-log.controller.ts,88,advanceBypass,remaining,"JwtAuthGuard",false,,svc,svc.advanceBypass,true
POST,/api/exceptions/status-force,modules/remaining/exception-log.controller.ts,94,statusForce,remaining,"JwtAuthGuard",false,,svc,svc.statusForce,true
POST,/api/exceptions/design-reject,modules/remaining/exception-log.controller.ts,100,designReject,remaining,"JwtAuthGuard",false,,svc,svc.designReject,true
POST,/api/exceptions/advance-block,modules/remaining/exception-log.controller.ts,106,advanceBlock,remaining,"JwtAuthGuard",false,,svc,svc.advanceBlock,true
POST,/api/exceptions/material-shortage,modules/remaining/exception-log.controller.ts,112,materialShortage,remaining,"JwtAuthGuard",false,,svc,svc.materialShortage,true
POST,/api/exceptions/machine-breakdown,modules/remaining/exception-log.controller.ts,118,machineBreakdown,remaining,"JwtAuthGuard",false,,svc,svc.machineBreakdown,true
POST,/api/exceptions/qc-failed,modules/remaining/exception-log.controller.ts,124,qcFailed,remaining,"JwtAuthGuard",false,,svc,svc.qcFailed,true
POST,/api/exceptions/delivery-failed,modules/remaining/exception-log.controller.ts,130,deliveryFailed,remaining,"JwtAuthGuard",false,,svc,svc.deliveryFailed,true
POST,/api/exceptions/employee-absent,modules/remaining/exception-log.controller.ts,136,employeeAbsent,remaining,"JwtAuthGuard",false,,svc,svc.employeeAbsent,true
POST,/api/exceptions/material-not-returned,modules/remaining/exception-log.controller.ts,142,materialNotReturned,remaining,"JwtAuthGuard",false,,svc,svc.materialNotReturned,true
PATCH,/api/exceptions/:id,modules/remaining/exception-log.controller.ts,148,update,remaining,"JwtAuthGuard",false,,svc,svc.update,true
DELETE,/api/exceptions/:id,modules/remaining/exception-log.controller.ts,158,deleteOne,remaining,"JwtAuthGuard",false,,svc,svc.deleteOne,true
POST,/api/exceptions/cert-expiry-check,modules/remaining/exception-log.controller.ts,164,certExpiryCheck,remaining,"JwtAuthGuard",false,,svc,svc.certExpiryCheck,true
GET,/api/legacy/fi/stats,modules/remaining/fi.controller.ts,38,getStats,remaining,"JwtAuthGuard, RolesGuard",false,,stub/dead,svc.getStats,false
GET,/api/legacy/fi/recent-transactions,modules/remaining/fi.controller.ts,43,getRecentTransactions,remaining,"JwtAuthGuard, RolesGuard",false,,stub/dead,svc.getRecentTransactions,false
GET,/api/legacy/fi/cost-centers,modules/remaining/fi.controller.ts,48,getCostCenters,remaining,"JwtAuthGuard, RolesGuard",false,,stub/dead,svc.getCostCenters,false
GET,/api/legacy/fi/cost-centers/v2,modules/remaining/fi.controller.ts,57,getCostCentersV2,remaining,"JwtAuthGuard, RolesGuard",false,,stub/dead,svc.getCostCenters,false
GET,/api/legacy/fi/cost-centers/:id,modules/remaining/fi.controller.ts,67,getCostCenter,remaining,"JwtAuthGuard, RolesGuard",false,,svc,svc.getCostCenter,false
POST,/api/legacy/fi/cost-centers,modules/remaining/fi.controller.ts,72,createCostCenter,remaining,"JwtAuthGuard, RolesGuard|RolesGuard",false,'finance_manager','accountant','cfo','admin','super_admin',svc,svc.createCostCenter,false
PATCH,/api/legacy/fi/cost-centers/:id,modules/remaining/fi.controller.ts,80,updateCostCenter,remaining,"JwtAuthGuard, RolesGuard|RolesGuard",false,'finance_manager','accountant','cfo','admin','super_admin',svc,svc.updateCostCenter,false
DELETE,/api/legacy/fi/cost-centers/:id,modules/remaining/fi.controller.ts,87,deleteCostCenter,remaining,"JwtAuthGuard, RolesGuard|RolesGuard",false,'finance_manager','accountant','cfo','admin','super_admin',svc,svc.deleteCostCenter,false
GET,/api/legacy/fi/profit-centers,modules/remaining/fi.controller.ts,94,getProfitCenters,remaining,"JwtAuthGuard, RolesGuard",false,,svc,svc.getProfitCenters,false
GET,/api/legacy/fi/profit-centers/:id,modules/remaining/fi.controller.ts,99,getProfitCenter,remaining,"JwtAuthGuard, RolesGuard",false,,svc,svc.getProfitCenter,false
POST,/api/legacy/fi/profit-centers,modules/remaining/fi.controller.ts,104,createProfitCenter,remaining,"JwtAuthGuard, RolesGuard|RolesGuard",false,'finance_manager','accountant','cfo','admin','super_admin',svc,svc.createProfitCenter,false
PATCH,/api/legacy/fi/profit-centers/:id,modules/remaining/fi.controller.ts,112,updateProfitCenter,remaining,"JwtAuthGuard, RolesGuard|RolesGuard",false,'finance_manager','accountant','cfo','admin','super_admin',svc,svc.updateProfitCenter,false
DELETE,/api/legacy/fi/profit-centers/:id,modules/remaining/fi.controller.ts,119,deleteProfitCenter,remaining,"JwtAuthGuard, RolesGuard|RolesGuard",false,'finance_manager','accountant','cfo','admin','super_admin',svc,svc.deleteProfitCenter,false
GET,/api/legacy/fi/gl-documents,modules/remaining/fi.controller.ts,126,getGlDocuments,remaining,"JwtAuthGuard, RolesGuard",false,,svc,svc.getGlDocuments,false
POST,/api/legacy/fi/gl-documents,modules/remaining/fi.controller.ts,131,createGlDocument,remaining,"JwtAuthGuard, RolesGuard|RolesGuard",false,'finance_manager','accountant','cfo','admin','super_admin',svc,svc.createGlDocument,false
GET,/api/legacy/fi/gl-entries,modules/remaining/fi.controller.ts,139,getGlEntries,remaining,"JwtAuthGuard, RolesGuard",false,,svc,svc.getGlEntries,false
GET,/api/legacy/fi/invoices,modules/remaining/fi.controller.ts,144,getInvoices,remaining,"JwtAuthGuard, RolesGuard",false,,stub/dead,svc.getInvoices,false
GET,/api/legacy/fi/invoices/v2,modules/remaining/fi.controller.ts,156,getInvoicesV2,remaining,"JwtAuthGuard, RolesGuard",false,,stub/dead,svc.getInvoices,false
GET,/api/ideal-rasm,modules/remaining/ideal-rasm.controller.ts,34,getAll,remaining,"",false,,stub/dead,svc.getAll,true
GET,/api/ideal-rasm/v2,modules/remaining/ideal-rasm.controller.ts,44,getAllV2,remaining,"",false,,stub/dead,svc.getAll,true
PUT,/api/ideal-rasm,modules/remaining/ideal-rasm.controller.ts,55,updateAll,remaining,"RolesGuard",false,'director','super_admin','admin',svc,svc.updateAll,true
PUT,/api/ideal-rasm/:key,modules/remaining/ideal-rasm.controller.ts,62,updateOne,remaining,"RolesGuard",false,'director','super_admin','admin',svc,svc.updateOne,true
GET,/api/material-balance/overview,modules/remaining/material-balance.controller.ts,35,getOverview,remaining,"",false,,stub/dead,svc.getOverview,true
GET,/api/material-balance/overview/v2,modules/remaining/material-balance.controller.ts,45,getOverviewV2,remaining,"",false,,stub/dead,svc.getOverview,true
GET,/api/material-balance/alerts,modules/remaining/material-balance.controller.ts,52,getAlerts,remaining,"",false,,svc,svc.getAlerts,true
GET,/api/material-balance/internal-requests,modules/remaining/material-balance.controller.ts,57,getInternalRequests,remaining,"",false,,svc,svc.getInternalRequests,true
PATCH,/api/material-balance/internal-requests/:id/approve,modules/remaining/material-balance.controller.ts,62,approveRequest,remaining,"RolesGuard",false,'admin','super_admin','director','warehouse_manager','manager',svc,svc.approveRequest,true
PATCH,/api/material-balance/internal-requests/:id/issue,modules/remaining/material-balance.controller.ts,73,issueRequest,remaining,"RolesGuard",false,'admin','super_admin','director','warehouse_manager','manager',svc,svc.issueRequest,true
GET,/api/material-balance/production,modules/remaining/material-balance.controller.ts,80,getProduction,remaining,"",false,,svc,svc.getProduction,true
POST,/api/material-balance/production/take,modules/remaining/material-balance.controller.ts,85,takeMaterial,remaining,"RolesGuard",false,'admin','super_admin','production_manager','pp_manager','manager',svc,svc.takeMaterial,true
POST,/api/material-balance/production/use,modules/remaining/material-balance.controller.ts,92,useMaterial,remaining,"RolesGuard",false,'admin','super_admin','production_manager','pp_manager','manager',svc,svc.useMaterial,true
POST,/api/material-balance/production/return,modules/remaining/material-balance.controller.ts,99,returnMaterial,remaining,"RolesGuard",false,'admin','super_admin','production_manager','pp_manager','manager',svc,svc.returnMaterial,true
POST,/api/material-balance/negative-stock-check,modules/remaining/material-balance.controller.ts,106,negativeStockCheck,remaining,"",false,,svc,svc.negativeStockCheck,false
GET,/api/material-balance/:materialId/history,modules/remaining/material-balance.controller.ts,111,getHistory,remaining,"",false,,svc,svc.getHistory,false
GET,/api/material-balance/movements,modules/remaining/material-balance.controller.ts,124,getMovements,remaining,"",false,,real?,,true
POST,/api/material-balance/movements,modules/remaining/material-balance.controller.ts,134,createMovement,remaining,"",false,,svc,svc.getReconciliation,true
GET,/api/material-balance/:materialId/reconciliation,modules/remaining/material-balance.controller.ts,158,getReconciliation,remaining,"",false,,svc,svc.getReconciliation,false
GET,/api/material-balance/warehouse/:warehouseId,modules/remaining/material-balance.controller.ts,163,getByWarehouse,remaining,"",false,,svc,svc.getByWarehouse,false
GET,/api/order-status/chain,modules/remaining/order-status.controller.ts,36,getStatusChain,remaining,"JwtAuthGuard",false,,svc,svc.getStatusChain,true
GET,/api/order-status/transitions,modules/remaining/order-status.controller.ts,43,getTransitions,remaining,"JwtAuthGuard",false,,stub/dead,svc.getStatusLog,true
GET,/api/order-status/:orderId/log,modules/remaining/order-status.controller.ts,48,getStatusLog,remaining,"JwtAuthGuard",false,,stub/dead,svc.getStatusLog,true
GET,/api/order-status/:orderId/log/v2,modules/remaining/order-status.controller.ts,58,getStatusLogV2,remaining,"JwtAuthGuard",false,,stub/dead,svc.getStatusLog,true
POST,/api/order-status/:orderId/transition,modules/remaining/order-status.controller.ts,70,transition,remaining,"JwtAuthGuard",false,,svc,svc.transition,false
POST,/api/order-status/:orderId/design-approved,modules/remaining/order-status.controller.ts,80,designApproved,remaining,"JwtAuthGuard",false,,svc,svc.designApproved,false
POST,/api/order-status/:orderId/tech-approved,modules/remaining/order-status.controller.ts,89,techApproved,remaining,"JwtAuthGuard",false,,svc,svc.techApproved,false
POST,/api/order-status/:orderId/advance-received,modules/remaining/order-status.controller.ts,95,advanceReceived,remaining,"JwtAuthGuard",false,,svc,svc.advanceReceived,false
POST,/api/order-status/:orderId/qc-result,modules/remaining/order-status.controller.ts,101,qcResult,remaining,"JwtAuthGuard",false,,svc,svc.qcResult,false
POST,/api/order-status/:orderId/mes-complete,modules/remaining/order-status.controller.ts,107,mesComplete,remaining,"JwtAuthGuard",false,,svc,svc.mesComplete,false
POST,/api/order-status/:orderId/delivery-failed,modules/remaining/order-status.controller.ts,113,deliveryFailed,remaining,"JwtAuthGuard",false,,svc,svc.deliveryFailed,false
GET,/api/order-status/:orderId/machine-breakdown,modules/remaining/order-status.controller.ts,119,getMachineBreakdown,remaining,"JwtAuthGuard",false,,real?,,false
GET,/api/production-facts,modules/remaining/production-facts.controller.ts,30,getAll,remaining,"",false,,stub/dead,svc.getAll,true
GET,/api/production-facts/variance,modules/remaining/production-facts.controller.ts,35,getVariance,remaining,"",false,,stub/dead,svc.getVariance,true
GET,/api/production-facts/operators,modules/remaining/production-facts.controller.ts,40,getOperators,remaining,"",false,,stub/dead,svc.getOperators,true
GET,/api/production-facts/operators/v2,modules/remaining/production-facts.controller.ts,50,getOperatorsV2,remaining,"",false,,stub/dead,svc.getOperators,true
POST,/api/production-facts,modules/remaining/production-facts.controller.ts,60,create,remaining,"RolesGuard",false,'admin','super_admin','production_manager','pp_manager','operator',svc,svc.create,true
GET,/api/reports-hub/dashboard,modules/remaining/reports-hub.controller.ts,34,getDashboard,remaining,"RolesGuard",false,,stub/dead,svc.getDashboard,true
GET,/api/reports-hub/categories,modules/remaining/reports-hub.controller.ts,39,getCategories,remaining,"RolesGuard",false,,stub/dead,svc.getCategories,true
GET,/api/reports-hub/definitions,modules/remaining/reports-hub.controller.ts,44,getDefinitions,remaining,"RolesGuard",false,,stub/dead,svc.getDefinitions,true
GET,/api/reports-hub/definitions/v2,modules/remaining/reports-hub.controller.ts,54,getDefinitionsV2,remaining,"RolesGuard",false,,stub/dead,svc.getDefinitions,true
POST,/api/reports-hub/definitions,modules/remaining/reports-hub.controller.ts,64,createDefinition,remaining,"RolesGuard",false,,svc,svc.createDefinition,true
GET,/api/reports-hub/runs,modules/remaining/reports-hub.controller.ts,70,getRuns,remaining,"RolesGuard",false,,svc,svc.getRuns,true
GET,/api/reports-hub/runs/:runId,modules/remaining/reports-hub.controller.ts,75,getRun,remaining,"RolesGuard",false,,svc,svc.getRun,true
POST,/api/reports-hub/generate/:definitionId,modules/remaining/reports-hub.controller.ts,80,generateReport,remaining,"RolesGuard",false,,svc,svc.generateReport,true
POST,/api/reports-hub/seed-categories,modules/remaining/reports-hub.controller.ts,89,seedCategories,remaining,"RolesGuard",false,,svc,svc.seedCategories,true
GET,/api/reports-hub/subscriptions,modules/remaining/reports-hub.controller.ts,94,getSubscriptions,remaining,"RolesGuard",false,,svc,svc.getSubscriptions,true
POST,/api/reports-hub/subscriptions,modules/remaining/reports-hub.controller.ts,99,createSubscription,remaining,"RolesGuard",false,,svc,svc.createSubscription,true
DELETE,/api/reports-hub/subscriptions/:id,modules/remaining/reports-hub.controller.ts,108,deleteSubscription,remaining,"RolesGuard",false,,svc,svc.deleteSubscription,true
GET,/api/system/health,modules/remaining/system.controller.ts,33,getHealth,remaining,"RolesGuard",false,,svc,svc.getHealth,true
GET,/api/system/db-stats,modules/remaining/system.controller.ts,38,getDbStats,remaining,"RolesGuard",false,,stub/dead,svc.getDbStats,true
GET,/api/system/cron-jobs,modules/remaining/system.controller.ts,43,getCronJobs,remaining,"RolesGuard",false,,stub/dead,svc.getCronJobs,true
GET,/api/system/cron-jobs/v2,modules/remaining/system.controller.ts,55,getCronJobsV2,remaining,"RolesGuard",false,,stub/dead,svc.getCronJobs,true
GET,/api/system,modules/remaining/system.controller.ts,66,getSystemInfo,remaining,"RolesGuard",false,,svc,svc.getIntegrations,true
GET,/api/system/integrations,modules/remaining/system.controller.ts,69,getIntegrations,remaining,"RolesGuard",false,,svc,svc.getIntegrations,true
POST,/api/supply-chain/refresh,modules/remaining/system.controller.ts,83,refresh,remaining,"RolesGuard",false,'admin','super_admin','director','purchaser','purchase_manager',svc,svc.getSettings,false
GET,/api/system/settings,modules/remaining/system.controller.ts,99,getSettings,remaining,"RolesGuard",false,'admin','super_admin','director',svc,svc.getSettings,false
PUT,/api/system/settings,modules/remaining/system.controller.ts,104,updateSettings,remaining,"RolesGuard",false,,svc,svc.updateSettings,false
GET,/api/3way-match/results,modules/remaining/three-way-match.controller.ts,35,getResults,remaining,"RolesGuard",false,...CAN_VIEW,stub/dead,svc.getResults,true
GET,/api/3way-match/results/v2,modules/remaining/three-way-match.controller.ts,51,getResultsV2,remaining,"RolesGuard",false,...CAN_VIEW,stub/dead,svc.getResults,true
POST,/api/3way-match/perform,modules/remaining/three-way-match.controller.ts,68,perform,remaining,"RolesGuard",false,...CAN_MATCH,svc,svc.perform,true
GET,/api/waste/records,modules/remaining/waste.controller.ts,30,getRecords,remaining,"",false,,stub/dead,svc.getRecords,true
GET,/api/waste/records/v2,modules/remaining/waste.controller.ts,40,getRecordsV2,remaining,"",false,,stub/dead,svc.getRecords,true
POST,/api/waste/records,modules/remaining/waste.controller.ts,50,createRecord,remaining,"RolesGuard",false,'admin','super_admin','production_manager','pp_manager','operator','manager',svc,svc.createRecord,true
PATCH,/api/waste/records/:id,modules/remaining/waste.controller.ts,58,updateRecord,remaining,"RolesGuard",false,'admin','super_admin','production_manager','pp_manager','manager',svc,svc.updateRecord,true
GET,/api/waste/dashboard,modules/remaining/waste.controller.ts,65,getDashboard,remaining,"",false,,svc,svc.getDashboard,true
GET,/api/waste/trends,modules/remaining/waste.controller.ts,70,getTrends,remaining,"",false,,svc,svc.getTrends,true
GET,/api/waste/targets,modules/remaining/waste.controller.ts,75,getTargets,remaining,"",false,,svc,svc.getTargets,true
POST,/api/waste/targets,modules/remaining/waste.controller.ts,80,createTarget,remaining,"RolesGuard",false,'admin','super_admin','director','manager',svc,svc.createTarget,true
GET,/api/waste/analysis,modules/remaining/waste.controller.ts,88,getAnalysis,remaining,"",false,,svc,svc.getAnalysis,true
GET,/api/weekly-plans/stats/summary,modules/remaining/weekly-plan.controller.ts,33,getStatsSummary,remaining,"RolesGuard",false,,svc,svc.getStatsSummary,true
GET,/api/weekly-plans,modules/remaining/weekly-plan.controller.ts,38,getAll,remaining,"RolesGuard",false,,svc,svc.getAll,true
GET,/api/weekly-plans/v2,modules/remaining/weekly-plan.controller.ts,56,getAllV2,remaining,"RolesGuard",false,,stub/dead,svc.getAll,true
POST,/api/weekly-plans,modules/remaining/weekly-plan.controller.ts,73,create,remaining,"RolesGuard",false,,svc,svc.create,true
GET,/api/weekly-plans/:id,modules/remaining/weekly-plan.controller.ts,84,getOne,remaining,"RolesGuard",false,,svc,svc.getOne,true
PATCH,/api/weekly-plans/:id,modules/remaining/weekly-plan.controller.ts,91,update,remaining,"RolesGuard",false,,svc,svc.update,true
PATCH,/api/weekly-plans/:id/approve,modules/remaining/weekly-plan.controller.ts,102,approve,remaining,"RolesGuard",false,,svc,svc.approve,true
DELETE,/api/weekly-plans/:id,modules/remaining/weekly-plan.controller.ts,109,deletePlan,remaining,"RolesGuard",false,'admin','super_admin','director','manager','department_head',svc,svc.deletePlan,true
GET,/api/sd/contracts,modules/sd/presentation/sd-contracts.controller.ts,35,list,sd,"JwtAuthGuard, RolesGuard",false,,real?,,true
PATCH,/api/sd/contracts/:id/sign,modules/sd/presentation/sd-contracts.controller.ts,75,sign,sd,"JwtAuthGuard, RolesGuard",false,'sales_manager','director','super_admin',real?,,true
GET,/api/sd/customers,modules/sd/presentation/sd-customers.controller.ts,109,list,sd,"JwtAuthGuard, RolesGuard",false,,svc,svc.list,true
GET,/api/sd/customers/export,modules/sd/presentation/sd-customers.controller.ts,123,exportCustomers,sd,"JwtAuthGuard, RolesGuard",false,'super_admin','director','sales_manager',svc,svc.exportCsv,true
GET,/api/sd/customers/:id,modules/sd/presentation/sd-customers.controller.ts,140,getById,sd,"JwtAuthGuard, RolesGuard",false,,svc,svc.getById,true
GET,/api/sd/customers/:id/360,modules/sd/presentation/sd-customers.controller.ts,177,get360View,sd,"JwtAuthGuard, RolesGuard",false,,svc,svc.get360View,true
POST,/api/sd/customers,modules/sd/presentation/sd-customers.controller.ts,188,create,sd,"JwtAuthGuard, RolesGuard",false,...SD_WRITE_ROLES,svc,i18n.t,true
PUT,/api/sd/customers/:id,modules/sd/presentation/sd-customers.controller.ts,202,update,sd,"JwtAuthGuard, RolesGuard",false,...SD_WRITE_ROLES,svc,svc.update,true
DELETE,/api/sd/customers/:id,modules/sd/presentation/sd-customers.controller.ts,219,delete,sd,"JwtAuthGuard, RolesGuard|RolesGuard",false,'super_admin','director',svc,svc.softDelete,true
GET,/api/sd/customers/:id/contacts,modules/sd/presentation/sd-customers.controller.ts,230,getContacts,sd,"JwtAuthGuard, RolesGuard",false,,svc,svc.getContacts,true
POST,/api/sd/customers/:id/contacts,modules/sd/presentation/sd-customers.controller.ts,239,addContact,sd,"JwtAuthGuard, RolesGuard",false,...SD_WRITE_ROLES,svc,svc.addContact,true
PUT,/api/sd/customers/:id/contacts/:cid,modules/sd/presentation/sd-customers.controller.ts,255,updateContact,sd,"JwtAuthGuard, RolesGuard",false,...SD_WRITE_ROLES,svc,svc.updateContact,true
DELETE,/api/sd/customers/:id/contacts/:cid,modules/sd/presentation/sd-customers.controller.ts,276,deleteContact,sd,"JwtAuthGuard, RolesGuard|RolesGuard",false,...SD_WRITE_ROLES,svc,svc.deleteContact,true
GET,/api/sd/customers/:id/interactions,modules/sd/presentation/sd-customers.controller.ts,287,getInteractions,sd,"JwtAuthGuard, RolesGuard",false,,svc,svc.getInteractions,true
POST,/api/sd/customers/:id/interactions,modules/sd/presentation/sd-customers.controller.ts,296,addInteraction,sd,"JwtAuthGuard, RolesGuard",false,...SD_WRITE_ROLES,svc,svc.addInteraction,true
GET,/api/sd/customers/:id/documents,modules/sd/presentation/sd-customers.controller.ts,306,getDocuments,sd,"JwtAuthGuard, RolesGuard",false,,svc,svc.getDocuments,true
POST,/api/sd/customers/:id/documents,modules/sd/presentation/sd-customers.controller.ts,315,addDocument,sd,"JwtAuthGuard, RolesGuard",false,...SD_WRITE_ROLES,svc,svc.addDocument,true
DELETE,/api/sd/customers/:id/documents/:did,modules/sd/presentation/sd-customers.controller.ts,326,deleteDocument,sd,"JwtAuthGuard, RolesGuard|RolesGuard",false,...SD_WRITE_ROLES,svc,svc.deleteDocument,true
GET,/api/sd/customers/:id/competitors,modules/sd/presentation/sd-customers.controller.ts,337,getCompetitors,sd,"JwtAuthGuard, RolesGuard",false,,svc,svc.getCompetitors,true
POST,/api/sd/customers/:id/competitors,modules/sd/presentation/sd-customers.controller.ts,346,addCompetitor,sd,"JwtAuthGuard, RolesGuard",false,...SD_WRITE_ROLES,svc,i18n.t,true
DELETE,/api/sd/customers/:id/competitors/:coid,modules/sd/presentation/sd-customers.controller.ts,358,deleteCompetitor,sd,"JwtAuthGuard, RolesGuard|RolesGuard",false,...SD_WRITE_ROLES,svc,svc.deleteCompetitor,true
GET,/api/sd/customers/:id/nps,modules/sd/presentation/sd-customers.controller.ts,370,getNps,sd,"JwtAuthGuard, RolesGuard",false,,svc,svc.getNps,true
POST,/api/sd/customers/:id/nps,modules/sd/presentation/sd-customers.controller.ts,379,addNps,sd,"JwtAuthGuard, RolesGuard",false,...SD_WRITE_ROLES,svc,svc.addNps,true
PATCH,/api/sd/customers/:id/internal,modules/sd/presentation/sd-customers.controller.ts,391,updateInternalNotes,sd,"JwtAuthGuard, RolesGuard",false,...SD_WRITE_ROLES,svc,svc.updateInternalNotes,true
GET,/api/sd/customers/:id/complaints,modules/sd/presentation/sd-customers.controller.ts,401,getComplaints,sd,"JwtAuthGuard, RolesGuard",false,,svc,svc.getComplaints,true
POST,/api/sd/customers/:id/complaints,modules/sd/presentation/sd-customers.controller.ts,410,createComplaint,sd,"JwtAuthGuard, RolesGuard|RolesGuard",false,...SD_WRITE_ROLES,svc,svc.createComplaint,true
POST,/api/sd/customers/:id/complaints/:cid/resolve,modules/sd/presentation/sd-customers.controller.ts,430,resolveComplaint,sd,"JwtAuthGuard, RolesGuard|RolesGuard",false,...SD_WRITE_ROLES,svc,svc.resolveComplaint,true
GET,/api/sd/dashboard/overview,modules/sd/presentation/sd-dashboard.controller.ts,38,getOverview,sd,"JwtAuthGuard",false,,svc,svc.getOverview,true
GET,/api/sd/dashboard/manager-actions,modules/sd/presentation/sd-dashboard.controller.ts,45,getManagerActions,sd,"JwtAuthGuard",false,,svc,svc.getManagerActions,true
GET,/api/sd/dashboard/quota,modules/sd/presentation/sd-dashboard.controller.ts,52,getQuotaStats,sd,"JwtAuthGuard",false,,svc,svc.getQuotaStats,true
GET,/api/sd/deliveries,modules/sd/presentation/sd-deliveries.controller.ts,45,getDeliveries,sd,"JwtAuthGuard, RolesGuard",false,,svc,deliveriesService.findAll,true
POST,/api/sd/deliveries,modules/sd/presentation/sd-deliveries.controller.ts,54,createDelivery,sd,"JwtAuthGuard, RolesGuard",false,,svc,deliveriesService.create,true
GET,/api/sd/deliveries/:id,modules/sd/presentation/sd-deliveries.controller.ts,70,getDelivery,sd,"JwtAuthGuard, RolesGuard",false,,svc,deliveriesService.findOne,true
PATCH,/api/sd/deliveries/:id/status,modules/sd/presentation/sd-deliveries.controller.ts,79,updateDeliveryStatus,sd,"JwtAuthGuard, RolesGuard",false,,svc,deliveriesService.updateStatus,true
GET,/api/sd/invoices,modules/sd/presentation/sd-invoices.controller.ts,58,getInvoices,sd,"JwtAuthGuard, RolesGuard",false,Role.FINANCE_MANAGER,Role.SUPER_ADMIN,Role.DIRECTOR,Role.SALES_MANAGER,svc,queryBus.execute,true
GET,/api/sd/invoices/:id,modules/sd/presentation/sd-invoices.controller.ts,82,getInvoice,sd,"JwtAuthGuard, RolesGuard",false,Role.FINANCE_MANAGER,Role.SUPER_ADMIN,Role.DIRECTOR,Role.SALES_MANAGER,svc,queryBus.execute,true
POST,/api/sd/invoices,modules/sd/presentation/sd-invoices.controller.ts,97,createInvoice,sd,"JwtAuthGuard, RolesGuard",false,Role.FINANCE_MANAGER,Role.SUPER_ADMIN,Role.SALES_MANAGER,svc,commandBus.execute,true
GET,/api/sd/leads,modules/sd/presentation/sd-leads.controller.ts,43,list,sd,"JwtAuthGuard, RolesGuard",false,,svc,svc.list,true
GET,/api/sd/leads/stats,modules/sd/presentation/sd-leads.controller.ts,54,getStats,sd,"JwtAuthGuard, RolesGuard",false,,svc,svc.getStats,true
GET,/api/sd/leads/export,modules/sd/presentation/sd-leads.controller.ts,61,export,sd,"JwtAuthGuard, RolesGuard|RolesGuard",false,...SD_ADMIN_ROLES,svc,svc.exportLeads,true
POST,/api/sd/leads/import,modules/sd/presentation/sd-leads.controller.ts,71,importLeads,sd,"JwtAuthGuard, RolesGuard",false,...SD_ADMIN_ROLES,svc,svc.create,true
GET,/api/sd/leads/:id,modules/sd/presentation/sd-leads.controller.ts,91,getById,sd,"JwtAuthGuard, RolesGuard",false,,svc,svc.getById,true
POST,/api/sd/leads,modules/sd/presentation/sd-leads.controller.ts,103,create,sd,"JwtAuthGuard, RolesGuard",false,...SD_WRITE_ROLES,svc,svc.create,true
PATCH,/api/sd/leads/:id,modules/sd/presentation/sd-leads.controller.ts,115,update,sd,"JwtAuthGuard, RolesGuard",false,...SD_WRITE_ROLES,svc,svc.update,true
PUT,/api/sd/leads/:id/status,modules/sd/presentation/sd-leads.controller.ts,130,updateStatus,sd,"JwtAuthGuard, RolesGuard|RolesGuard",false,...SD_WRITE_ROLES,svc,svc.updateStatus,true
DELETE,/api/sd/leads/:id,modules/sd/presentation/sd-leads.controller.ts,145,delete,sd,"JwtAuthGuard, RolesGuard",false,...SD_ADMIN_ROLES,svc,svc.delete,true
POST,/api/sd/leads/:id/convert,modules/sd/presentation/sd-leads.controller.ts,156,convert,sd,"JwtAuthGuard, RolesGuard",false,...SD_WRITE_ROLES,svc,svc.convert,true
POST,/api/sd/leads/:id/activities,modules/sd/presentation/sd-leads.controller.ts,167,addActivity,sd,"JwtAuthGuard, RolesGuard",false,...SD_WRITE_ROLES,svc,svc.addActivity,true
GET,/api/sd/leads/:id/activities,modules/sd/presentation/sd-leads.controller.ts,177,getActivities,sd,"JwtAuthGuard, RolesGuard",false,,svc,svc.getActivities,true
GET,/api/sd/orders/:id/departments,modules/sd/presentation/sd-order-departments.controller.ts,30,list,sd,"JwtAuthGuard, RolesGuard",false,Role.SALES_MANAGER,Role.DIRECTOR,Role.SUPER_ADMIN,svc,svc.listForOrder,true
PATCH,/api/sd/orders/:id/departments,modules/sd/presentation/sd-order-departments.controller.ts,39,set,sd,"JwtAuthGuard, RolesGuard",false,Role.SALES_MANAGER,Role.DIRECTOR,Role.SUPER_ADMIN,svc,svc.setForOrder,true
GET,/api/sd/orders/:id/saga,modules/sd/presentation/sd-order-departments.controller.ts,49,saga,sd,"JwtAuthGuard, RolesGuard",false,Role.SALES_MANAGER,Role.DIRECTOR,Role.SUPER_ADMIN,svc,svc.getSaga,true
PATCH,/api/sd/orders/:id/molds/:moldId/status,modules/sd/presentation/sd-order-departments.controller.ts,58,setMoldStatus,sd,"JwtAuthGuard, RolesGuard",false,Role.PRODUCTION_MANAGER,Role.DIRECTOR,Role.SUPER_ADMIN,svc,svc.setMoldStatus,true
PATCH,/api/sd/orders/:id/tech-cards/:tcId/status,modules/sd/presentation/sd-order-departments.controller.ts,68,setDesignStatus,sd,"JwtAuthGuard, RolesGuard",false,Role.TECHNOLOGIST,Role.DIRECTOR,Role.SUPER_ADMIN,svc,svc.setDesignStatus,true
PATCH,/api/sd/orders/:id/cliches/:clicheId/status,modules/sd/presentation/sd-order-departments.controller.ts,78,setClicheStatus,sd,"JwtAuthGuard, RolesGuard",false,Role.TECHNOLOGIST,Role.DIRECTOR,Role.SUPER_ADMIN,svc,svc.setClicheStatus,true
PATCH,/api/sd/orders/:id/shipping/status,modules/sd/presentation/sd-order-departments.controller.ts,88,setShippingStatus,sd,"JwtAuthGuard, RolesGuard",false,Role.WAREHOUSE,Role.DIRECTOR,Role.SUPER_ADMIN,svc,svc.setShippingStatus,true
PATCH,/api/sd/orders/:id/materials/:reqId/status,modules/sd/presentation/sd-order-departments.controller.ts,98,setMaterialStatus,sd,"JwtAuthGuard, RolesGuard",false,Role.WAREHOUSE,Role.DIRECTOR,Role.SUPER_ADMIN,svc,svc.setMaterialStatus,true
GET,/api/sd/orders/export,modules/sd/presentation/sd-orders.controller.ts,51,exportOrders,sd,"JwtAuthGuard, RolesGuard",false,Role.SALES_MANAGER,Role.DIRECTOR,Role.SUPER_ADMIN,Role.FINANCE_MANAGER,svc,queryBus.execute,true
GET,/api/sd/orders,modules/sd/presentation/sd-orders.controller.ts,79,listOrders,sd,"JwtAuthGuard, RolesGuard",false,Role.SALES_MANAGER,Role.DIRECTOR,Role.SUPER_ADMIN,Role.FINANCE,svc,logger.log,true
GET,/api/sd/orders/pending-advance,modules/sd/presentation/sd-orders.controller.ts,95,getPendingAdvanceOrders,sd,"JwtAuthGuard, RolesGuard",false,Role.FINANCE,Role.DIRECTOR,Role.SUPER_ADMIN,svc,logger.log,true
GET,/api/sd/orders/:id,modules/sd/presentation/sd-orders.controller.ts,110,getOrder,sd,"JwtAuthGuard, RolesGuard",false,Role.SALES_MANAGER,Role.DIRECTOR,Role.SUPER_ADMIN,svc,logger.log,true
POST,/api/sd/orders,modules/sd/presentation/sd-orders.controller.ts,122,createOrder,sd,"JwtAuthGuard, RolesGuard",false,Role.SALES_MANAGER,Role.SUPER_ADMIN,svc,logger.log,true
PATCH,/api/sd/orders/:id/status,modules/sd/presentation/sd-orders.controller.ts,148,updateStatus,sd,"JwtAuthGuard, RolesGuard",false,Role.SALES_MANAGER,Role.SUPER_ADMIN,Role.DIRECTOR,svc,logger.log,true
POST,/api/sd/orders/:id/advance-bypass,modules/sd/presentation/sd-orders.controller.ts,163,bypassAdvance,sd,"JwtAuthGuard, RolesGuard",false,Role.DIRECTOR,Role.SUPER_ADMIN,svc,logger.log,true
PATCH,/api/sd/orders/:id/tech-checkpoint,modules/sd/presentation/sd-orders.controller.ts,178,approveCheckpoint,sd,"JwtAuthGuard, RolesGuard",false,Role.TECHNOLOGIST,Role.SUPER_ADMIN,svc,logger.log,true
POST,/api/sd/orders/:id/advance-payment,modules/sd/presentation/sd-orders.controller.ts,193,confirmAdvancePayment,sd,"JwtAuthGuard, RolesGuard",false,Role.FINANCE,Role.FINANCE_MANAGER,Role.DIRECTOR,Role.SUPER_ADMIN,svc,commandBus.execute,true
PUT,/api/sd/orders/:id/status,modules/sd/presentation/sd-orders.controller.ts,206,putOrderStatus,sd,"JwtAuthGuard, RolesGuard",false,Role.SALES_MANAGER,Role.SUPER_ADMIN,Role.DIRECTOR,svc,commandBus.execute,true
GET,/api/sd/payments,modules/sd/presentation/sd-payments.controller.ts,51,listPayments,sd,"",false,,svc,svc.list,true
POST,/api/sd/payments,modules/sd/presentation/sd-payments.controller.ts,68,createPayment,sd,"",false,,svc,svc.create,true
GET,/api/sd/payments/debitors,modules/sd/presentation/sd-payments.controller.ts,76,getDebitors,sd,"",false,,svc,svc.getDebitors,true
GET,/api/sd/payments/overdue,modules/sd/presentation/sd-payments.controller.ts,83,getOverdue,sd,"",false,,svc,svc.getOverdue,true
GET,/api/sd/debitors,modules/sd/presentation/sd-payments.controller.ts,90,getDebitorsList,sd,"",false,,svc,svc.getDebitors,true
GET,/api/sd/active-rentals,modules/sd/presentation/sd-payments.controller.ts,97,getActiveRentals,sd,"",false,,svc,svc.getActiveRentals,true
PUT,/api/sd/payments/:id,modules/sd/presentation/sd-payments.controller.ts,104,updatePayment,sd,"",false,,real?,,true
GET,/api/sd/quotations,modules/sd/presentation/sd-quotations.controller.ts,68,listQuotations,sd,"",false,,svc,svc.listQuotations,true
POST,/api/sd/quotations,modules/sd/presentation/sd-quotations.controller.ts,84,createQuotation,sd,"",false,,svc,svc.createQuotation,true
POST,/api/sd/contracts,modules/sd/presentation/sd-quotations.controller.ts,92,createContract,sd,"",false,,svc,svc.createContract,true
GET,/api/sd/price-formulas,modules/sd/presentation/sd-quotations.controller.ts,97,getPriceFormulas,sd,"",false,,svc,svc.getPriceSettings,true
POST,/api/sd/calculate-price,modules/sd/presentation/sd-quotations.controller.ts,105,calculatePrice,sd,"",false,,svc,svc.calculatePrice,true
GET,/api/sd/kpi/team,modules/sd/presentation/sd-quotations.controller.ts,117,getKpiTeam,sd,"",false,,svc,svc.getKpiTeam,true
GET,/api/sd/kpi-targets,modules/sd/presentation/sd-quotations.controller.ts,122,getKpiTargets,sd,"",false,,svc,svc.getKpiTargets,true
GET,/api/sd/reports/funnel,modules/sd/presentation/sd-quotations.controller.ts,129,getFunnelReport,sd,"",false,,svc,svc.getFunnelReport,true
POST,/api/sd/quotations/:id/convert-to-order,modules/sd/presentation/sd-quotations.controller.ts,136,convertToOrder,sd,"",false,,svc,svc.convertToOrder,true
POST,/api/sd/quotations/:id/convert,modules/sd/presentation/sd-quotations.controller.ts,143,convertQuotation,sd,"",false,,svc,svc.convertToOrder,true
POST,/api/sd/quotations/:id/send,modules/sd/presentation/sd-quotations.controller.ts,152,sendQuotation,sd,"",false,,svc,svc.sendQuotation,true
PUT,/api/sd/quotations/:id/send,modules/sd/presentation/sd-quotations.controller.ts,159,putSendQuotation,sd,"",false,,svc,svc.sendQuotation,true
PATCH,/api/sd/quotations/:id/approve,modules/sd/presentation/sd-quotations.controller.ts,166,approveQuotation,sd,"",false,,svc,svc.approveQuotation,true
PUT,/api/sd/quotations/:id/approve,modules/sd/presentation/sd-quotations.controller.ts,173,putApproveQuotation,sd,"",false,,svc,svc.approveQuotation,true
PATCH,/api/sd/quotations/:id,modules/sd/presentation/sd-quotations.controller.ts,180,updateQuotation,sd,"",false,,svc,svc.updateQuotation,true
DELETE,/api/sd/quotations/:id,modules/sd/presentation/sd-quotations.controller.ts,187,deleteQuotation,sd,"",false,,svc,svc.deleteQuotation,true
PATCH,/api/sd/kpi-targets/:id,modules/sd/presentation/sd-quotations.controller.ts,196,updateKpiTarget,sd,"",false,,svc,svc.updateKpiTarget,true
PATCH,/api/sd/orders/:id/cancel,modules/sd/presentation/sd-quotations.controller.ts,203,cancelOrder,sd,"",false,,svc,svc.cancelOrder,true
POST,/api/sd/orders/:id/cancel,modules/sd/presentation/sd-quotations.controller.ts,210,postCancelOrder,sd,"",false,,svc,svc.cancelOrder,true
PATCH,/api/sd/payments/:id/mark-paid,modules/sd/presentation/sd-quotations.controller.ts,217,markPaymentPaid,sd,"",false,,svc,svc.markPaymentPaid,true
PUT,/api/sd/payments/:id/mark-paid,modules/sd/presentation/sd-quotations.controller.ts,224,putMarkPaymentPaid,sd,"",false,,svc,svc.markPaymentPaid,true
PUT,/api/sd/contracts/:id/sign,modules/sd/presentation/sd-quotations.controller.ts,231,putSignContract,sd,"",false,,svc,svc.signContract,true
PUT,/api/sd/price-formulas,modules/sd/presentation/sd-quotations.controller.ts,237,putPriceFormulas,sd,"",false,,svc,svc.upsertPriceFormula,true
GET,/api/sales/invoices,modules/sd/sales/sales.controller.ts,49,listInvoices,sd,"RolesGuard",false,,svc,svc.listInvoices,false
GET,/api/sales/analytics/monthly-trend,modules/sd/sales/sales.controller.ts,65,getMonthlyTrend,sd,"RolesGuard",false,,svc,svc.getMonthlyTrend,true
GET,/api/sales/analytics/velocity,modules/sd/sales/sales.controller.ts,72,getVelocity,sd,"RolesGuard",false,,svc,svc.getVelocity,false
GET,/api/sales/commission/calculations,modules/sd/sales/sales.controller.ts,79,getCommissionCalculations,sd,"RolesGuard",false,,svc,svc.getCommissionCalculations,false
GET,/api/sales/forecast/accuracy,modules/sd/sales/sales.controller.ts,93,getForecastAccuracy,sd,"RolesGuard",false,,svc,svc.getForecastAccuracy,true
GET,/api/sales/forecast/generate,modules/sd/sales/sales.controller.ts,100,generateForecast,sd,"RolesGuard",false,,svc,svc.generateForecast,true
POST,/api/sales/forecast/generate,modules/sd/sales/sales.controller.ts,113,postGenerateForecast,sd,"RolesGuard",false,,svc,svc.generateForecast,true
GET,/api/sales/forecast/history,modules/sd/sales/sales.controller.ts,127,getForecastHistory,sd,"RolesGuard",false,,svc,svc.getForecastHistory,true
GET,/api/sales/targets/leaderboard,modules/sd/sales/sales.controller.ts,139,getLeaderboard,sd,"RolesGuard",false,,svc,svc.getLeaderboard,false
GET,/api/raci-crisis/tasks,modules/security/presentation/raci.controller.ts,51,listTasks,security,"RolesGuard",false,,svc,svc.listTasks,true
POST,/api/raci-crisis/tasks,modules/security/presentation/raci.controller.ts,59,createTask,security,"RolesGuard",false,,svc,svc.createTask,true
GET,/api/raci-crisis/tasks/:id/assignments,modules/security/presentation/raci.controller.ts,80,getTaskAssignments,security,"RolesGuard",false,,svc,svc.getTaskAssignments,true
POST,/api/raci-crisis/assignments,modules/security/presentation/raci.controller.ts,88,createAssignment,security,"RolesGuard",false,,svc,svc.createAssignment,false
DELETE,/api/raci-crisis/assignments/:id,modules/security/presentation/raci.controller.ts,102,deleteAssignment,security,"RolesGuard",false,,svc,svc.deleteAssignment,false
GET,/api/raci-crisis/stages,modules/security/presentation/raci.controller.ts,110,getStages,security,"RolesGuard",false,,svc,svc.getStages,false
GET,/api/raci-crisis/crises,modules/security/presentation/raci.controller.ts,117,listCrises,security,"RolesGuard",false,,svc,svc.listCrises,true
GET,/api/raci-crisis/assessments,modules/security/presentation/raci.controller.ts,124,listAssessments,security,"RolesGuard",false,,svc,svc.listAssessments,false
POST,/api/raci-crisis/assessments,modules/security/presentation/raci.controller.ts,132,createAssessment,security,"RolesGuard",false,,svc,svc.createAssessment,false
GET,/api/security,modules/security/presentation/security.controller.ts,87,getAll,security,"JwtAuthGuard, RolesGuard",false,Role.SUPER_ADMIN,Role.DIRECTOR,svc,queryBus.execute,true
GET,/api/security/:id,modules/security/presentation/security.controller.ts,110,getById,security,"JwtAuthGuard, RolesGuard",false,Role.SUPER_ADMIN,Role.DIRECTOR,svc,incidentRepo.findById,false
POST,/api/security/report,modules/security/presentation/security.controller.ts,121,reportIncident,security,"JwtAuthGuard, RolesGuard",false,,svc,commandBus.execute,false
PATCH,/api/security/:id,modules/security/presentation/security.controller.ts,138,updateIncident,security,"JwtAuthGuard, RolesGuard",false,Role.SUPER_ADMIN,Role.DIRECTOR,svc,commandBus.execute,false
PATCH,/api/security/:id/resolve,modules/security/presentation/security.controller.ts,155,resolveIncident,security,"JwtAuthGuard, RolesGuard",false,Role.SUPER_ADMIN,svc,commandBus.execute,false
POST,/api/security/visitors/:id/exit,modules/security/presentation/security.controller.ts,173,recordVisitorExit,security,"JwtAuthGuard, RolesGuard",false,Role.SUPER_ADMIN,Role.DIRECTOR,Role.SECURITY,svc,queryBus.execute,true
GET,/api/security/visitors,modules/security/presentation/security.controller.ts,183,getVisitors,security,"JwtAuthGuard, RolesGuard",false,Role.SUPER_ADMIN,Role.DIRECTOR,Role.SECURITY,svc,queryBus.execute,true
GET,/api/security/incidents,modules/security/presentation/security.controller.ts,192,getIncidents,security,"JwtAuthGuard, RolesGuard",false,Role.SUPER_ADMIN,Role.DIRECTOR,Role.SECURITY,svc,queryBus.execute,true
GET,/api/security/access-zones,modules/security/presentation/security.controller.ts,205,getAccessZones,security,"JwtAuthGuard, RolesGuard",false,Role.SUPER_ADMIN,Role.DIRECTOR,Role.SECURITY,stub/dead,accessSvc.findAll,true
GET,/api/security/attendance-records,modules/security/presentation/security.controller.ts,213,getAttendanceRecords,security,"JwtAuthGuard, RolesGuard",false,Role.SUPER_ADMIN,Role.DIRECTOR,Role.SECURITY,stub/dead,attendanceSvc.findAll,true
GET,/api/security/daily-summary,modules/security/presentation/security.controller.ts,221,getDailySummary,security,"JwtAuthGuard, RolesGuard",false,Role.SUPER_ADMIN,Role.DIRECTOR,Role.SECURITY,stub/dead,,true
GET,/api/security/fire-sensors,modules/security/presentation/security.controller.ts,227,getFireSensors,security,"JwtAuthGuard, RolesGuard",false,Role.SUPER_ADMIN,Role.DIRECTOR,Role.SECURITY,stub/dead,,true
GET,/api/security/ppe-checks,modules/security/presentation/security.controller.ts,233,getPpeChecks,security,"JwtAuthGuard, RolesGuard",false,Role.SUPER_ADMIN,Role.DIRECTOR,Role.SECURITY,stub/dead,,true
GET,/api/security/ppe-stats,modules/security/presentation/security.controller.ts,239,getPpeStats,security,"JwtAuthGuard, RolesGuard",false,Role.SUPER_ADMIN,Role.DIRECTOR,Role.SECURITY,stub/dead,,true
GET,/api/security/ppe-violations,modules/security/presentation/security.controller.ts,245,getPpeViolations,security,"JwtAuthGuard, RolesGuard",false,Role.SUPER_ADMIN,Role.DIRECTOR,Role.SECURITY,stub/dead,,true
PATCH,/api/security/visitors/:id/exit,modules/security/presentation/security.controller.ts,253,patchVisitorExit,security,"JwtAuthGuard, RolesGuard",false,Role.SUPER_ADMIN,Role.DIRECTOR,Role.SECURITY,real?,,true
POST,/api/security/visitors,modules/security/presentation/security.controller.ts,263,createVisitor,security,"JwtAuthGuard, RolesGuard",false,Role.SUPER_ADMIN,Role.DIRECTOR,Role.SECURITY,real?,,true
POST,/api/security/incidents,modules/security/presentation/security.controller.ts,283,createIncident,security,"JwtAuthGuard, RolesGuard",false,Role.SUPER_ADMIN,Role.DIRECTOR,Role.SECURITY,real?,,true
POST,/api/security/ppe-checks,modules/security/presentation/security.controller.ts,302,createPpeCheck,security,"JwtAuthGuard, RolesGuard",false,Role.SUPER_ADMIN,Role.DIRECTOR,Role.SECURITY,real?,,true
PUT,/api/storage/upload,modules/storage/storage.controller.ts,64,uploadFile,storage,"",false,,real?,,false
GET,/api/storage/*,modules/storage/storage.controller.ts,122,serveFile,storage,"",false,,real?,,false
GET,/api/inventory/advanced/analytics,modules/wms/presentation/inventory-advanced.controller.ts,30,getAnalytics,wms,"JwtAuthGuard, RolesGuard",false,,svc,svc.getAnalytics,false
GET,/api/inventory/advanced/counts,modules/wms/presentation/inventory-advanced.controller.ts,37,getCounts,wms,"JwtAuthGuard, RolesGuard",false,,svc,svc.getCounts,false
GET,/api/inventory/advanced/barcodes,modules/wms/presentation/inventory-advanced.controller.ts,53,getBarcodeAssignments,wms,"JwtAuthGuard, RolesGuard",false,,svc,svc.getBarcodeAssignments,false
GET,/api/inventory/materials,modules/wms/presentation/inventory-materials.controller.ts,58,listMaterials,wms,"JwtAuthGuard, RolesGuard",false,...INV_READ,svc,logger.log,true
GET,/api/inventory/materials/:id/360-card,modules/wms/presentation/inventory-materials.controller.ts,75,get360Card,wms,"JwtAuthGuard, RolesGuard",false,...INV_READ,svc,logger.log,true
PUT,/api/inventory/materials/:id,modules/wms/presentation/inventory-materials.controller.ts,86,updateMaterial,wms,"JwtAuthGuard, RolesGuard",false,...INV_WRITE,svc,logger.log,true
DELETE,/api/inventory/materials/:id,modules/wms/presentation/inventory-materials.controller.ts,98,deleteMaterial,wms,"JwtAuthGuard, RolesGuard",false,...INV_WRITE,stub/dead,logger.log,true
POST,/api/inventory/materials,modules/wms/presentation/inventory-materials.controller.ts,109,createMaterial,wms,"JwtAuthGuard, RolesGuard",false,...INV_WRITE,stub/dead,logger.log,true
GET,/api/inventory/materials/low-stock,modules/wms/presentation/inventory-materials.controller.ts,125,getLowStock,wms,"JwtAuthGuard, RolesGuard",false,...INV_READ,svc,logger.log,true
GET,/api/iot-enhanced/orders-for-kits,modules/wms/presentation/iot-enhanced.controller.ts,53,getOrdersForKits,wms,"JwtAuthGuard, RolesGuard",false,...IOT_READ,svc,logger.log,true
GET,/api/iot-enhanced/material-kits,modules/wms/presentation/iot-enhanced.controller.ts,64,getMaterialKits,wms,"JwtAuthGuard, RolesGuard",false,...IOT_READ,svc,logger.log,true
POST,/api/iot-enhanced/material-kits,modules/wms/presentation/iot-enhanced.controller.ts,74,createMaterialKit,wms,"JwtAuthGuard, RolesGuard",false,...IOT_WRITE,svc,logger.log,true
GET,/api/iot-enhanced/orders/:id/calculate-bom,modules/wms/presentation/iot-enhanced.controller.ts,85,calculateBom,wms,"JwtAuthGuard, RolesGuard",false,...IOT_READ,svc,logger.log,true
GET,/api/iot-enhanced/material-kits/:id/items,modules/wms/presentation/iot-enhanced.controller.ts,95,getKitItems,wms,"JwtAuthGuard, RolesGuard",false,...IOT_READ,svc,logger.log,true
POST,/api/iot-enhanced/material-kits/:id/items,modules/wms/presentation/iot-enhanced.controller.ts,106,addKitItem,wms,"JwtAuthGuard, RolesGuard",false,...IOT_WRITE,svc,logger.log,true
POST,/api/iot-enhanced/orders/:id/calculate-bom,modules/wms/presentation/iot-enhanced.controller.ts,118,postCalculateBom,wms,"JwtAuthGuard, RolesGuard",false,...IOT_READ,svc,logger.log,true
GET,/api/iot-enhanced/orders,modules/wms/presentation/iot-enhanced.controller.ts,128,getOrders,wms,"JwtAuthGuard, RolesGuard",false,,real?,,true
GET,/api/iot/material-kits,modules/wms/presentation/iot-material-kits.controller.ts,38,getMaterialKits,wms,"JwtAuthGuard, RolesGuard",false,...IOT_READ,svc,svc.getMaterialKits,true
POST,/api/iot/material-kits,modules/wms/presentation/iot-material-kits.controller.ts,49,createMaterialKit,wms,"JwtAuthGuard, RolesGuard",false,...IOT_WRITE,svc,svc.createMaterialKit,true
POST,/api/iot/material-kits/generate,modules/wms/presentation/iot-material-kits.controller.ts,63,generateMaterialKit,wms,"JwtAuthGuard, RolesGuard",false,...IOT_WRITE,svc,svc.generateMaterialKit,true
GET,/api/iot/material-kits/:id,modules/wms/presentation/iot-material-kits.controller.ts,78,getMaterialKitById,wms,"JwtAuthGuard, RolesGuard",false,...IOT_READ,svc,svc.getMaterialKitById,true
PATCH,/api/iot/material-kits/:id/prepare,modules/wms/presentation/iot-material-kits.controller.ts,88,prepareMaterialKit,wms,"JwtAuthGuard, RolesGuard",false,...IOT_WRITE,svc,svc.prepareMaterialKit,true
PATCH,/api/iot/material-kits/:id/ready,modules/wms/presentation/iot-material-kits.controller.ts,100,readyMaterialKit,wms,"JwtAuthGuard, RolesGuard",false,...IOT_WRITE,svc,svc.readyMaterialKit,true
GET,/api/iot/material-kits/:id/items,modules/wms/presentation/iot-material-kits.controller.ts,111,getKitItems,wms,"JwtAuthGuard, RolesGuard",false,...IOT_READ,svc,svc.getKitItems,true
GET,/api/warehouse-rental/records,modules/wms/presentation/warehouse-rental.controller.ts,40,getRecords,wms,"JwtAuthGuard, RolesGuard",false,...WR_READ,svc,logger.log,true
POST,/api/warehouse-rental/records,modules/wms/presentation/warehouse-rental.controller.ts,52,createRecord,wms,"JwtAuthGuard, RolesGuard",false,...WR_WRITE,svc,logger.log,true
GET,/api/warehouse-rental/summary,modules/wms/presentation/warehouse-rental.controller.ts,62,getSummary,wms,"JwtAuthGuard, RolesGuard",false,...WR_READ,svc,logger.log,true
GET,/api/warehouse-rental/settings,modules/wms/presentation/warehouse-rental.controller.ts,71,getSettings,wms,"JwtAuthGuard, RolesGuard",false,...WR_READ,svc,logger.log,true
PATCH,/api/warehouse-rental/settings,modules/wms/presentation/warehouse-rental.controller.ts,81,updateSettings,wms,"JwtAuthGuard, RolesGuard",false,...WR_WRITE,svc,logger.log,true
POST,/api/warehouse-rental/records/:id/close,modules/wms/presentation/warehouse-rental.controller.ts,93,closeRecord,wms,"JwtAuthGuard, RolesGuard",false,...WR_WRITE,svc,logger.log,true
POST,/api/warehouse-rental/records/:id/mark-paid,modules/wms/presentation/warehouse-rental.controller.ts,103,markPaid,wms,"JwtAuthGuard, RolesGuard",false,...WR_WRITE,svc,logger.log,true
PATCH,/api/warehouse-rental/records/:id/close,modules/wms/presentation/warehouse-rental.controller.ts,124,patchCloseRecord,wms,"JwtAuthGuard, RolesGuard",false,...WR_WRITE,svc,svc.closeRecord,true
PATCH,/api/warehouse-rental/records/:id/mark-paid,modules/wms/presentation/warehouse-rental.controller.ts,133,patchMarkPaid,wms,"JwtAuthGuard, RolesGuard",false,...WR_WRITE,svc,svc.markPaid,true
PUT,/api/warehouse-rental/settings,modules/wms/presentation/warehouse-rental.controller.ts,147,putSettings,wms,"JwtAuthGuard, RolesGuard",false,...WR_WRITE,svc,svc.updateSettings,true
GET,/api/wms/inventory-turnover,modules/wms/presentation/wms-analytics.controller.ts,30,getInventoryTurnover,wms,"",false,,svc,svc.getInventoryTurnover,false
GET,/api/wms/dead-stock,modules/wms/presentation/wms-analytics.controller.ts,38,getDeadStock,wms,"",false,,svc,svc.getDeadStock,false
GET,/api/wms/rop-alerts,modules/wms/presentation/wms-analytics.controller.ts,46,getRopAlerts,wms,"",false,,svc,svc.getRopAlerts,false
GET,/api/warehouse/printer-config,modules/wms/presentation/wms-barcode.controller.ts,61,getPrinterConfigs,wms,"JwtAuthGuard, RolesGuard",false,...WH_READ,real?,,true
POST,/api/warehouse/printer-config,modules/wms/presentation/wms-barcode.controller.ts,70,createPrinterConfig,wms,"JwtAuthGuard, RolesGuard",false,...WH_WRITE,real?,,true
PATCH,/api/warehouse/printer-config/:id,modules/wms/presentation/wms-barcode.controller.ts,91,updatePrinterConfig,wms,"JwtAuthGuard, RolesGuard",false,...WH_WRITE,real?,,true
DELETE,/api/warehouse/printer-config/:id,modules/wms/presentation/wms-barcode.controller.ts,110,deletePrinterConfig,wms,"JwtAuthGuard, RolesGuard",false,...WH_WRITE,real?,,true
GET,/api/warehouse/material-kits,modules/wms/presentation/wms-barcode.controller.ts,121,getMaterialKits,wms,"JwtAuthGuard, RolesGuard",false,...WH_READ,real?,,true
POST,/api/warehouse/material-kits,modules/wms/presentation/wms-barcode.controller.ts,130,createMaterialKit,wms,"JwtAuthGuard, RolesGuard",false,...WH_WRITE,real?,,true
PATCH,/api/warehouse/material-kits/:id/status,modules/wms/presentation/wms-barcode.controller.ts,151,updateMaterialKitStatus,wms,"JwtAuthGuard, RolesGuard",false,...WH_WRITE,real?,,true
GET,/api/warehouse/material-kits/:id/items,modules/wms/presentation/wms-barcode.controller.ts,162,getMaterialKitItems,wms,"JwtAuthGuard, RolesGuard",false,...WH_READ,real?,,true
GET,/api/warehouse/reports/abc-analysis,modules/wms/presentation/wms-catalog.controller.ts,37,getReportsAbcAnalysis,wms,"JwtAuthGuard, RolesGuard",false,...WH_READ,svc,catalogService.getAbcAnalysis,true
GET,/api/warehouse/reports/aging,modules/wms/presentation/wms-catalog.controller.ts,45,getReportsAging,wms,"JwtAuthGuard, RolesGuard",false,...WH_READ,svc,catalogService.getAging,true
GET,/api/warehouse/reports/expiry,modules/wms/presentation/wms-catalog.controller.ts,53,getReportsExpiry,wms,"JwtAuthGuard, RolesGuard",false,...WH_READ,svc,catalogService.getExpiry,true
GET,/api/warehouse/reports/stock-balance,modules/wms/presentation/wms-catalog.controller.ts,64,getReportsStockBalance,wms,"JwtAuthGuard, RolesGuard",false,...WH_READ,svc,catalogService.getStockBalance,true
GET,/api/warehouse/reports/turnover,modules/wms/presentation/wms-catalog.controller.ts,76,getReportsTurnover,wms,"JwtAuthGuard, RolesGuard",false,...WH_READ,svc,catalogService.getTurnover,true
GET,/api/warehouse/stats/total,modules/wms/presentation/wms-catalog.controller.ts,86,getStatsTotal,wms,"JwtAuthGuard, RolesGuard",false,...WH_READ,svc,catalogService.getStatsTotal,false
GET,/api/warehouse/dashboard,modules/wms/presentation/wms-catalog.controller.ts,96,getDashboard,wms,"JwtAuthGuard, RolesGuard",false,...WH_READ,svc,catalogService.getDashboardKpis,true
GET,/api/warehouse/dashboard/kpis,modules/wms/presentation/wms-catalog.controller.ts,104,getDashboardKpis,wms,"JwtAuthGuard, RolesGuard",false,...WH_READ,svc,catalogService.getDashboardKpis,true
GET,/api/warehouse/dashboard/movement-summary,modules/wms/presentation/wms-catalog.controller.ts,112,getDashboardMovementSummary,wms,"JwtAuthGuard, RolesGuard",false,...WH_READ,svc,catalogService.getMovementSummary,true
GET,/api/warehouse/dashboard/alerts,modules/wms/presentation/wms-catalog.controller.ts,120,getDashboardAlerts,wms,"JwtAuthGuard, RolesGuard",false,...WH_READ,svc,catalogService.getDashboardAlerts,true
GET,/api/warehouse/dashboard/top-materials,modules/wms/presentation/wms-catalog.controller.ts,128,getDashboardTopMaterials,wms,"JwtAuthGuard, RolesGuard",false,...WH_READ,svc,catalogService.getTopMaterials,true
GET,/api/warehouse/transactions,modules/wms/presentation/wms-catalog.controller.ts,141,getTransactions,wms,"JwtAuthGuard, RolesGuard",false,...WH_READ,real?,,false
GET,/api/warehouse/orders-by-date/:date,modules/wms/presentation/wms-catalog.controller.ts,154,getOrdersByDate,wms,"JwtAuthGuard, RolesGuard",false,...WH_READ,real?,,true
GET,/api/wms/inventory-counts,modules/wms/presentation/wms-counts.controller.ts,48,listInventoryCounts,wms,"RolesGuard",false,,svc,svc.listInventoryCounts,true
POST,/api/wms/inventory-counts,modules/wms/presentation/wms-counts.controller.ts,62,createInventoryCount,wms,"RolesGuard",false,,svc,svc.createInventoryCount,true
DELETE,/api/wms/inventory-counts/:id,modules/wms/presentation/wms-counts.controller.ts,73,deleteInventoryCount,wms,"RolesGuard",false,,svc,crudSvc.softDeleteInventoryCount,true
GET,/api/wms/internal-requests,modules/wms/presentation/wms-counts.controller.ts,85,listInternalRequests,wms,"RolesGuard",false,,svc,svc.listInternalRequests,true
POST,/api/wms/internal-requests,modules/wms/presentation/wms-counts.controller.ts,93,createInternalRequest,wms,"RolesGuard",false,...WMS_FLOOR_ROLES,svc,svc.createInternalRequest,true
PATCH,/api/wms/internal-requests/:id,modules/wms/presentation/wms-counts.controller.ts,107,updateInternalRequest,wms,"RolesGuard",false,,svc,svc.updateInternalRequest,true
GET,/api/wms/batches,modules/wms/presentation/wms-counts.controller.ts,121,listBatches,wms,"RolesGuard",false,,svc,svc.listBatches,false
GET,/api/wms/production-supply,modules/wms/presentation/wms-counts.controller.ts,128,getProductionSupply,wms,"RolesGuard",false,,svc,svc.getProductionSupply,false
POST,/api/wms/eoq/calculate,modules/wms/presentation/wms-eoq.controller.ts,46,calculateEoq,wms,"",false,,svc,svc.calculateWithTiers,false
POST,/api/wms/eoq/recalculate-all,modules/wms/presentation/wms-eoq.controller.ts,57,recalculateAll,wms,"",false,,svc,svc.enqueueRecalculation,false
GET,/api/wms/stats/total,modules/wms/presentation/wms-extended.controller.ts,56,getTotalStats,wms,"",false,,svc,svc.getTotalStats,true
GET,/api/wms/materials/:id/fifo-cost,modules/wms/presentation/wms-extended.controller.ts,64,getFifoCost,wms,"",false,,svc,svc.getFifoCost,false
GET,/api/wms/transactions,modules/wms/presentation/wms-extended.controller.ts,71,listTransactions,wms,"",false,,svc,svc.listTransactions,true
POST,/api/wms/transactions,modules/wms/presentation/wms-extended.controller.ts,88,createTransaction,wms,"RolesGuard",false,...WMS_WRITE_ROLES,svc,svc.createTransaction,true
GET,/api/wms/alerts,modules/wms/presentation/wms-extended.controller.ts,98,getAlerts,wms,"",false,,svc,svc.getAlerts,false
POST,/api/wms/check-alerts,modules/wms/presentation/wms-extended.controller.ts,106,checkAlerts,wms,"RolesGuard",false,...WMS_WRITE_ROLES,svc,svc.checkAlerts,true
GET,/api/wms/suggestions,modules/wms/presentation/wms-extended.controller.ts,116,getReplenishmentSuggestions,wms,"",false,,svc,svc.getReplenishmentSuggestions,true
GET,/api/wms/low-stock,modules/wms/presentation/wms-extended.controller.ts,123,getLowStock,wms,"",false,,svc,logger.log,true
POST,/api/wms/barcode/scan,modules/wms/presentation/wms-extended.controller.ts,132,scanBarcode,wms,"RolesGuard",false,...WMS_WRITE_ROLES,svc,logger.log,true
PATCH,/api/wms/transactions/:id,modules/wms/presentation/wms-extended.controller.ts,144,patchTransaction,wms,"RolesGuard",false,...WMS_WRITE_ROLES,svc,crudSvc.patchTransaction,true
DELETE,/api/wms/transactions/:id,modules/wms/presentation/wms-extended.controller.ts,158,deleteTransaction,wms,"RolesGuard",false,...WMS_WRITE_ROLES,svc,crudSvc.softDeleteTransaction,true
GET,/api/wms/movements,modules/wms/presentation/wms-extended.controller.ts,171,getMovements,wms,"",false,,svc,movementsSvc.findAll,false
GET,/api/warehouse/bins,modules/wms/presentation/wms-gateway-binszone.controller.ts,86,getBins,wms,"JwtAuthGuard, RolesGuard",false,...WH_READ,svc,logger.warn,true
POST,/api/warehouse/bins,modules/wms/presentation/wms-gateway-binszone.controller.ts,116,createBin,wms,"JwtAuthGuard, RolesGuard",false,...WH_WRITE,real?,,true
GET,/api/warehouse/bins/:id/360,modules/wms/presentation/wms-gateway-binszone.controller.ts,144,getBin360,wms,"JwtAuthGuard, RolesGuard",false,...WH_READ,real?,,true
GET,/api/warehouse/bins/:id,modules/wms/presentation/wms-gateway-binszone.controller.ts,163,getBinById,wms,"JwtAuthGuard, RolesGuard",false,...WH_READ,real?,,true
PATCH,/api/warehouse/bins/:id,modules/wms/presentation/wms-gateway-binszone.controller.ts,183,updateBin,wms,"JwtAuthGuard, RolesGuard",false,...WH_WRITE,real?,,true
DELETE,/api/warehouse/bins/:id,modules/wms/presentation/wms-gateway-binszone.controller.ts,204,deleteBin,wms,"JwtAuthGuard, RolesGuard",false,...WH_WRITE,real?,,true
GET,/api/warehouse/zones,modules/wms/presentation/wms-gateway-binszone.controller.ts,216,getZones,wms,"JwtAuthGuard, RolesGuard",false,...WH_READ,svc,logger.warn,false
POST,/api/warehouse/zones,modules/wms/presentation/wms-gateway-binszone.controller.ts,240,createZone,wms,"JwtAuthGuard, RolesGuard",false,...WH_WRITE,real?,,false
PATCH,/api/warehouse/zones/:id,modules/wms/presentation/wms-gateway-binszone.controller.ts,266,updateZone,wms,"JwtAuthGuard, RolesGuard",false,...WH_WRITE,real?,,false
DELETE,/api/warehouse/zones/:id,modules/wms/presentation/wms-gateway-binszone.controller.ts,288,deleteZone,wms,"JwtAuthGuard, RolesGuard",false,...WH_WRITE,real?,,false
GET,/api/warehouse/inventory-counts-stats,modules/wms/presentation/wms-gateway-inventory.controller.ts,64,getInventoryCountsStats,wms,"JwtAuthGuard, RolesGuard",false,...WH_READ,real?,,true
GET,/api/warehouse/inventory-counts,modules/wms/presentation/wms-gateway-inventory.controller.ts,88,getInventoryCounts,wms,"JwtAuthGuard, RolesGuard",false,...WH_READ,real?,,true
POST,/api/warehouse/inventory-counts,modules/wms/presentation/wms-gateway-inventory.controller.ts,121,createInventoryCount,wms,"JwtAuthGuard, RolesGuard",false,...WH_WRITE,real?,,true
GET,/api/warehouse/inventory-counts/lines/:lineId,modules/wms/presentation/wms-gateway-inventory.controller.ts,149,getInventoryCountLine,wms,"JwtAuthGuard, RolesGuard",false,...WH_READ,real?,,true
PATCH,/api/warehouse/inventory-counts/lines/:lineId,modules/wms/presentation/wms-gateway-inventory.controller.ts,158,updateInventoryCountLine,wms,"JwtAuthGuard, RolesGuard",false,...WH_WRITE,real?,,true
GET,/api/warehouse/inventory-counts/:id,modules/wms/presentation/wms-gateway-inventory.controller.ts,181,getInventoryCountById,wms,"JwtAuthGuard, RolesGuard",false,...WH_READ,real?,,true
PATCH,/api/warehouse/inventory-counts/:id,modules/wms/presentation/wms-gateway-inventory.controller.ts,198,updateInventoryCount,wms,"JwtAuthGuard, RolesGuard",false,...WH_WRITE,real?,,true
PATCH,/api/warehouse/inventory-counts/:id/status,modules/wms/presentation/wms-gateway-inventory.controller.ts,221,updateInventoryCountStatus,wms,"JwtAuthGuard, RolesGuard",false,...WH_WRITE,real?,,true
POST,/api/warehouse/inventory-counts/:id/generate-lines,modules/wms/presentation/wms-gateway-inventory.controller.ts,245,generateInventoryCountLines,wms,"JwtAuthGuard, RolesGuard",false,...WH_WRITE,real?,,true
GET,/api/warehouse/warehouses/:id/zones,modules/wms/presentation/wms-gateway-warehouse-lots.controller.ts,60,getWarehouseZones,wms,"JwtAuthGuard, RolesGuard",false,...WH_READ,svc,logger.warn,true
GET,/api/warehouse/warehouses/:id/bins,modules/wms/presentation/wms-gateway-warehouse-lots.controller.ts,82,getWarehouseBins,wms,"JwtAuthGuard, RolesGuard",false,...WH_READ,svc,logger.warn,true
GET,/api/warehouse/warehouses/:id/lots,modules/wms/presentation/wms-gateway-warehouse-lots.controller.ts,108,getWarehouseLots,wms,"JwtAuthGuard, RolesGuard",false,...WH_READ,real?,,true
POST,/api/warehouse/warehouses/:id/lots,modules/wms/presentation/wms-gateway-warehouse-lots.controller.ts,149,createLot,wms,"JwtAuthGuard, RolesGuard",false,...WH_WRITE,real?,,true
PATCH,/api/warehouse/warehouses/:id/lots/:lotId,modules/wms/presentation/wms-gateway-warehouse-lots.controller.ts,180,updateLotStatus,wms,"JwtAuthGuard, RolesGuard",false,...WH_WRITE,real?,,true
GET,/api/warehouse/warehouses/stats/total,modules/wms/presentation/wms-gateway-warehouses.controller.ts,64,getWarehousesTotalStats,wms,"JwtAuthGuard, RolesGuard",false,...WH_READ,real?,,true
GET,/api/warehouse/warehouses,modules/wms/presentation/wms-gateway-warehouses.controller.ts,88,getWarehouses,wms,"JwtAuthGuard, RolesGuard",false,...WH_READ,real?,,true
POST,/api/warehouse/warehouses,modules/wms/presentation/wms-gateway-warehouses.controller.ts,123,createWarehouse,wms,"JwtAuthGuard, RolesGuard",false,...WH_WRITE,real?,,true
GET,/api/warehouse/warehouses/:id/stock,modules/wms/presentation/wms-gateway-warehouses.controller.ts,152,getWarehouseStock,wms,"JwtAuthGuard, RolesGuard",false,...WH_READ,'pos_operator','employee','manager','admin',real?,,true
GET,/api/warehouse/warehouses/:id/stats,modules/wms/presentation/wms-gateway-warehouses.controller.ts,199,getWarehouseStats,wms,"JwtAuthGuard, RolesGuard",false,...WH_READ,real?,,true
GET,/api/warehouse/warehouses/:id,modules/wms/presentation/wms-gateway-warehouses.controller.ts,234,getWarehouseById,wms,"JwtAuthGuard, RolesGuard",false,...WH_READ,real?,,true
PATCH,/api/warehouse/warehouses/:id,modules/wms/presentation/wms-gateway-warehouses.controller.ts,248,updateWarehouse,wms,"JwtAuthGuard, RolesGuard",false,...WH_WRITE,real?,,true
DELETE,/api/warehouse/warehouses/:id,modules/wms/presentation/wms-gateway-warehouses.controller.ts,274,deleteWarehouse,wms,"JwtAuthGuard, RolesGuard",false,...WH_WRITE,real?,,true
POST,/api/wms/goods-issue,modules/wms/presentation/wms-goods-issue.controller.ts,46,issueGoods,wms,"RolesGuard",false,Role.WAREHOUSE_KEEPER,Role.SUPER_ADMIN,Role.DIRECTOR,svc,commandBus.execute,true
PATCH,/api/wms/goods-issue/:id,modules/wms/presentation/wms-goods-issue.controller.ts,70,patchGoodsIssue,wms,"RolesGuard",false,Role.WAREHOUSE_KEEPER,Role.SUPER_ADMIN,Role.DIRECTOR,svc,crudSvc.patchGoodsIssue,true
DELETE,/api/wms/goods-issue/:id,modules/wms/presentation/wms-goods-issue.controller.ts,83,deleteGoodsIssue,wms,"RolesGuard",false,Role.WAREHOUSE_KEEPER,Role.SUPER_ADMIN,Role.DIRECTOR,svc,crudSvc.softDeleteGoodsIssue,true
POST,/api/warehouse/warehouses/:id/sync-pos,modules/wms/presentation/wms-integration.controller.ts,62,syncToPos,wms,"JwtAuthGuard, RolesGuard",false,...WH_WRITE,'pos_operator',stub/dead,i18n.t,true
GET,/api/warehouse/integration/mm/pending-deliveries,modules/wms/presentation/wms-integration.controller.ts,83,getIntegrationMmPendingDeliveries,wms,"JwtAuthGuard, RolesGuard",false,,stub/dead,,false
GET,/api/warehouse/integration/mm/reorder-suggestions,modules/wms/presentation/wms-integration.controller.ts,90,getIntegrationMmReorderSuggestions,wms,"JwtAuthGuard, RolesGuard",false,,stub/dead,,false
GET,/api/warehouse/integration/fi/stock-valuation,modules/wms/presentation/wms-integration.controller.ts,97,getIntegrationFiStockValuation,wms,"JwtAuthGuard, RolesGuard",false,,stub/dead,,false
GET,/api/warehouse/integration/summary,modules/wms/presentation/wms-integration.controller.ts,104,getIntegrationSummary,wms,"JwtAuthGuard, RolesGuard",false,,stub/dead,,false
GET,/api/warehouse/integration,modules/wms/presentation/wms-integration.controller.ts,111,getIntegration,wms,"JwtAuthGuard, RolesGuard",false,,stub/dead,,false
POST,/api/warehouse/integration,modules/wms/presentation/wms-integration.controller.ts,118,createIntegration,wms,"JwtAuthGuard, RolesGuard",false,,stub/dead,,false
GET,/api/wms/inventory,modules/wms/presentation/wms-inventory.controller.ts,53,getAll,wms,"RolesGuard",false,Role.SUPER_ADMIN,Role.WAREHOUSE_MANAGER,Role.WAREHOUSE_KEEPER,svc,logger.log,true
GET,/api/wms/inventory/low-stock,modules/wms/presentation/wms-inventory.controller.ts,66,getLowStock,wms,"RolesGuard",false,Role.SUPER_ADMIN,Role.WAREHOUSE_MANAGER,svc,logger.log,false
GET,/api/wms/inventory/:id,modules/wms/presentation/wms-inventory.controller.ts,77,getById,wms,"RolesGuard",false,Role.SUPER_ADMIN,Role.WAREHOUSE_MANAGER,Role.WAREHOUSE_KEEPER,svc,logger.log,true
PATCH,/api/wms/inventory/:id,modules/wms/presentation/wms-inventory.controller.ts,91,patchInventory,wms,"RolesGuard",false,Role.SUPER_ADMIN,Role.WAREHOUSE_MANAGER,svc,crudSvc.patchInventory,true
DELETE,/api/wms/inventory/:id,modules/wms/presentation/wms-inventory.controller.ts,104,deleteInventory,wms,"RolesGuard",false,Role.SUPER_ADMIN,Role.WAREHOUSE_MANAGER,svc,crudSvc.softDeleteInventory,true
POST,/api/wms/rental/receive,modules/wms/presentation/wms-rental.controller.ts,46,receiveFg,wms,"RolesGuard",false,Role.WAREHOUSE_KEEPER,Role.SUPER_ADMIN,Role.DIRECTOR,svc,commandBus.execute,true
PATCH,/api/wms/rental/:id,modules/wms/presentation/wms-rental.controller.ts,77,patchRental,wms,"RolesGuard",false,Role.WAREHOUSE_KEEPER,Role.SUPER_ADMIN,Role.DIRECTOR,svc,commandBus.execute,true
DELETE,/api/wms/rental/:id,modules/wms/presentation/wms-rental.controller.ts,92,deleteRental,wms,"RolesGuard",false,Role.WAREHOUSE_KEEPER,Role.SUPER_ADMIN,Role.DIRECTOR,svc,commandBus.execute,true
GET,/api/wms/stock,modules/wms/presentation/wms-stock.controller.ts,53,listStock,wms,"JwtAuthGuard, RolesGuard",false,Role.WAREHOUSE_KEEPER,Role.SUPER_ADMIN,Role.DIRECTOR,svc,queryBus.execute,true
GET,/api/wms/stock/:id,modules/wms/presentation/wms-stock.controller.ts,65,getStock,wms,"JwtAuthGuard, RolesGuard",false,Role.WAREHOUSE_KEEPER,Role.SUPER_ADMIN,Role.DIRECTOR,svc,logger.log,true
GET,/api/wms/stock/fefo/:materialId/:warehouseId,modules/wms/presentation/wms-stock.controller.ts,77,getFefoStock,wms,"JwtAuthGuard, RolesGuard",false,Role.WAREHOUSE_KEEPER,Role.SUPER_ADMIN,Role.DIRECTOR,svc,queryBus.execute,true
POST,/api/wms/stock/reserve,modules/wms/presentation/wms-stock.controller.ts,91,reserveStock,wms,"JwtAuthGuard, RolesGuard",false,Role.WAREHOUSE_KEEPER,Role.SUPER_ADMIN,Role.DIRECTOR,svc,i18n.t,true
PATCH,/api/wms/stock/:id,modules/wms/presentation/wms-stock.controller.ts,112,patchStock,wms,"JwtAuthGuard, RolesGuard",false,Role.WAREHOUSE_KEEPER,Role.SUPER_ADMIN,Role.DIRECTOR,svc,crudSvc.patchStock,true
DELETE,/api/wms/stock/:id,modules/wms/presentation/wms-stock.controller.ts,125,deleteStock,wms,"JwtAuthGuard, RolesGuard",false,Role.WAREHOUSE_KEEPER,Role.SUPER_ADMIN,Role.DIRECTOR,svc,crudSvc.softDeleteStock,true
POST,/api/warehouse/transfers,modules/wms/presentation/wms-warehouse-gateway.controller.ts,72,createTransfer,wms,"JwtAuthGuard, RolesGuard",false,...WH_WRITE,svc,logger.log,true
GET,/api/warehouse/transfers/:id,modules/wms/presentation/wms-warehouse-gateway.controller.ts,88,getTransferById,wms,"JwtAuthGuard, RolesGuard",false,...WH_READ,real?,,true
PATCH,/api/warehouse/transfers/:id/status,modules/wms/presentation/wms-warehouse-gateway.controller.ts,97,updateTransferStatus,wms,"JwtAuthGuard, RolesGuard",false,...WH_WRITE,real?,,true
POST,/api/warehouse/internal-requests,modules/wms/presentation/wms-warehouse-gateway.controller.ts,120,createInternalRequest,wms,"JwtAuthGuard, RolesGuard",false,...WH_WRITE,svc,logger.log,true
GET,/api/warehouse/goods-receipts/stats,modules/wms/presentation/wms-warehouse-gateway.controller.ts,137,getGoodsReceiptStats,wms,"JwtAuthGuard, RolesGuard",false,...WH_READ,svc,svc.getGoodsReceiptStats,true
GET,/api/warehouse/goods-receipts,modules/wms/presentation/wms-warehouse-gateway.controller.ts,145,getGoodsReceipts,wms,"JwtAuthGuard, RolesGuard",false,...WH_READ,svc,svc.getGoodsReceipts,true
POST,/api/warehouse/goods-receipts,modules/wms/presentation/wms-warehouse-gateway.controller.ts,156,createGoodsReceipt,wms,"JwtAuthGuard, RolesGuard",false,...WH_WRITE,svc,svc.createGoodsReceipt,true
GET,/api/warehouse/goods-receipts/:id/lines,modules/wms/presentation/wms-warehouse-gateway.controller.ts,171,getGoodsReceiptLines,wms,"JwtAuthGuard, RolesGuard",false,...WH_READ,svc,svc.getGoodsReceiptLines,true
POST,/api/warehouse/goods-receipts/lines/:id/qc,modules/wms/presentation/wms-warehouse-gateway.controller.ts,180,qcLine,wms,"JwtAuthGuard, RolesGuard",false,...WH_WRITE,svc,svc.qcLine,true
PATCH,/api/warehouse/goods-receipts/lines/:id/qc,modules/wms/presentation/wms-warehouse-gateway.controller.ts,194,patchQcLine,wms,"JwtAuthGuard, RolesGuard",false,...WH_WRITE,svc,svc.qcLine,true
POST,/api/warehouse/goods-receipts/:id/lines,modules/wms/presentation/wms-warehouse-gateway.controller.ts,208,addGoodsReceiptLine,wms,"JwtAuthGuard, RolesGuard",false,...WH_WRITE,svc,svc.addGoodsReceiptLine,true
POST,/api/warehouse/goods-receipts/:id/complete,modules/wms/presentation/wms-warehouse-gateway.controller.ts,221,completeGoodsReceipt,wms,"JwtAuthGuard, RolesGuard",false,...WH_WRITE,svc,svc.completeGoodsReceipt,true
GET,/api/wms/warehouses,modules/wms/presentation/wms-warehouses.controller.ts,50,getAll,wms,"JwtAuthGuard, RolesGuard",false,Role.SUPER_ADMIN,Role.WAREHOUSE_MANAGER,svc,logger.log,true
GET,/api/wms/warehouses/:id,modules/wms/presentation/wms-warehouses.controller.ts,62,getById,wms,"JwtAuthGuard, RolesGuard",false,Role.SUPER_ADMIN,Role.WAREHOUSE_MANAGER,svc,logger.log,true
POST,/api/wms/warehouses,modules/wms/presentation/wms-warehouses.controller.ts,77,create,wms,"JwtAuthGuard, RolesGuard",false,Role.SUPER_ADMIN,Role.WAREHOUSE_MANAGER,svc,logger.log,true
PATCH,/api/wms/warehouses/:id/toggle-active,modules/wms/presentation/wms-warehouses.controller.ts,105,toggleActive,wms,"JwtAuthGuard, RolesGuard",false,Role.SUPER_ADMIN,svc,logger.log,true
GET,/api/wms/warehouses/:id/inventory,modules/wms/presentation/wms-warehouses.controller.ts,127,getInventory,wms,"JwtAuthGuard, RolesGuard",false,Role.SUPER_ADMIN,Role.WAREHOUSE_MANAGER,svc,logger.log,true
DELETE,/api/wms/warehouses/:id,modules/wms/presentation/wms-warehouses.controller.ts,153,deleteWarehouse,wms,"JwtAuthGuard, RolesGuard",false,Role.SUPER_ADMIN,svc,crudSvc.softDeleteWarehouse,true
